tract,metric,feature,pipeline_01_direction,pipeline_02_direction,pipeline_03_direction,same_direction_all_pipelines,pipeline_01_g,pipeline_02_g,pipeline_03_g,mean_abs_g,min_abs_g,max_abs_g,range_abs_g,sd_abs_g
CC_2,AD,mean,AD_greater_CN,AD_greater_CN,AD_greater_CN,True,0.7262825743246639,0.5961658584990949,0.6543628046974721,0.6589370791737436,0.5961658584990949,0.7262825743246639,0.13011671582556905,0.0651788533540302
CC_2,AD,proximal_mean,AD_greater_CN,AD_greater_CN,AD_greater_CN,True,0.22100123902625043,0.1565721897758197,0.2505012248807162,0.20935821789426212,0.1565721897758197,0.2505012248807162,0.0939290351048965,0.04803473602242615
CC_2,FA,mean,AD_lower_CN,AD_lower_CN,AD_lower_CN,True,-0.39421571121799864,-0.32607975856314475,-0.3625572641679024,0.36095091131634865,0.32607975856314475,0.39421571121799864,0.06813595265485389,0.03409636766810937
CC_2,FA,proximal_mean,AD_lower_CN,AD_lower_CN,AD_lower_CN,True,-0.36720125792379893,-0.36556303449313965,-0.4221555686955377,0.3849732870374922,0.36556303449313965,0.4221555686955377,0.05659253420239807,0.032211216927894346
CC_2,MD,mean,AD_greater_CN,AD_greater_CN,AD_greater_CN,True,0.619979911748713,0.48548486943454733,0.5316638922710508,0.5457095578181037,0.48548486943454733,0.619979911748713,0.1344950423141657,0.06833878578279728
CC_2,MD,proximal_mean,AD_greater_CN,AD_greater_CN,AD_greater_CN,True,0.2875521809021367,0.2343646198350225,0.3231732166383297,0.28169667245849633,0.2343646198350225,0.3231732166383297,0.08880859680330722,0.04469291835283589
CC_2,RD,mean,AD_greater_CN,AD_greater_CN,AD_greater_CN,True,0.5413724408909106,0.42256140413236765,0.4621763551000286,0.47537006670776893,0.42256140413236765,0.5413724408909106,0.11881103675854299,0.06049438927207325
CC_2,RD,proximal_mean,AD_greater_CN,AD_greater_CN,AD_greater_CN,True,0.3028156887676007,0.26224387327555443,0.34369530270455234,0.30291828824923583,0.26224387327555443,0.34369530270455234,0.08145142942899791,0.0407258116431948
CC_7,AD,mean,AD_lower_CN,AD_greater_CN,AD_greater_CN,False,-0.11862521897641967,0.13699657304411064,0.015841768507067266,0.09048785350919919,0.015841768507067266,0.13699657304411064,0.12115480453704337,0.06529475604655588
CC_7,AD,proximal_mean,AD_greater_CN,AD_greater_CN,AD_greater_CN,True,0.2810457428013145,0.4809165941270869,0.23766324404611094,0.3332085269915041,0.23766324404611094,0.4809165941270869,0.24325335008097598,0.12974500037480707
CC_7,FA,mean,AD_greater_CN,AD_greater_CN,AD_greater_CN,True,0.302035237126468,0.49589762309564406,0.264379953984853,0.3541042714023217,0.264379953984853,0.49589762309564406,0.23151766911079108,0.12423162248573612
CC_7,FA,proximal_mean,AD_greater_CN,AD_greater_CN,AD_greater_CN,True,0.6432920151222121,0.9043495889309616,0.8504399877606773,0.7993605306046171,0.6432920151222121,0.9043495889309616,0.2610575738087495,0.13782088890384514
CC_7,MD,mean,AD_lower_CN,AD_lower_CN,AD_lower_CN,True,-0.20322245051175852,-0.10384714056017297,-0.07745665429806779,0.1281754151233331,0.07745665429806779,0.20322245051175852,0.12576579621369072,0.06631860660275722
CC_7,MD,proximal_mean,AD_lower_CN,AD_lower_CN,AD_lower_CN,True,-0.08720039240580497,-0.28781534123247793,-0.2181082552543847,0.19770799629755587,0.08720039240580497,0.28781534123247793,0.20061494882667297,0.10185144744828818
CC_7,RD,mean,AD_lower_CN,AD_lower_CN,AD_lower_CN,True,-0.23571700216683386,-0.21186888370184942,-0.12640081586166924,0.1913289005767842,0.12640081586166924,0.23571700216683386,0.10931618630516463,0.05747978189902811
CC_7,RD,proximal_mean,AD_lower_CN,AD_lower_CN,AD_lower_CN,True,-0.3830405553574957,-0.6729563719755057,-0.5271461278186387,0.5277143517172134,0.3830405553574957,0.6729563719755057,0.28991581661801,0.14495874357940983
CG_left,AD,mean,AD_lower_CN,AD_lower_CN,AD_lower_CN,True,-0.43574412660690914,-0.5677469262773759,-0.3638493437062879,0.4557801321968577,0.3638493437062879,0.5677469262773759,0.20389758257108798,0.10341487893230715
CG_left,AD,proximal_mean,AD_lower_CN,AD_lower_CN,AD_lower_CN,True,-0.4380346059776307,-0.46872611995099084,-0.6158920112650511,0.5075509123978909,0.4380346059776307,0.6158920112650511,0.1778574052874204,0.09507280123832514
CG_left,FA,mean,AD_lower_CN,AD_lower_CN,AD_lower_CN,True,-0.6227363894781952,-0.9034493539843983,-0.7014341589069046,0.7425399674564993,0.6227363894781952,0.9034493539843983,0.2807129645062031,0.14480057918686706
CG_left,FA,proximal_mean,AD_lower_CN,AD_lower_CN,AD_lower_CN,True,-0.40876265511773036,-0.6623759198636945,-0.8047819869864717,0.6253068539892989,0.40876265511773036,0.8047819869864717,0.3960193318687414,0.20059515083132318
CG_left,MD,mean,AD_greater_CN,AD_greater_CN,AD_greater_CN,True,0.13437860316729178,0.19218185409551117,0.26957914898625346,0.1987132020830188,0.13437860316729178,0.26957914898625346,0.13520054581896168,0.0678365003323191
CG_left,MD,proximal_mean,AD_lower_CN,AD_greater_CN,AD_greater_CN,False,-0.024134563664990373,0.07447374857619617,0.18396923558413503,0.09419251594177386,0.024134563664990373,0.18396923558413503,0.15983467191914466,0.08172149611141784
CG_left,RD,mean,AD_greater_CN,AD_greater_CN,AD_greater_CN,True,0.49492157290025107,0.6724827586905894,0.6050502311441883,0.5908181875783429,0.49492157290025107,0.6724827586905894,0.1775611857903383,0.08963206442374766
CG_left,RD,proximal_mean,AD_greater_CN,AD_greater_CN,AD_greater_CN,True,0.23015147324210403,0.4120182341845946,0.5552244949742101,0.3991314008003029,0.23015147324210403,0.5552244949742101,0.32507302173210606,0.16291921378559512
CG_right,AD,mean,AD_lower_CN,AD_lower_CN,AD_lower_CN,True,-0.3765158968201946,-0.3987999919594855,-0.2860323728934444,0.35378275389104147,0.2860323728934444,0.3987999919594855,0.1127676190660411,0.059722113308505055
CG_right,AD,proximal_mean,AD_lower_CN,AD_lower_CN,AD_lower_CN,True,-0.6189167296614515,-0.38634861634861245,-0.399389107560861,0.46821815119030835,0.38634861634861245,0.6189167296614515,0.23256811331283905,0.13067157214819777
CG_right,FA,mean,AD_lower_CN,AD_lower_CN,AD_lower_CN,True,-0.7334927278836518,-0.8563271838011761,-0.5524238786053665,0.7140812634300647,0.5524238786053665,0.8563271838011761,0.30390330519580966,0.15287873770217036
CG_right,FA,proximal_mean,AD_lower_CN,AD_lower_CN,AD_lower_CN,True,-1.0008308428102963,-0.7421466637383004,-0.6114997559852283,0.7848257541779416,0.6114997559852283,1.0008308428102963,0.389331086825068,0.19814338838998255
CG_right,MD,mean,AD_greater_CN,AD_greater_CN,AD_greater_CN,True,0.2642487020120905,0.23731906561855523,0.28300359020265026,0.261523785944432,0.23731906561855523,0.28300359020265026,0.045684524584095026,0.02296383727299367
CG_right,MD,proximal_mean,AD_greater_CN,AD_greater_CN,AD_greater_CN,True,0.21710415859861767,0.18723626640786473,0.1771734580241252,0.19383796101020254,0.1771734580241252,0.21710415859861767,0.03993070057449247,0.020767811411156096
CG_right,RD,mean,AD_greater_CN,AD_greater_CN,AD_greater_CN,True,0.6867660092862424,0.6754164104218062,0.5532016065696341,0.6384613420925609,0.5532016065696341,0.6867660092862424,0.1335644027166083,0.07405484605800941
CG_right,RD,proximal_mean,AD_greater_CN,AD_greater_CN,AD_greater_CN,True,0.7083490216949145,0.5337452066716485,0.4922611895273115,0.5781184726312915,0.4922611895273115,0.7083490216949145,0.21608783216760302,0.11467444288797506
IFO_left,AD,mean,AD_lower_CN,AD_greater_CN,AD_greater_CN,False,-0.19262361261697156,0.008236273167517731,0.02444805021190319,0.07510264533213083,0.008236273167517731,0.19262361261697156,0.18438733944945382,0.1020984267381612
IFO_left,AD,proximal_mean,AD_greater_CN,AD_greater_CN,AD_greater_CN,True,0.16913712816209545,0.3610717399880355,0.24175207231967663,0.25732031348993584,0.16913712816209545,0.3610717399880355,0.19193461182594004,0.09690975907536395
IFO_left,FA,mean,AD_lower_CN,AD_lower_CN,AD_lower_CN,True,-0.32664546648950865,-0.35554750424925846,-0.38529671926008163,0.3558298966662829,0.32664546648950865,0.38529671926008163,0.05865125277057298,0.02932664610891102
IFO_left,FA,proximal_mean,AD_lower_CN,AD_lower_CN,AD_lower_CN,True,-0.9141592651803198,-0.7226062574128322,-0.7144930302520512,0.783752850948401,0.7144930302520512,0.9141592651803198,0.19966623492826852,0.11300810045461644
IFO_left,MD,mean,AD_greater_CN,AD_greater_CN,AD_greater_CN,True,0.00775155846801517,0.19407954827659057,0.209891264826734,0.1372407905237799,0.00775155846801517,0.209891264826734,0.20213970635871883,0.11241929776003447
IFO_left,MD,proximal_mean,AD_greater_CN,AD_greater_CN,AD_greater_CN,True,0.732758571487266,0.7716860529041749,0.6660792348777361,0.7235079530897256,0.6660792348777361,0.7716860529041749,0.10560681802643879,0.0534076816475872
IFO_left,RD,mean,AD_greater_CN,AD_greater_CN,AD_greater_CN,True,0.10900069461112322,0.2820057402868335,0.29403900305556246,0.22834847931783972,0.10900069461112322,0.29403900305556246,0.18503830844443925,0.10353318375774931
IFO_left,RD,proximal_mean,AD_greater_CN,AD_greater_CN,AD_greater_CN,True,0.9016278825260702,0.8215617613206765,0.7758422845777213,0.833010642808156,0.7758422845777213,0.9016278825260702,0.12578559794834887,0.06366955181475428
IFO_right,AD,mean,AD_lower_CN,AD_lower_CN,AD_lower_CN,True,-0.05441074144206375,-0.0615369318486757,-0.024536695624879864,0.04682812297187311,0.024536695624879864,0.0615369318486757,0.037000236223795835,0.019631007292101203
IFO_right,AD,proximal_mean,AD_lower_CN,AD_greater_CN,AD_greater_CN,False,-0.10753719598043153,0.1762287982725034,0.28513904489507186,0.1896350130493356,0.10753719598043153,0.28513904489507186,0.17760184891464031,0.08955668110451949
IFO_right,FA,mean,AD_lower_CN,AD_greater_CN,AD_lower_CN,False,-0.04612436938115229,0.10342155002956485,-0.00819137262530385,0.05257909734534033,0.00819137262530385,0.10342155002956485,0.095230177404261,0.04794209326813452
IFO_right,FA,proximal_mean,AD_lower_CN,AD_lower_CN,AD_lower_CN,True,-0.7468250972104188,-0.5546439184168866,-0.46193001414369017,0.5877996765903318,0.46193001414369017,0.7468250972104188,0.2848950830667286,0.14531269839192146
IFO_right,MD,mean,AD_lower_CN,AD_lower_CN,AD_greater_CN,False,-0.025864005627567067,-0.06607232161808119,0.0002914035920700103,0.030742576945906087,0.0002914035920700103,0.06607232161808119,0.06578091802601117,0.03316070924554073
IFO_right,MD,proximal_mean,AD_greater_CN,AD_greater_CN,AD_greater_CN,True,0.4194065133013704,0.4009890827980716,0.41285682559055464,0.41108414056333226,0.4009890827980716,0.4194065133013704,0.018417430503298804,0.00933580450417982
IFO_right,RD,mean,AD_lower_CN,AD_lower_CN,AD_greater_CN,False,-0.010398625790773138,-0.06573314057607271,0.012633360739221045,0.029588375702022298,0.010398625790773138,0.06573314057607271,0.05533451478529958,0.031322221040704396
IFO_right,RD,proximal_mean,AD_greater_CN,AD_greater_CN,AD_greater_CN,True,0.5916000575725462,0.4920309017715969,0.4476771897085399,0.5104360496842276,0.4476771897085399,0.5916000575725462,0.14392286786400627,0.07370556339798519
ILF_left,AD,mean,AD_greater_CN,AD_greater_CN,AD_greater_CN,True,0.7164219292365788,0.5594541091337655,0.7069156150279874,0.6609305511327772,0.5594541091337655,0.7164219292365788,0.1569678201028133,0.08800962284342667
ILF_left,AD,proximal_mean,AD_greater_CN,AD_greater_CN,AD_greater_CN,True,0.31012071032779304,0.15666043350591635,0.31197605534288764,0.2595857330588657,0.15666043350591635,0.31197605534288764,0.15531562183697128,0.089140751300006
ILF_left,FA,mean,AD_lower_CN,AD_lower_CN,AD_lower_CN,True,-0.36420746592268605,-0.5242332036654255,-0.5568506863496578,0.4817637853125898,0.36420746592268605,0.5568506863496578,0.1926432204269718,0.10310475845245864
ILF_left,FA,proximal_mean,AD_lower_CN,AD_lower_CN,AD_lower_CN,True,-0.6472541773302367,-0.6969263793687693,-0.8583055652016702,0.7341620406335588,0.6472541773302367,0.8583055652016702,0.21105138787143352,0.11034284269033572
ILF_left,MD,mean,AD_greater_CN,AD_greater_CN,AD_greater_CN,True,0.7792912245838056,0.6817427777832467,0.7869533006935028,0.749329101020185,0.6817427777832467,0.7869533006935028,0.10521052291025612,0.05865671461217065
ILF_left,MD,proximal_mean,AD_greater_CN,AD_greater_CN,AD_greater_CN,True,0.795082913673762,0.6821876924713923,0.8551641203408831,0.7774782421620126,0.6821876924713923,0.8551641203408831,0.17297642786949075,0.08782171994387117
ILF_left,RD,mean,AD_greater_CN,AD_greater_CN,AD_greater_CN,True,0.7886972125503681,0.7263490514096732,0.8012863235403078,0.7721108625001163,0.7263490514096732,0.8012863235403078,0.07493727213063461,0.04012765809996031
ILF_left,RD,proximal_mean,AD_greater_CN,AD_greater_CN,AD_greater_CN,True,0.8872837909392447,0.7801100487090895,0.9493794856644828,0.8722577751042723,0.7801100487090895,0.9493794856644828,0.16926943695539332,0.0856292674014183
ILF_right,AD,mean,AD_greater_CN,AD_greater_CN,AD_greater_CN,True,0.6500370734106738,0.31740057156686435,0.5401379699394907,0.502525204972343,0.31740057156686435,0.6500370734106738,0.3326365018438095,0.16947802410954965
ILF_right,AD,proximal_mean,AD_greater_CN,AD_greater_CN,AD_greater_CN,True,0.3724034507716759,0.16073783850966997,0.22380743823706936,0.25231624250613843,0.16073783850966997,0.3724034507716759,0.21166561226200595,0.1086744992820373
ILF_right,FA,mean,AD_greater_CN,AD_greater_CN,AD_greater_CN,True,0.39404087024294293,0.4335758496300846,0.26937686856234205,0.36566452947845657,0.26937686856234205,0.4335758496300846,0.16419898106774256,0.08569853489008962
ILF_right,FA,proximal_mean,AD_greater_CN,AD_greater_CN,AD_greater_CN,True,0.1215537865615899,0.29904323698468266,0.08370186341843484,0.1680996289882358,0.08370186341843484,0.29904323698468266,0.21534137356624783,0.11496896702047117
ILF_right,MD,mean,AD_greater_CN,AD_greater_CN,AD_greater_CN,True,0.412103791574239,0.13964594369659133,0.35837680778705805,0.30337551435262944,0.13964594369659133,0.412103791574239,0.27245784787764765,0.14431623757264786
ILF_right,MD,proximal_mean,AD_greater_CN,AD_greater_CN,AD_greater_CN,True,0.3786134694131573,0.030601665372238383,0.20721133036647574,0.20547548838395716,0.030601665372238383,0.3786134694131573,0.3480118040409189,0.17401239553116596
ILF_right,RD,mean,AD_greater_CN,AD_greater_CN,AD_greater_CN,True,0.23919485393220005,0.013267498597685001,0.20786758317391155,0.1534433119012655,0.013267498597685001,0.23919485393220005,0.22592735533451505,0.12240217910552482
ILF_right,RD,proximal_mean,AD_greater_CN,AD_lower_CN,AD_greater_CN,False,0.3047827303544091,-0.05512434917676557,0.16166031360453276,0.1738557977119025,0.05512434917676557,0.3047827303544091,0.24965838117764355,0.125275193863431
UF_left,AD,mean,AD_greater_CN,AD_greater_CN,AD_greater_CN,True,0.23422407525455827,0.3444109487162644,0.2999151940945771,0.2928500726884666,0.23422407525455827,0.3444109487162644,0.11018687346170611,0.05543215426247495
UF_left,AD,proximal_mean,AD_lower_CN,AD_greater_CN,AD_greater_CN,False,-0.15064513543260907,0.3112631783495351,0.45807557366549273,0.306661295815879,0.15064513543260907,0.45807557366549273,0.30743043823288363,0.15376687413144582
UF_left,FA,mean,AD_lower_CN,AD_lower_CN,AD_lower_CN,True,-0.9872158555375224,-0.823422190210935,-0.9335520272697441,0.9147300243394004,0.823422190210935,0.9872158555375224,0.16379366532658746,0.0835032457214205
UF_left,FA,proximal_mean,AD_lower_CN,AD_lower_CN,AD_lower_CN,True,-0.978575498697165,-0.612771758709461,-0.416194183825564,0.6691804804107301,0.416194183825564,0.978575498697165,0.562381314871601,0.2854025993962846
UF_left,MD,mean,AD_greater_CN,AD_greater_CN,AD_greater_CN,True,0.7770664210987812,0.7729596654008596,0.7722079315853128,0.7740780060283178,0.7722079315853128,0.7770664210987812,0.004858489513468456,0.002615194908106956
UF_left,MD,proximal_mean,AD_greater_CN,AD_greater_CN,AD_greater_CN,True,0.594506860409555,0.633366004498115,0.5655558091680531,0.597809558025241,0.5655558091680531,0.633366004498115,0.06781019533006183,0.0340255272748385
UF_left,RD,mean,AD_greater_CN,AD_greater_CN,AD_greater_CN,True,0.9295385737652295,0.8550971405993264,0.8969504883256372,0.8938620675633976,0.8550971405993264,0.9295385737652295,0.07444143316590313,0.037316691976270876
UF_left,RD,proximal_mean,AD_greater_CN,AD_greater_CN,AD_greater_CN,True,0.8589144941368381,0.7012267390739358,0.5525150180803758,0.7042187504303833,0.5525150180803758,0.8589144941368381,0.3063994760564622,0.1532216493544123
UF_right,AD,mean,AD_greater_CN,AD_greater_CN,AD_greater_CN,True,0.30262498013657324,0.5181254935901403,0.5696387436691508,0.4634630724652881,0.30262498013657324,0.5696387436691508,0.26701376353257755,0.14165123610961122
UF_right,AD,proximal_mean,AD_greater_CN,AD_greater_CN,AD_greater_CN,True,0.5205958674486416,0.14585426872239388,0.3117998616876665,0.32608333261956735,0.14585426872239388,0.5205958674486416,0.37474159872624774,0.1877786718729602
UF_right,FA,mean,AD_lower_CN,AD_lower_CN,AD_lower_CN,True,-0.9336458652976419,-0.8537405305369883,-1.0582010910002468,0.9485291622782923,0.8537405305369883,1.0582010910002468,0.20446056046325856,0.10303962632404162
UF_right,FA,proximal_mean,AD_lower_CN,AD_lower_CN,AD_lower_CN,True,-1.3436797754963083,-1.3087036633519513,-1.4460015513993447,1.3661283300825346,1.3087036633519513,1.4460015513993447,0.1372978880473934,0.07134865603378059
UF_right,MD,mean,AD_greater_CN,AD_greater_CN,AD_greater_CN,True,0.8781667336914268,0.902126454796179,1.011692934071418,0.930662040853008,0.8781667336914268,1.011692934071418,0.1335262003799912,0.07119003652678095
UF_right,MD,proximal_mean,AD_greater_CN,AD_greater_CN,AD_greater_CN,True,1.087407711205392,0.8875439145076844,1.0180241080475432,0.9976585779202066,0.8875439145076844,1.087407711205392,0.19986379669770749,0.1014763539975261
UF_right,RD,mean,AD_greater_CN,AD_greater_CN,AD_greater_CN,True,0.9925158423714349,0.9839502232670361,1.1232267929341662,1.0332309528575456,0.9839502232670361,1.1232267929341662,0.1392765696671301,0.07805626740360376
UF_right,RD,proximal_mean,AD_greater_CN,AD_greater_CN,AD_greater_CN,True,1.2813631889778,1.1069081989122076,1.2327873381388403,1.2070195753429493,1.1069081989122076,1.2813631889778,0.1744549900655925,0.09003676520913817
