tract,metric,feature,mean_abs_g,range_abs_g,sd_abs_g,relative_range_abs_g_percent
CC_2,AD,mean,0.6589370791737436,0.13011671582556905,0.0651788533540302,19.746455304765277
CC_2,AD,proximal_mean,0.20935821789426212,0.0939290351048965,0.04803473602242615,44.86522480447175
CC_2,FA,mean,0.36095091131634865,0.06813595265485389,0.03409636766810937,18.876791973282323
CC_2,FA,proximal_mean,0.3849732870374922,0.05659253420239807,0.032211216927894346,14.700379508899946
CC_2,MD,mean,0.5457095578181037,0.1344950423141657,0.06833878578279728,24.645901906485516
CC_2,MD,proximal_mean,0.28169667245849633,0.08880859680330722,0.04469291835283589,31.526320857195
CC_2,RD,mean,0.47537006670776893,0.11881103675854299,0.06049438927207325,24.993377808027066
CC_2,RD,proximal_mean,0.30291828824923583,0.08145142942899791,0.0407258116431948,26.888911164710237
CC_7,AD,mean,0.09048785350919919,0.12115480453704337,0.06529475604655588,133.8906823828311
CC_7,AD,proximal_mean,0.3332085269915041,0.24325335008097598,0.12974500037480707,73.00333886328734
CC_7,FA,mean,0.3541042714023217,0.23151766911079108,0.12423162248573612,65.38121333412221
CC_7,FA,proximal_mean,0.7993605306046171,0.2610575738087495,0.13782088890384514,32.65830170665192
CC_7,MD,mean,0.1281754151233331,0.12576579621369072,0.06631860660275722,98.12006155211293
CC_7,MD,proximal_mean,0.19770799629755587,0.20061494882667297,0.10185144744828818,101.47032623037768
CC_7,RD,mean,0.1913289005767842,0.10931618630516463,0.05747978189902811,57.13521897403775
CC_7,RD,proximal_mean,0.5277143517172134,0.28991581661801,0.14495874357940983,54.93802010019378
CG_left,AD,mean,0.4557801321968577,0.20389758257108798,0.10341487893230715,44.73595230847443
CG_left,AD,proximal_mean,0.5075509123978909,0.1778574052874204,0.09507280123832514,35.04227870405055
CG_left,FA,mean,0.7425399674564993,0.2807129645062031,0.14480057918686706,37.80442492109333
CG_left,FA,proximal_mean,0.6253068539892989,0.3960193318687414,0.20059515083132318,63.33199921642289
CG_left,MD,mean,0.1987132020830188,0.13520054581896168,0.0678365003323191,68.03802887866371
CG_left,MD,proximal_mean,0.09419251594177386,0.15983467191914466,0.08172149611141784,169.6893541074412
CG_left,RD,mean,0.5908181875783429,0.1775611857903383,0.08963206442374766,30.053439369923517
CG_left,RD,proximal_mean,0.3991314008003029,0.32507302173210606,0.16291921378559512,81.4451133336787
CG_right,AD,mean,0.35378275389104147,0.1127676190660411,0.059722113308505055,31.87482086839412
CG_right,AD,proximal_mean,0.46821815119030835,0.23256811331283905,0.13067157214819777,49.67088796570623
CG_right,FA,mean,0.7140812634300647,0.30390330519580966,0.15287873770217036,42.55864433916395
CG_right,FA,proximal_mean,0.7848257541779416,0.389331086825068,0.19814338838998255,49.60732809193669
CG_right,MD,mean,0.261523785944432,0.045684524584095026,0.02296383727299367,17.46859254851946
CG_right,MD,proximal_mean,0.19383796101020254,0.03993070057449247,0.020767811411156096,20.600041584419444
CG_right,RD,mean,0.6384613420925609,0.1335644027166083,0.07405484605800941,20.919732160893275
CG_right,RD,proximal_mean,0.5781184726312915,0.21608783216760302,0.11467444288797506,37.377776770232714
IFO_left,AD,mean,0.07510264533213083,0.18438733944945382,0.1020984267381612,245.51377469332388
IFO_left,AD,proximal_mean,0.25732031348993584,0.19193461182594004,0.09690975907536395,74.58976293896319
IFO_left,FA,mean,0.3558298966662829,0.05865125277057298,0.02932664610891102,16.482946857492244
IFO_left,FA,proximal_mean,0.783752850948401,0.19966623492826852,0.11300810045461644,25.475662983127535
IFO_left,MD,mean,0.1372407905237799,0.20213970635871883,0.11241929776003447,147.2883576284077
IFO_left,MD,proximal_mean,0.7235079530897256,0.10560681802643879,0.0534076816475872,14.596497187825936
IFO_left,RD,mean,0.22834847931783972,0.18503830844443925,0.10353318375774931,81.03330006716762
IFO_left,RD,proximal_mean,0.833010642808156,0.12578559794834887,0.06366955181475428,15.100118952179766
IFO_right,AD,mean,0.04682812297187311,0.037000236223795835,0.019631007292101203,79.0128535496067
IFO_right,AD,proximal_mean,0.1896350130493356,0.17760184891464031,0.08955668110451949,93.65456624217136
IFO_right,FA,mean,0.05257909734534033,0.095230177404261,0.04794209326813452,181.11793890029665
IFO_right,FA,proximal_mean,0.5877996765903318,0.2848950830667286,0.14531269839192146,48.46805713118601
IFO_right,MD,mean,0.030742576945906087,0.06578091802601117,0.03316070924554073,213.9733378296742
IFO_right,MD,proximal_mean,0.41108414056333226,0.018417430503298804,0.00933580450417982,4.480209447647467
IFO_right,RD,mean,0.029588375702022298,0.05533451478529958,0.031322221040704396,187.01437126039193
IFO_right,RD,proximal_mean,0.5104360496842276,0.14392286786400627,0.07370556339798519,28.196062553387762
ILF_left,AD,mean,0.6609305511327772,0.1569678201028133,0.08800962284342667,23.749517983967326
ILF_left,AD,proximal_mean,0.2595857330588657,0.15531562183697128,0.089140751300006,59.83211018833254
ILF_left,FA,mean,0.4817637853125898,0.1926432204269718,0.10310475845245864,39.987069659454846
ILF_left,FA,proximal_mean,0.7341620406335588,0.21105138787143352,0.11034284269033572,28.74724872581301
ILF_left,MD,mean,0.749329101020185,0.10521052291025612,0.05865671461217065,14.040629513389474
ILF_left,MD,proximal_mean,0.7774782421620126,0.17297642786949075,0.08782171994387117,22.248394680277826
ILF_left,RD,mean,0.7721108625001163,0.07493727213063461,0.04012765809996031,9.705506782793556
ILF_left,RD,proximal_mean,0.8722577751042723,0.16926943695539332,0.0856292674014183,19.40589603058091
ILF_right,AD,mean,0.502525204972343,0.3326365018438095,0.16947802410954965,66.1929985904123
ILF_right,AD,proximal_mean,0.25231624250613843,0.21166561226200595,0.1086744992820373,83.88901568905398
ILF_right,FA,mean,0.36566452947845657,0.16419898106774256,0.08569853489008962,44.90426821052012
ILF_right,FA,proximal_mean,0.1680996289882358,0.21534137356624783,0.11496896702047117,128.10341989589887
ILF_right,MD,mean,0.30337551435262944,0.27245784787764765,0.14431623757264786,89.80877987435579
ILF_right,MD,proximal_mean,0.20547548838395716,0.3480118040409189,0.17401239553116596,169.3690117385751
ILF_right,RD,mean,0.1534433119012655,0.22592735533451505,0.12240217910552482,147.2383204814362
ILF_right,RD,proximal_mean,0.1738557977119025,0.24965838117764355,0.125275193863431,143.60083728202954
UF_left,AD,mean,0.2928500726884666,0.11018687346170611,0.05543215426247495,37.62569442109127
UF_left,AD,proximal_mean,0.306661295815879,0.30743043823288363,0.15376687413144582,100.25081170251966
UF_left,FA,mean,0.9147300243394004,0.16379366532658746,0.0835032457214205,17.906230359594456
UF_left,FA,proximal_mean,0.6691804804107301,0.562381314871601,0.2854025993962846,84.04030472114522
UF_left,MD,mean,0.7740780060283178,0.004858489513468456,0.002615194908106956,0.6276485671510889
UF_left,MD,proximal_mean,0.597809558025241,0.06781019533006183,0.0340255272748385,11.3431099285299
UF_left,RD,mean,0.8938620675633976,0.07444143316590313,0.037316691976270876,8.32806714450083
UF_left,RD,proximal_mean,0.7042187504303833,0.3063994760564622,0.1532216493544123,43.509133471553575
UF_right,AD,mean,0.4634630724652881,0.26701376353257755,0.14165123610961122,57.6127375396399
UF_right,AD,proximal_mean,0.32608333261956735,0.37474159872624774,0.1877786718729602,114.92203410575685
UF_right,FA,mean,0.9485291622782923,0.20446056046325856,0.10303962632404162,21.555537625449535
UF_right,FA,proximal_mean,1.3661283300825346,0.1372978880473934,0.07134865603378059,10.050145731118725
UF_right,MD,mean,0.930662040853008,0.1335262003799912,0.07119003652678095,14.347442413962256
UF_right,MD,proximal_mean,0.9976585779202066,0.19986379669770749,0.1014763539975261,20.03328604805448
UF_right,RD,mean,1.0332309528575456,0.1392765696671301,0.07805626740360376,13.479713251131429
UF_right,RD,proximal_mean,1.2070195753429493,0.1744549900655925,0.09003676520913817,14.453368746403699
