pipeline,tract,metric,feature,n_AD,n_CN,mean_AD,mean_CN,difference_AD_minus_CN,hedges_g_AD_minus_CN,abs_g,direction,welch_t,p_value,p_fdr_by_pipeline_feature,fdr_significant
pipeline_01,CC_2,AD,mean,15,15,0.0014494767389800203,0.0014033848609401197,4.609187803990061e-05,0.7262825743246639,0.7262825743246639,AD_greater_CN,2.0442569327750015,0.05085444873910612,0.19435451041948093,False
pipeline_01,CC_2,AD,proximal_mean,15,15,0.0012396145115976067,0.0012235996106745267,1.601490092308002e-05,0.22100123902625043,0.22100123902625043,AD_greater_CN,0.6220489531245739,0.5389479415964923,0.6432794090044266,False
pipeline_01,CC_2,FA,mean,15,15,0.4454701558174841,0.46163705528373694,-0.016166899466252826,-0.39421571121799864,0.39421571121799864,AD_lower_CN,-1.1095931930014564,0.2766900019376508,0.5272835181882857,False
pipeline_01,CC_2,FA,proximal_mean,15,15,0.367430266742074,0.3804570989229238,-0.013026832180849768,-0.36720125792379893,0.36720125792379893,AD_lower_CN,-1.0335560066719556,0.31197658606004536,0.4799639785539159,False
pipeline_01,CC_2,MD,mean,15,15,0.0009424211522322799,0.0008971322736986332,4.5288878533646646e-05,0.619979911748713,0.619979911748713,AD_greater_CN,1.7450483841664992,0.0919518706891869,0.24741789820617507,False
pipeline_01,CC_2,MD,proximal_mean,15,15,0.0008802869920774933,0.0008594484235934531,2.0838568484040135e-05,0.2875521809021367,0.2875521809021367,AD_greater_CN,0.8093689152467416,0.42624542052186987,0.5620240631081583,False
pipeline_01,CC_2,RD,mean,15,15,0.0006888933584207666,0.0006440059801941534,4.488737822661319e-05,0.5413724408909106,0.5413724408909106,AD_greater_CN,1.523793086366751,0.13877679329890014,0.34694198324725034,False
pipeline_01,CC_2,RD,proximal_mean,15,15,0.0007006232324072533,0.0006773728304425733,2.3250401964680016e-05,0.3028156887676007,0.3028156887676007,AD_greater_CN,0.8523308874535708,0.40311628740113736,0.5560224653808792,False
pipeline_01,CC_7,AD,mean,15,15,0.00168993697197936,0.0017014817804395265,-1.1544808460166485e-05,-0.11862521897641967,0.11862521897641967,AD_lower_CN,-0.3338926677677601,0.7413439193343081,0.8701856919109755,False
pipeline_01,CC_7,AD,proximal_mean,15,15,0.0016319345814262867,0.0015905259980189266,4.140858340736012e-05,0.2810457428013145,0.2810457428013145,AD_greater_CN,0.7910553391463581,0.43556864890882274,0.5620240631081583,False
pipeline_01,CC_7,FA,mean,15,15,0.6039779577605987,0.5943520755393548,0.009625882221243942,0.302035237126468,0.302035237126468,AD_greater_CN,0.8501341616412179,0.40267809284339906,0.6203864769861211,False
pipeline_01,CC_7,FA,proximal_mean,15,15,0.5838547057664772,0.5477339492771482,0.036120756489329,0.6432920151222121,0.6432920151222121,AD_greater_CN,1.8106646203582542,0.08390449189838048,0.2237453117290146,False
pipeline_01,CC_7,MD,mean,15,15,0.0009592523294966932,0.0009747852597755467,-1.5532930278853475e-05,-0.20322245051175852,0.20322245051175852,AD_lower_CN,-0.5720072572861659,0.5727960196620514,0.7390916382736147,False
pipeline_01,CC_7,MD,proximal_mean,15,15,0.0009361547125839066,0.0009438061492814733,-7.651436697566683e-06,-0.08720039240580497,0.08720039240580497,AD_lower_CN,-0.24544166832313577,0.8080016189193203,0.8287196091480209,False
pipeline_01,CC_7,RD,mean,15,15,0.0005939100079848333,0.0006114369990119734,-1.7526991027140147e-05,-0.23571700216683386,0.23571700216683386,AD_lower_CN,-0.6634691962705492,0.513000564293561,0.688225311677534,False
pipeline_01,CC_7,RD,proximal_mean,15,15,0.0005882647786644601,0.0006204462247688199,-3.2181446104359774e-05,-0.3830405553574957,0.3830405553574957,AD_lower_CN,-1.0781386453497843,0.2902034589775025,0.4799639785539159,False
pipeline_01,CG_left,AD,mean,15,15,0.0012015770881049867,0.0012239146230835466,-2.233753497855981e-05,-0.43574412660690914,0.43574412660690914,AD_lower_CN,-1.2264826160264823,0.23023168761679313,0.5116259724817626,False
pipeline_01,CG_left,AD,proximal_mean,15,15,0.0011912856786291935,0.0012157783919260468,-2.4492713296853314e-05,-0.4380346059776307,0.4380346059776307,AD_lower_CN,-1.2329295947899885,0.22786533868721243,0.45573067737442485,False
pipeline_01,CG_left,FA,mean,15,15,0.4324638366810362,0.4511671891440335,-0.018703352462997258,-0.6227363894781952,0.6227363894781952,AD_lower_CN,-1.7528070016905029,0.09278171182731565,0.24741789820617507,False
pipeline_01,CG_left,FA,proximal_mean,15,15,0.4152886109055383,0.4296246967532831,-0.014336085847744762,-0.40876265511773036,0.40876265511773036,AD_lower_CN,-1.1505382631008834,0.25979157801147806,0.4723483236572328,False
pipeline_01,CG_left,MD,mean,15,15,0.0007936502759502865,0.0007893634745513931,4.286801398893365e-06,0.13437860316729178,0.13437860316729178,AD_greater_CN,0.37823348769835446,0.708110155623114,0.8583153401492291,False
pipeline_01,CG_left,MD,proximal_mean,15,15,0.0008036734430675335,0.0008046204636166468,-9.470205491133579e-07,-0.024134563664990373,0.024134563664990373,AD_lower_CN,-0.06793120313747388,0.9463245554352971,0.9463245554352971,False
pipeline_01,CG_left,RD,mean,15,15,0.0005896868701561465,0.0005720879000733533,1.7598970082793246e-05,0.49492157290025107,0.49492157290025107,AD_greater_CN,1.393048508043887,0.17497143094935308,0.4116974845867131,False
pipeline_01,CG_left,RD,proximal_mean,15,15,0.0006098673250973399,0.0005990414986455799,1.0825826451760006e-05,0.23015147324210403,0.23015147324210403,AD_greater_CN,0.6478039834578666,0.5224079561203574,0.6432794090044266,False
pipeline_01,CG_right,AD,mean,15,15,0.0011888661832960667,0.00121031556573998,-2.1449382443913334e-05,-0.3765158968201946,0.3765158968201946,AD_lower_CN,-1.0597737844535007,0.299524248758528,0.5445895431973237,False
pipeline_01,CG_right,AD,proximal_mean,15,15,0.0011446009127408,0.0011793375086093332,-3.473659586853317e-05,-0.6189167296614515,0.6189167296614515,AD_lower_CN,-1.7420558611051995,0.09439197221949766,0.23597993054874414,False
pipeline_01,CG_right,FA,mean,15,15,0.4343803323256916,0.4575120740522733,-0.023131741726581667,-0.7334927278836518,0.7334927278836518,AD_lower_CN,-2.064551246476578,0.048445321339481165,0.19435451041948093,False
pipeline_01,CG_right,FA,proximal_mean,15,15,0.3806865515624231,0.41330362231067647,-0.032617070748253374,-1.0008308428102963,1.0008308428102963,AD_lower_CN,-2.8170239260558243,0.008799965096158912,0.08234072507651247,False
pipeline_01,CG_right,MD,mean,15,15,0.0007879607545185133,0.00077888309018974,9.077664328773329e-06,0.2642487020120905,0.2642487020120905,AD_greater_CN,0.7437769542623419,0.46390220258891834,0.687262522353953,False
pipeline_01,CG_right,MD,proximal_mean,15,15,0.0008074146861352,0.0007985317987877801,8.882887347419922e-06,0.21710415859861767,0.21710415859861767,AD_greater_CN,0.611079897878855,0.5467874976537626,0.6432794090044266,False
pipeline_01,CG_right,RD,mean,15,15,0.0005875080397822001,0.0005631668521423732,2.434118763982695e-05,0.6867660092862424,0.6867660092862424,AD_greater_CN,1.9330302354879805,0.06368573253690733,0.21228577512302446,False
pipeline_01,CG_right,RD,proximal_mean,15,15,0.0006388215726225067,0.0006081289431861266,3.06926294363801e-05,0.7083490216949145,0.7083490216949145,AD_greater_CN,1.9937796246463577,0.056333368090721224,0.17333344027914221,False
pipeline_01,IFO_left,AD,mean,15,15,0.0014097832193417266,0.0014252660714108535,-1.5482852069126883e-05,-0.19262361261697156,0.19262361261697156,AD_lower_CN,-0.5421748633781563,0.5923698752682073,0.740462344085259,False
pipeline_01,IFO_left,AD,proximal_mean,15,15,0.0012868823258443797,0.0012777414688741667,9.140856970213038e-06,0.16913712816209545,0.16913712816209545,AD_greater_CN,0.47606779930872406,0.6380039004168144,0.7291473147620736,False
pipeline_01,IFO_left,FA,mean,15,15,0.48889831657434624,0.49869007271765475,-0.009791756143308517,-0.32664546648950865,0.32664546648950865,AD_lower_CN,-0.9194042140576061,0.36574631876524066,0.6095771979420678,False
pipeline_01,IFO_left,FA,proximal_mean,15,15,0.462313477956252,0.492988590905702,-0.030675112949450023,-0.9141592651803198,0.9141592651803198,AD_lower_CN,-2.5730707049429857,0.01667168462287067,0.09332182742060019,False
pipeline_01,IFO_left,MD,mean,15,15,0.00089615498083848,0.0008955509370092001,6.040438292799098e-07,0.00775155846801517,0.00775155846801517,AD_greater_CN,0.021818198175531607,0.9827628335998372,0.9827628335998372,False
pipeline_01,IFO_left,MD,proximal_mean,15,15,0.0008273103348241868,0.0007949569186251666,3.2353416199020174e-05,0.732758571487266,0.732758571487266,AD_greater_CN,2.062484827212081,0.049255984755901226,0.1641866158530041,False
pipeline_01,IFO_left,RD,mean,15,15,0.0006393408610660267,0.0006306933694328667,8.647491633160045e-06,0.10900069461112322,0.10900069461112322,AD_greater_CN,0.30680265989208716,0.7614124804221035,0.8701856919109755,False
pipeline_01,IFO_left,RD,proximal_mean,15,15,0.00059752433925518,0.0005535646429284,4.395969632678008e-05,0.9016278825260702,0.9016278825260702,AD_greater_CN,2.5377988055833924,0.0177334082565545,0.09332182742060019,False
pipeline_01,IFO_right,AD,mean,15,15,0.0013962223409630932,0.0013997749670212067,-3.5526260581135363e-06,-0.05441074144206375,0.05441074144206375,AD_lower_CN,-0.15314911763344183,0.8793911000944863,0.9704151246228604,False
pipeline_01,IFO_right,AD,proximal_mean,15,15,0.0012706908882070332,0.00127541671802692,-4.725829819886762e-06,-0.10753719598043153,0.10753719598043153,AD_lower_CN,-0.30268337171464454,0.7645202766646912,0.8047581859628329,False
pipeline_01,IFO_right,FA,mean,15,15,0.479427207276715,0.4808705530612009,-0.0014433457844859054,-0.04612436938115229,0.04612436938115229,AD_lower_CN,-0.1298255874650049,0.8976339902761459,0.9704151246228604,False
pipeline_01,IFO_right,FA,proximal_mean,15,15,0.4446252748137274,0.46905122191321486,-0.024425947099487477,-0.7468250972104188,0.7468250972104188,AD_lower_CN,-2.1020776713008322,0.04558422507816246,0.1641866158530041,False
pipeline_01,IFO_right,MD,mean,15,15,0.0008902690371122598,0.0008919139576019466,-1.6449204896867246e-06,-0.025864005627567067,0.025864005627567067,AD_lower_CN,-0.07279903811908119,0.942510694334368,0.9827628335998372,False
pipeline_01,IFO_right,MD,proximal_mean,15,15,0.0008301632114246602,0.0008129748593869466,1.7188352037713554e-05,0.4194065133013704,0.4194065133013704,AD_greater_CN,1.1804973749570544,0.2479192788403859,0.4722271977912112,False
pipeline_01,IFO_right,RD,mean,15,15,0.0006372923849152467,0.0006379834525785134,-6.910676632666292e-07,-0.010398625790773138,0.010398625790773138,AD_lower_CN,-0.029268859828954635,0.9768671349313482,0.9827628335998372,False
pipeline_01,IFO_right,RD,proximal_mean,15,15,0.0006098993723452802,0.0005817539292788133,2.8145443066466907e-05,0.5916000575725462,0.5916000575725462,AD_greater_CN,1.665168023957226,0.10739870368079665,0.23928914872749754,False
pipeline_01,ILF_left,AD,mean,15,15,0.0015276672083157801,0.0014312370356012734,9.643017271450676e-05,0.7164219292365788,0.7164219292365788,AD_greater_CN,2.0165023193565315,0.05344749036535726,0.19435451041948093,False
pipeline_01,ILF_left,AD,proximal_mean,15,15,0.0012969199372451466,0.0012758330791732867,2.1086858071859898e-05,0.31012071032779304,0.31012071032779304,AD_greater_CN,0.8728922247297402,0.39026140350173477,0.5560224653808792,False
pipeline_01,ILF_left,FA,mean,15,15,0.46572179638000366,0.47852671651577555,-0.012804920135771891,-0.36420746592268605,0.36420746592268605,AD_lower_CN,-1.0251294241406974,0.31407828227740336,0.5462230996128754,False
pipeline_01,ILF_left,FA,proximal_mean,15,15,0.4537482991238112,0.47644393631660026,-0.022695637192789053,-0.6472541773302367,0.6472541773302367,AD_lower_CN,-1.8218168603387668,0.07928090915467993,0.2237453117290146,False
pipeline_01,ILF_left,MD,mean,15,15,0.0010027031303587934,0.0009138664547433535,8.883667561543991e-05,0.7792912245838056,0.7792912245838056,AD_greater_CN,2.1934596048755366,0.03696222209976912,0.19435451041948093,False
pipeline_01,ILF_left,MD,proximal_mean,15,15,0.0008408269643677268,0.0008066339713242267,3.4192993043500024e-05,0.795082913673762,0.795082913673762,AD_greater_CN,2.23790824104499,0.0334067030262587,0.1336268121050348,False
pipeline_01,ILF_left,RD,mean,15,15,0.0007402210908014733,0.0006551811643869266,8.503992641454672e-05,0.7886972125503681,0.7886972125503681,AD_greater_CN,2.219934501547983,0.035022696625388754,0.19435451041948093,False
pipeline_01,ILF_left,RD,proximal_mean,15,15,0.0006127804785536466,0.0005720344177169199,4.074606083672675e-05,0.8872837909392447,0.8872837909392447,AD_greater_CN,2.4974247009203503,0.018664365484120038,0.09332182742060019,False
pipeline_01,ILF_right,AD,mean,15,15,0.0015212726359655868,0.0014504617530452402,7.081088292034657e-05,0.6500370734106738,0.6500370734106738,AD_greater_CN,1.8296498372085699,0.07805503840651103,0.24016934894311084,False
pipeline_01,ILF_right,AD,proximal_mean,15,15,0.00129736276095994,0.0012696149640823667,2.7747796877573318e-05,0.3724034507716759,0.3724034507716759,AD_greater_CN,1.0481985427465594,0.30412134644730865,0.4799639785539159,False
pipeline_01,ILF_right,FA,mean,15,15,0.49002981049655625,0.4734954480370671,0.016534362459489138,0.39404087024294293,0.39404087024294293,AD_greater_CN,1.1091010706677724,0.27682384704885,0.5272835181882857,False
pipeline_01,ILF_right,FA,proximal_mean,15,15,0.42633228097434284,0.4220306822853122,0.004301598689030628,0.1215537865615899,0.1215537865615899,AD_greater_CN,0.34213566409002655,0.7349277909068375,0.7945165307100945,False
pipeline_01,ILF_right,MD,mean,15,15,0.0009681010481484867,0.0009293213224488134,3.8779725699673276e-05,0.412103791574239,0.412103791574239,AD_greater_CN,1.1599425109873434,0.2558839457485739,0.5272835181882857,False
pipeline_01,ILF_right,MD,proximal_mean,15,15,0.00087294221600212,0.0008517496238228532,2.1192592179266733e-05,0.3786134694131573,0.3786134694131573,AD_greater_CN,1.065677791332848,0.2957203880338956,0.4799639785539159,False
pipeline_01,ILF_right,RD,mean,15,15,0.0006915152539864266,0.0006687511069167133,2.2764147069713274e-05,0.23919485393220005,0.23919485393220005,AD_greater_CN,0.6732582547360155,0.5063208873804111,0.688225311677534,False
pipeline_01,ILF_right,RD,proximal_mean,15,15,0.0006607319434491532,0.0006428169539745734,1.7914989474579804e-05,0.3047827303544091,0.3047827303544091,AD_greater_CN,0.8578674906202224,0.3983318276981257,0.5560224653808792,False
pipeline_01,UF_left,AD,mean,15,15,0.0012438103837964134,0.0012312189464905269,1.2591437305886546e-05,0.23422407525455827,0.23422407525455827,AD_greater_CN,0.6592670767396164,0.5161689837581505,0.688225311677534,False
pipeline_01,UF_left,AD,proximal_mean,15,15,0.00120698720559136,0.0012155994270175799,-8.61222142621988e-06,-0.15064513543260907,0.15064513543260907,AD_lower_CN,-0.4240186580041455,0.6758655918182571,0.7509617686869523,False
pipeline_01,UF_left,FA,mean,15,15,0.4063322994658047,0.4403448701596538,-0.03401257069384911,-0.9872158555375224,0.9872158555375224,AD_lower_CN,-2.7787020206350705,0.010382306398463255,0.15809347998387044,False
pipeline_01,UF_left,FA,proximal_mean,15,15,0.3890885151715755,0.4279052459416001,-0.03881673077002462,-0.978575498697165,0.978575498697165,AD_lower_CN,-2.7543821346885093,0.010292590634564058,0.08234072507651247,False
pipeline_01,UF_left,MD,mean,15,15,0.00084595435811882,0.0008058937748843467,4.006058323447327e-05,0.7770664210987812,0.7770664210987812,AD_greater_CN,2.1871974830663334,0.03975803627086406,0.19435451041948093,False
pipeline_01,UF_left,MD,proximal_mean,15,15,0.0008306431010457598,0.00080607526393202,2.456783711373984e-05,0.594506860409555,0.594506860409555,AD_greater_CN,1.67334975936137,0.10768011692737389,0.23928914872749754,False
pipeline_01,UF_left,RD,mean,15,15,0.0006470263442060533,0.0005932311887343867,5.379515547166661e-05,0.9295385737652295,0.9295385737652295,AD_greater_CN,2.6163586197400908,0.015809347998387045,0.15809347998387044,False
pipeline_01,UF_left,RD,proximal_mean,15,15,0.0006424710470610801,0.00060131318236164,4.115786469944009e-05,0.8589144941368381,0.8589144941368381,AD_greater_CN,2.417574056396492,0.022841229718213122,0.10151657652539164,False
pipeline_01,UF_right,AD,mean,15,15,0.0012514731335751866,0.0012392662174635532,1.220691611163345e-05,0.30262498013657324,0.30262498013657324,AD_greater_CN,0.8517941026608469,0.40325121004097875,0.6203864769861211,False
pipeline_01,UF_right,AD,proximal_mean,15,15,0.0012150525224154203,0.00118375320506774,3.129931734768029e-05,0.5205958674486416,0.5205958674486416,AD_greater_CN,1.46531356916484,0.16002793851184882,0.33690092318283965,False
pipeline_01,UF_right,FA,mean,15,15,0.39978886574760886,0.42981796251800325,-0.030029096770394392,-0.9336458652976419,0.9336458652976419,AD_lower_CN,-2.6279193531059843,0.015158284963739636,0.15809347998387044,False
pipeline_01,UF_right,FA,proximal_mean,15,15,0.31998483486294965,0.35990928868431926,-0.03992445382136961,-1.3436797754963083,1.3436797754963083,AD_lower_CN,-3.7820357992783054,0.0007723889194556684,0.030895556778226738,True
pipeline_01,UF_right,MD,mean,15,15,0.0008561338843159199,0.0008184617444647334,3.76721398511865e-05,0.8781667336914268,0.8781667336914268,AD_greater_CN,2.4717630533134414,0.020689711570964334,0.16551769256771467,False
pipeline_01,UF_right,MD,proximal_mean,15,15,0.00089992376655256,0.0008381988655923732,6.172490096018675e-05,1.087407711205392,1.087407711205392,AD_greater_CN,3.060710570471317,0.006149223043574851,0.08198964058099802,False
pipeline_01,UF_right,RD,mean,15,15,0.0006584642592227133,0.0006080595075595069,5.040475166320638e-05,0.9925158423714349,0.9925158423714349,AD_greater_CN,2.793619816010949,0.010081450372385352,0.15809347998387044,False
pipeline_01,UF_right,RD,proximal_mean,15,15,0.0007423593881749467,0.0006654216963982334,7.693769177671329e-05,1.2813631889778,1.2813631889778,AD_greater_CN,3.6066342152105775,0.0015579314606823434,0.031158629213646868,True
pipeline_02,CC_2,AD,mean,15,15,0.0014283962069819,0.0013889335607898466,3.94626461920533e-05,0.5961658584990949,0.5961658584990949,AD_greater_CN,1.6780193170044897,0.10475617096062093,0.3223266798788336,False
pipeline_02,CC_2,AD,proximal_mean,15,15,0.0012237433359313936,0.00121276549046634,1.0977845465053558e-05,0.1565721897758197,0.1565721897758197,AD_greater_CN,0.4407014511212859,0.6629298943629136,0.7365887715143484,False
pipeline_02,CC_2,FA,mean,15,15,0.43781430156084405,0.45015944738882907,-0.012345145827985016,-0.32607975856314475,0.32607975856314475,AD_lower_CN,-0.9178119242364293,0.3665922991180204,0.5836375436670536,False
pipeline_02,CC_2,FA,proximal_mean,15,15,0.359802639196199,0.3716356676396766,-0.011833028443477611,-0.36556303449313965,0.36556303449313965,AD_lower_CN,-1.028944923157149,0.31339929833982294,0.48962627179097645,False
pipeline_02,CC_2,MD,mean,15,15,0.0009350878288567866,0.0008981603782347933,3.6927450621993354e-05,0.48548486943454733,0.48548486943454733,AD_greater_CN,1.3664871569055301,0.18282541669930066,0.38489561410379086,False
pipeline_02,CC_2,MD,proximal_mean,15,15,0.00087585256637674,0.0008591050204611332,1.674754591560678e-05,0.2343646198350225,0.2343646198350225,AD_greater_CN,0.6596626655133732,0.5154640160615296,0.6651148594342317,False
pipeline_02,CC_2,RD,mean,15,15,0.0006884336397106867,0.0006527737872582067,3.5659852452479975e-05,0.42256140413236765,0.42256140413236765,AD_greater_CN,1.1893774000070994,0.24446310938223698,0.4656440178709276,False
pipeline_02,CC_2,RD,proximal_mean,15,15,0.000701907181045,0.0006822747853860266,1.963239565897347e-05,0.26224387327555443,0.26224387327555443,AD_greater_CN,0.7381339921583683,0.46740295672876253,0.6232039423050167,False
pipeline_02,CC_7,AD,mean,15,15,0.001678063581968953,0.0016676960524331865,1.036752953576664e-05,0.13699657304411064,0.13699657304411064,AD_greater_CN,0.38560224919653496,0.704059795901808,0.8534058132143127,False
pipeline_02,CC_7,AD,proximal_mean,15,15,0.0016114265558094195,0.0015527068055390734,5.871975027034611e-05,0.4809165941270869,0.4809165941270869,AD_greater_CN,1.353628899254527,0.18752315021460764,0.3750463004292153,False
pipeline_02,CC_7,FA,mean,15,15,0.6057095213959306,0.5886546749988243,0.017054846397106305,0.49589762309564406,0.49589762309564406,AD_greater_CN,1.3957957822443234,0.17375752283434345,0.38489561410379086,False
pipeline_02,CC_7,FA,proximal_mean,15,15,0.5831122505158569,0.5215998570363929,0.06151239347946402,0.9043495889309616,0.9043495889309616,AD_greater_CN,2.5454595527689503,0.01705107085655453,0.19064901805637985,False
pipeline_02,CC_7,MD,mean,15,15,0.00095264192638502,0.0009600797107083,-7.437784323280046e-06,-0.10384714056017297,0.10384714056017297,AD_lower_CN,-0.29229702672736213,0.7727637146130596,0.8835923263514067,False
pipeline_02,CC_7,MD,proximal_mean,15,15,0.0009248860074390601,0.0009459401087898267,-2.1054101350766598e-05,-0.28781534123247793,0.28781534123247793,AD_lower_CN,-0.8101096287771904,0.42823817958123367,0.5906733511465292,False
pipeline_02,CC_7,RD,mean,15,15,0.0005899310980755666,0.0006062715394490332,-1.6340441373466634e-05,-0.21186888370184942,0.21186888370184942,AD_lower_CN,-0.5963442462453942,0.5562074644121311,0.7649614951511963,False
pipeline_02,CC_7,RD,proximal_mean,15,15,0.0005816157341955134,0.0006425567603960733,-6.094102620055996e-05,-0.6729563719755057,0.6729563719755057,AD_lower_CN,-1.8941604514540846,0.06926083886573324,0.2101950058856738,False
pipeline_02,CG_left,AD,mean,15,15,0.0011833585911340534,0.001211747502549853,-2.838891141579967e-05,-0.5677469262773759,0.5677469262773759,AD_lower_CN,-1.5980289643923093,0.12139238341039366,0.33992899361906764,False
pipeline_02,CG_left,AD,proximal_mean,15,15,0.0011811525923164066,0.0012073500470265732,-2.6197454710166594e-05,-0.46872611995099084,0.46872611995099084,AD_lower_CN,-1.3193165499991817,0.19891530816869668,0.3788863012737079,False
pipeline_02,CG_left,FA,mean,15,15,0.41517187530300725,0.44094799047859495,-0.0257761151755877,-0.9034493539843983,0.9034493539843983,AD_lower_CN,-2.5429256746398354,0.017426908505118004,0.1696304360349969,False
pipeline_02,CG_left,FA,proximal_mean,15,15,0.40503593466167015,0.4278902017775067,-0.022854267115836546,-0.6623759198636945,0.6623759198636945,AD_lower_CN,-1.8643798077403402,0.07356825205998582,0.2101950058856738,False
pipeline_02,CG_left,MD,mean,15,15,0.0007973200180541601,0.0007909424595433668,6.377558510793288e-06,0.19218185409551117,0.19218185409551117,AD_greater_CN,0.5409314521329567,0.5928451587421771,0.7649614951511963,False
pipeline_02,CG_left,MD,proximal_mean,15,15,0.0008058203098378799,0.0008031374197777734,2.6828900601065086e-06,0.07447374857619617,0.07447374857619617,AD_greater_CN,0.2096201701909143,0.8354823976106396,0.8794551553796206,False
pipeline_02,CG_left,RD,mean,15,15,0.00060430073058914,0.0005805399376265734,2.3760792962566543e-05,0.6724827586905894,0.6724827586905894,AD_greater_CN,1.8928273790723813,0.0689803086121262,0.22993436204042067,False
pipeline_02,CG_left,RD,proximal_mean,15,15,0.0006181541676931266,0.0006010311059110133,1.7123061782113353e-05,0.4120182341845946,0.4120182341845946,AD_greater_CN,1.159701693854847,0.25689543156457245,0.4670826028446772,False
pipeline_02,CG_right,AD,mean,15,15,0.0011745956138969733,0.0011970798908540066,-2.2484276957033394e-05,-0.3987999919594855,0.3987999919594855,AD_lower_CN,-1.1224965009133743,0.2727500333347242,0.49590915151768034,False
pipeline_02,CG_right,AD,proximal_mean,15,15,0.0011417456260574665,0.0011644907757085868,-2.2745149651120285e-05,-0.38634861634861245,0.38634861634861245,AD_lower_CN,-1.0874497962078662,0.2875997539022071,0.4793329231703452,False
pipeline_02,CG_right,FA,mean,15,15,0.42341016935996983,0.44717800511993566,-0.023767835759965827,-0.8563271838011761,0.8563271838011761,AD_lower_CN,-2.4102915918601022,0.022799190752886552,0.1696304360349969,False
pipeline_02,CG_right,FA,proximal_mean,15,15,0.3767096106073323,0.39879999605935634,-0.02209038545202402,-0.7421466637383004,0.7421466637383004,AD_lower_CN,-2.088909353075935,0.045974814113714256,0.2101950058856738,False
pipeline_02,CG_right,MD,mean,15,15,0.0007879961879727333,0.0007795633465454001,8.432841427333249e-06,0.23731906561855523,0.23731906561855523,AD_greater_CN,0.6679785008218418,0.5101129927244745,0.7287328467492493,False
pipeline_02,CG_right,MD,proximal_mean,15,15,0.00080780851193242,0.0007997323131144601,8.076198817959907e-06,0.18723626640786473,0.18723626640786473,AD_greater_CN,0.5270111788474261,0.6029207884383618,0.7365887715143484,False
pipeline_02,CG_right,RD,mean,15,15,0.0005946964752091933,0.0005708050742648867,2.389140094430657e-05,0.6754164104218062,0.6754164104218062,AD_greater_CN,1.9010846856661185,0.0678301263137603,0.22993436204042067,False
pipeline_02,CG_right,RD,proximal_mean,15,15,0.00064083995473494,0.0006173530828720935,2.348687186284654e-05,0.5337452066716485,0.5337452066716485,AD_greater_CN,1.5023248218346936,0.14477085845337873,0.3217130187852861,False
pipeline_02,IFO_left,AD,mean,15,15,0.0014013930462126803,0.0014007532868671468,6.397593455334787e-07,0.008236273167517731,0.008236273167517731,AD_greater_CN,0.023182517546401046,0.9816783909450353,0.9816783909450353,False
pipeline_02,IFO_left,AD,proximal_mean,15,15,0.0012756187427383934,0.0012606655252378799,1.4953217500513535e-05,0.3610717399880355,0.3610717399880355,AD_greater_CN,1.01630334224392,0.3182570766641347,0.48962627179097645,False
pipeline_02,IFO_left,FA,mean,15,15,0.4748072072072046,0.4852419000403097,-0.010434692833105108,-0.35554750424925846,0.35554750424925846,AD_lower_CN,-1.0007543567574113,0.3255163174032796,0.5661153346143993,False
pipeline_02,IFO_left,FA,proximal_mean,15,15,0.4554095378825308,0.47882249969360874,-0.023412961811077937,-0.7226062574128322,0.7226062574128322,AD_lower_CN,-2.033909257366324,0.05326817406941032,0.2101950058856738,False
pipeline_02,IFO_left,MD,mean,15,15,0.0009060263845697865,0.0008915534262711934,1.4472958298593114e-05,0.19407954827659057,0.19407954827659057,AD_greater_CN,0.5462728641716049,0.5895023853245571,0.7649614951511963,False
pipeline_02,IFO_left,MD,proximal_mean,15,15,0.0008263023732047868,0.0007964209184001067,2.9881454804680184e-05,0.7716860529041749,0.7716860529041749,AD_greater_CN,2.172053439450894,0.03906586157973975,0.2101950058856738,False
pipeline_02,IFO_left,RD,mean,15,15,0.0006583430536612668,0.0006369534966729467,2.138955698832007e-05,0.2820057402868335,0.2820057402868335,AD_greater_CN,0.793757430019244,0.4343167262994475,0.6434321871102926,False
pipeline_02,IFO_left,RD,proximal_mean,15,15,0.0006016441890289599,0.000564298616487,3.734557254195996e-05,0.8215617613206765,0.8215617613206765,AD_greater_CN,2.312437865997689,0.029506157588922412,0.2101950058856738,False
pipeline_02,IFO_right,AD,mean,15,15,0.00136976249684682,0.0013736378485336264,-3.875351686806385e-06,-0.0615369318486757,0.0615369318486757,AD_lower_CN,-0.17320710147883017,0.8637386800295316,0.9091986105574017,False
pipeline_02,IFO_right,AD,proximal_mean,15,15,0.0012695415158081532,0.00126183899715674,7.702518651413323e-06,0.1762287982725034,0.1762287982725034,AD_greater_CN,0.496028619381593,0.6239045709893656,0.7365887715143484,False
pipeline_02,IFO_right,FA,mean,15,15,0.47380953617585964,0.47108917560230873,0.002720360573550906,0.10342155002956485,0.10342155002956485,AD_greater_CN,0.2910991232893951,0.7731432855574809,0.8835923263514067,False
pipeline_02,IFO_right,FA,proximal_mean,15,15,0.44410001297623347,0.45506285181535383,-0.010962838839120359,-0.5546439184168866,0.5546439184168866,AD_lower_CN,-1.5611481199304729,0.13265857089151997,0.3121378138623999,False
pipeline_02,IFO_right,MD,mean,15,15,0.00087851126942512,0.0008824639546960467,-3.952685270926693e-06,-0.06607232161808119,0.06607232161808119,AD_lower_CN,-0.18597279668715197,0.8538150976547354,0.9091986105574017,False
pipeline_02,IFO_right,MD,proximal_mean,15,15,0.0008308691702573,0.0008154120082856466,1.54571619716534e-05,0.4009890827980716,0.4009890827980716,AD_greater_CN,1.1286581028593043,0.27032370862866545,0.4701281889194182,False
pipeline_02,IFO_right,RD,mean,15,15,0.0006328856558679534,0.000636877008388,-3.991352520046638e-06,-0.06573314057607271,0.06573314057607271,AD_lower_CN,-0.1850181087721398,0.854551818154104,0.9091986105574017,False
pipeline_02,IFO_right,RD,proximal_mean,15,15,0.0006115329976105333,0.0005921985139927,1.9334483617833255e-05,0.4920309017715969,0.4920309017715969,AD_greater_CN,1.3849121783231597,0.17993836374283692,0.3750463004292153,False
pipeline_02,ILF_left,AD,mean,15,15,0.0014457884751752136,0.0013813275864391,6.446088873611347e-05,0.5594541091337655,0.5594541091337655,AD_greater_CN,1.5746872933439238,0.12747337260715036,0.33992899361906764,False
pipeline_02,ILF_left,AD,proximal_mean,15,15,0.0012356105539404198,0.0012277310140398395,7.879539900580322e-06,0.15666043350591635,0.15666043350591635,AD_greater_CN,0.4409498294569382,0.6628093502619716,0.7365887715143484,False
pipeline_02,ILF_left,FA,mean,15,15,0.44629346963639277,0.4649037895672966,-0.01861031993090384,-0.5242332036654255,0.5242332036654255,AD_lower_CN,-1.4755515261816496,0.15122823092077406,0.3694950754446706,False
pipeline_02,ILF_left,FA,proximal_mean,15,15,0.42491769545353375,0.44922419767359245,-0.0243065022200587,-0.6969263793687693,0.6969263793687693,AD_lower_CN,-1.961628480461817,0.060012240428140136,0.2101950058856738,False
pipeline_02,ILF_left,MD,mean,15,15,0.0009633472440814334,0.0008912358062113734,7.211143787006001e-05,0.6817427777832467,0.6817427777832467,AD_greater_CN,1.918891419291707,0.06572804719999788,0.22993436204042067,False
pipeline_02,ILF_left,MD,proximal_mean,15,15,0.0008243813697295268,0.0007970915069536733,2.7289862775853584e-05,0.6821876924713923,0.6821876924713923,AD_greater_CN,1.9201437141530855,0.06586016907216394,0.2101950058856738,False
pipeline_02,ILF_left,RD,mean,15,15,0.0007221266288356467,0.00064618991567828,7.593671315736668e-05,0.7263490514096732,0.7263490514096732,AD_greater_CN,2.044444044853282,0.05071000874800932,0.2253778166578192,False
pipeline_02,ILF_left,RD,proximal_mean,15,15,0.0006187667770323867,0.0005817717529898599,3.699502404252671e-05,0.7801100487090895,0.7801100487090895,AD_greater_CN,2.195764337157447,0.036733730239578974,0.2101950058856738,False
pipeline_02,ILF_right,AD,mean,15,15,0.0014167751536133734,0.0013861723999259667,3.060275368740677e-05,0.31740057156686435,0.31740057156686435,AD_greater_CN,0.8933827436182727,0.3793644033835848,0.5836375436670536,False
pipeline_02,ILF_right,AD,proximal_mean,15,15,0.00122502421891112,0.0012130779991044469,1.1946219806673172e-05,0.16073783850966997,0.16073783850966997,AD_greater_CN,0.45242644164800633,0.6551882430467175,0.7365887715143484,False
pipeline_02,ILF_right,FA,mean,15,15,0.472204090183701,0.45692800141349843,0.01527608877020259,0.4335758496300846,0.4335758496300846,AD_greater_CN,1.220379598552641,0.23255969854954123,0.46511939709908245,False
pipeline_02,ILF_right,FA,proximal_mean,15,15,0.4072806813365716,0.39595930685637465,0.011321374480196933,0.29904323698468266,0.29904323698468266,AD_greater_CN,0.8417126226301853,0.4090177823653537,0.584311117664791,False
pipeline_02,ILF_right,MD,mean,15,15,0.0009102889341802066,0.0008994150774313399,1.0873856748866732e-05,0.13964594369659133,0.13964594369659133,AD_greater_CN,0.3930593939984193,0.6976162086106453,0.8534058132143127,False
pipeline_02,ILF_right,MD,proximal_mean,15,15,0.0008375905163739066,0.0008358412722153935,1.7492441585130686e-06,0.030601665372238383,0.030601665372238383,AD_greater_CN,0.08613405966655396,0.9320285071468186,0.9320285071468186,False
pipeline_02,ILF_right,RD,mean,15,15,0.0006570458254551999,0.00065603641635868,1.0094090965199554e-06,0.013267498597685001,0.013267498597685001,AD_greater_CN,0.03734383413249287,0.9705073251929104,0.9816783909450353,False
pipeline_02,ILF_right,RD,proximal_mean,15,15,0.0006438736657528667,0.0006472229093554201,-3.349243602553424e-06,-0.05512434917676557,0.05512434917676557,AD_lower_CN,-0.1551576988806272,0.8779310714302524,0.9004421245438486,False
pipeline_02,UF_left,AD,mean,15,15,0.0012286747354003467,0.0012132686538767398,1.5406081523606802e-05,0.3444109487162644,0.3444109487162644,AD_greater_CN,0.9694084568826609,0.3415427733449612,0.5692379555749354,False
pipeline_02,UF_left,AD,proximal_mean,15,15,0.0012040300754832063,0.0011863730620850868,1.7657013398119552e-05,0.3112631783495351,0.3112631783495351,AD_greater_CN,0.8761079127504693,0.39044829716876117,0.578441921731498,False
pipeline_02,UF_left,FA,mean,15,15,0.3994352637539928,0.4277504368877619,-0.028315173133769078,-0.823422190210935,0.823422190210935,AD_lower_CN,-2.317674387967643,0.03105232388826711,0.17744185079009778,False
pipeline_02,UF_left,FA,proximal_mean,15,15,0.3792285605270662,0.39858299402498776,-0.01935443349792154,-0.612771758709461,0.612771758709461,AD_lower_CN,-1.7247597012985456,0.09741765068980018,0.24354412672450046,False
pipeline_02,UF_left,MD,mean,15,15,0.0008420237594786,0.0008045946045479867,3.7429154930613325e-05,0.7729596654008596,0.7729596654008596,AD_greater_CN,2.175638257905939,0.04033549498186155,0.20167747490930774,False
pipeline_02,UF_left,MD,proximal_mean,15,15,0.00083719149170836,0.0008089289111468267,2.8262580561533345e-05,0.633366004498115,0.633366004498115,AD_greater_CN,1.7827260235221998,0.08982556329188138,0.239534835445017,False
pipeline_02,UF_left,RD,mean,15,15,0.0006486982720465332,0.0006002575804262332,4.844069162029995e-05,0.8550971405993264,0.8550971405993264,AD_greater_CN,2.406829407261591,0.025444565405249534,0.1696304360349969,False
pipeline_02,UF_left,RD,proximal_mean,15,15,0.0006537722000416134,0.00062020683624882,3.3565363792793465e-05,0.7012267390739358,0.7012267390739358,AD_greater_CN,1.9737326399880009,0.062471564218880796,0.2101950058856738,False
pipeline_02,UF_right,AD,mean,15,15,0.0012392308530713133,0.0012195004946826669,1.9730358388646372e-05,0.5181254935901403,0.5181254935901403,AD_greater_CN,1.4583602440193435,0.157035407063985,0.3694950754446706,False
pipeline_02,UF_right,AD,proximal_mean,15,15,0.0011944091273201065,0.0011880157633184266,6.393364001679863e-06,0.14585426872239388,0.14585426872239388,AD_greater_CN,0.4105338755894427,0.6851181871013401,0.740668310379827,False
pipeline_02,UF_right,FA,mean,15,15,0.3925907243403542,0.4135308511320702,-0.02094012679171603,-0.8537405305369883,0.8537405305369883,AD_lower_CN,-2.4030109767731744,0.024547144891963604,0.1696304360349969,False
pipeline_02,UF_right,FA,proximal_mean,15,15,0.3202883625369274,0.36032260436776264,-0.04003424183083526,-1.3087036633519513,1.3087036633519513,AD_lower_CN,-3.6835890483024856,0.0010125481607145834,0.040501926428583336,True
pipeline_02,UF_right,MD,mean,15,15,0.00085296262777184,0.0008182449992373332,3.471762853450686e-05,0.902126454796179,0.902126454796179,AD_greater_CN,2.539202129655441,0.017550358878422965,0.1696304360349969,False
pipeline_02,UF_right,MD,proximal_mean,15,15,0.0008836358490578067,0.0008398962272102734,4.3739621847533315e-05,0.8875439145076844,0.8875439145076844,AD_greater_CN,2.498156866921518,0.019064901805637986,0.19064901805637985,False
pipeline_02,UF_right,RD,mean,15,15,0.0006598285143967666,0.0006176172517671466,4.221126262961999e-05,0.9839502232670361,0.9839502232670361,AD_greater_CN,2.769510293276001,0.010472878220107971,0.1696304360349969,False
pipeline_02,UF_right,RD,proximal_mean,15,15,0.0007282492098537401,0.0006658364591653132,6.241275068842686e-05,1.1069081989122076,1.1069081989122076,AD_greater_CN,3.115598307829217,0.004277399748501433,0.08554799497002866,False
pipeline_03,CC_2,AD,mean,15,15,0.00142391604444734,0.00138006867995734,4.38473644900001e-05,0.6543628046974721,0.6543628046974721,AD_greater_CN,1.8418254097542583,0.07622066993100726,0.27716607247639,False
pipeline_03,CC_2,AD,proximal_mean,15,15,0.0012152227535936334,0.0011973705515759268,1.785220201770666e-05,0.2505012248807162,0.2505012248807162,AD_greater_CN,0.7050821315755801,0.48671158281163984,0.6192453108548869,False
pipeline_03,CC_2,FA,mean,15,15,0.42725617582673686,0.44173215129972376,-0.014475975472986902,-0.3625572641679024,0.3625572641679024,AD_lower_CN,-1.0204846254122815,0.31623865430745696,0.5599098376412878,False
pipeline_03,CC_2,FA,proximal_mean,15,15,0.3484775994000374,0.3628772111909759,-0.01439961179093846,-0.4221555686955377,0.4221555686955377,AD_lower_CN,-1.1882351009424732,0.2455244744410415,0.4270539525391735,False
pipeline_03,CC_2,MD,mean,15,15,0.00093969097486934,0.0008982539658810266,4.143700898831331e-05,0.5316638922710508,0.5316638922710508,AD_greater_CN,1.4964665766514569,0.145721625015043,0.3238258333667622,False
pipeline_03,CC_2,MD,proximal_mean,15,15,0.0008783360388727798,0.0008544985048146998,2.3837534058080063e-05,0.3231732166383297,0.3231732166383297,AD_greater_CN,0.9096309232180181,0.37147359466815155,0.5373840160227716,False
pipeline_03,CC_2,RD,mean,15,15,0.0006975784401444201,0.0006573466085624,4.02318315820201e-05,0.4621763551000286,0.4621763551000286,AD_greater_CN,1.300881022729268,0.20390700382972615,0.4292779027994235,False
pipeline_03,CC_2,RD,proximal_mean,15,15,0.0007098926815574667,0.0006830624811068266,2.6830200450640067e-05,0.34369530270455234,0.34369530270455234,AD_greater_CN,0.967394138527005,0.34251873880020545,0.5269519058464699,False
pipeline_03,CC_7,AD,mean,15,15,0.001675155565052187,0.0016734925485397067,1.6630165124802403e-06,0.015841768507067266,0.015841768507067266,AD_greater_CN,0.04458959397188057,0.9648756905317919,0.9993514047613179,False
pipeline_03,CC_7,AD,proximal_mean,15,15,0.0016096009571292997,0.0015742482016213868,3.5352755507912954e-05,0.23766324404611094,0.23766324404611094,AD_greater_CN,0.668947254804817,0.5108773814552816,0.6192453108548869,False
pipeline_03,CC_7,FA,mean,15,15,0.5755074031020068,0.5664715599131408,0.009035843188865966,0.264379953984853,0.264379953984853,AD_greater_CN,0.744146387269198,0.4630010855653979,0.6173347807538638,False
pipeline_03,CC_7,FA,proximal_mean,15,15,0.5575961628075254,0.5144143732999342,0.04318178950759122,0.8504399877606773,0.8504399877606773,AD_greater_CN,2.3937209873242766,0.02548586688975467,0.1456335250843124,False
pipeline_03,CC_7,MD,mean,15,15,0.0009800283479962733,0.0009869687034747467,-6.9403554784734645e-06,-0.07745665429806779,0.07745665429806779,AD_lower_CN,-0.21801611127131312,0.8295587379605781,0.9759514564242096,False
pipeline_03,CC_7,MD,proximal_mean,15,15,0.0009477132185011666,0.0009695236239030866,-2.181040540191997e-05,-0.2181082552543847,0.2181082552543847,AD_lower_CN,-0.6139061140408449,0.548124127342813,0.626427574106072,False
pipeline_03,CC_7,RD,mean,15,15,0.0006324647394871465,0.0006437067807012066,-1.1242041214060009e-05,-0.12640081586166924,0.12640081586166924,AD_lower_CN,-0.35577852652447817,0.7252136638199174,0.8790468652362635,False
pipeline_03,CC_7,RD,proximal_mean,15,15,0.0006167693500391667,0.0006671613350731066,-5.039198503393994e-05,-0.5271461278186387,0.5271461278186387,AD_lower_CN,-1.4837504911649286,0.1522395019507042,0.35821059282518636,False
pipeline_03,CG_left,AD,mean,15,15,0.0011728544068531333,0.0011912618173079332,-1.8407410454799938e-05,-0.3638493437062879,0.3638493437062879,AD_lower_CN,-1.0241214227793358,0.31454739751247274,0.5599098376412878,False
pipeline_03,CG_left,AD,proximal_mean,15,15,0.0011654864708339735,0.0011989580512992801,-3.347158046530666e-05,-0.6158920112650511,0.6158920112650511,AD_lower_CN,-1.733542230501735,0.09408349274121337,0.29752601584804633,False
pipeline_03,CG_left,FA,mean,15,15,0.4043438713904178,0.4260909467348221,-0.021747075344404343,-0.7014341589069046,0.7014341589069046,AD_lower_CN,-1.97431646155626,0.05932545946293301,0.23730183785173203,False
pipeline_03,CG_left,FA,proximal_mean,15,15,0.3857628300835375,0.4186342053466159,-0.03287137526307837,-0.8047819869864717,0.8047819869864717,AD_lower_CN,-2.2652080807519197,0.033680761357106605,0.16840380678553302,False
pipeline_03,CG_left,MD,mean,15,15,0.00079757824390964,0.0007885651637760799,9.013080133560042e-06,0.26957914898625346,0.26957914898625346,AD_greater_CN,0.7587804853491982,0.45433960442314525,0.6173347807538638,False
pipeline_03,CG_left,MD,proximal_mean,15,15,0.0008103242171456067,0.0008031852394859199,7.13897765968678e-06,0.18396923558413503,0.18396923558413503,AD_greater_CN,0.5178155150010104,0.608878273998774,0.6550644548605137,False
pipeline_03,CG_left,RD,mean,15,15,0.0006099401626855134,0.0005872168369513134,2.2723325734200022e-05,0.6050502311441883,0.6050502311441883,AD_greater_CN,1.7030260306654592,0.09972193327881396,0.3238258333667622,False
pipeline_03,CG_left,RD,proximal_mean,15,15,0.0006327430902889132,0.0006052988334642799,2.744425682463334e-05,0.5552244949742101,0.5552244949742101,AD_greater_CN,1.562782260269608,0.1323420082985628,0.3398813098093548,False
pipeline_03,CG_right,AD,mean,15,15,0.0011665580606401266,0.0011821426439919866,-1.558458335186e-05,-0.2860323728934444,0.2860323728934444,AD_lower_CN,-0.8050911338871309,0.42816530723336366,0.6173347807538638,False
pipeline_03,CG_right,AD,proximal_mean,15,15,0.0011263643727549334,0.00114891707059742,-2.2552697842486607e-05,-0.399389107560861,0.399389107560861,AD_lower_CN,-1.124154675974834,0.27262140840665566,0.43619425345064905,False
pipeline_03,CG_right,FA,mean,15,15,0.4159201266784781,0.4364010929099946,-0.020480966231516518,-0.5524238786053665,0.5524238786053665,AD_lower_CN,-1.5548994063633648,0.13168256146737167,0.3238258333667622,False
pipeline_03,CG_right,FA,proximal_mean,15,15,0.3672182325697327,0.3889257047703251,-0.021707472200592437,-0.6114997559852283,0.6114997559852283,AD_lower_CN,-1.721179413846462,0.09669595515061506,0.29752601584804633,False
pipeline_03,CG_right,MD,mean,15,15,0.0007872356634169867,0.00077730291628412,9.932747132866682e-06,0.28300359020265026,0.28300359020265026,AD_greater_CN,0.7965660635737174,0.4328844851825069,0.6173347807538638,False
pipeline_03,CG_right,MD,proximal_mean,15,15,0.0008037776829626068,0.0007965488434815533,7.228839481053539e-06,0.1771734580241252,0.1771734580241252,AD_greater_CN,0.4986875393593469,0.622311232117488,0.6550644548605137,False
pipeline_03,CG_right,RD,mean,15,15,0.0005975744645871732,0.0005748830526907133,2.2691411896459896e-05,0.5532016065696341,0.5532016065696341,AD_greater_CN,1.5570884658823068,0.13115354633456083,0.3238258333667622,False
pipeline_03,CG_right,RD,proximal_mean,15,15,0.0006424843379201934,0.0006203647309095866,2.2119607010606733e-05,0.4922611895273115,0.4922611895273115,AD_greater_CN,1.3855603658988986,0.17717351882874138,0.3937189307305364,False
pipeline_03,IFO_left,AD,mean,15,15,0.00137753377856276,0.001375705779579507,1.827998983253143e-06,0.02444805021190319,0.02444805021190319,AD_greater_CN,0.06881356913318032,0.9456699851956627,0.9993514047613179,False
pipeline_03,IFO_left,AD,proximal_mean,15,15,0.0012574965369909067,0.0012467904637094333,1.0706073281473421e-05,0.24175207231967663,0.24175207231967663,AD_greater_CN,0.680456019906245,0.5018257067304364,0.6192453108548869,False
pipeline_03,IFO_left,FA,mean,15,15,0.45714457181950297,0.4685762905721386,-0.011431718752635656,-0.38529671926008163,0.38529671926008163,AD_lower_CN,-1.0844890368673374,0.28744485492267974,0.5599098376412878,False
pipeline_03,IFO_left,FA,proximal_mean,15,15,0.44342006530662154,0.46396719579319856,-0.020547130486577025,-0.7144930302520512,0.7144930302520512,AD_lower_CN,-2.0110730756143016,0.055912162915781737,0.22364865166312695,False
pipeline_03,IFO_left,MD,mean,15,15,0.0009050950597286998,0.0008896421080250398,1.545295170366e-05,0.209891264826734,0.209891264826734,AD_greater_CN,0.5907778713401439,0.5597310114106664,0.7040612502158522,False
pipeline_03,IFO_left,MD,proximal_mean,15,15,0.0008235076390769733,0.00079809077461824,2.541686445873333e-05,0.6660792348777361,0.6660792348777361,AD_greater_CN,1.874803474312189,0.07158738888432423,0.260317777761179,False
pipeline_03,IFO_left,RD,mean,15,15,0.0006688757001938665,0.0006466102721312932,2.226542806257328e-05,0.29403900305556246,0.29403900305556246,AD_greater_CN,0.8276272786270685,0.41513284211547785,0.6173347807538638,False
pipeline_03,IFO_left,RD,proximal_mean,15,15,0.0006065131903959733,0.0005737409303389133,3.277226005706001e-05,0.7758422845777213,0.7758422845777213,AD_greater_CN,2.1837519239157968,0.0383190458544957,0.17030687046442533,False
pipeline_03,IFO_right,AD,mean,15,15,0.0013523963011640864,0.0013539977534452333,-1.6014522811469423e-06,-0.024536695624879864,0.024536695624879864,AD_lower_CN,-0.06906307807975635,0.9454302969153915,0.9993514047613179,False
pipeline_03,IFO_right,AD,proximal_mean,15,15,0.0012558950086254267,0.0012441259173527732,1.1769091272653513e-05,0.28513904489507186,0.28513904489507186,AD_greater_CN,0.8025766966440051,0.4291678662956153,0.5722238217274871,False
pipeline_03,IFO_right,FA,mean,15,15,0.45260417239435247,0.4528290675495327,-0.00022489515518026026,-0.00819137262530385,0.00819137262530385,AD_lower_CN,-0.02305613664735299,0.9817691136196152,0.9993514047613179,False
pipeline_03,IFO_right,FA,proximal_mean,15,15,0.42879005660133396,0.43871217721123573,-0.009922120609901774,-0.46193001414369017,0.46193001414369017,AD_lower_CN,-1.3001876504446723,0.20512850513488956,0.4185723009990482,False
pipeline_03,IFO_right,MD,mean,15,15,0.000885686879608,0.0008856682735485132,1.860605948684254e-08,0.0002914035920700103,0.0002914035920700103,AD_greater_CN,0.0008202094258953877,0.9993514047613179,0.9993514047613179,False
pipeline_03,IFO_right,MD,proximal_mean,15,15,0.0008328215488379601,0.00081620027967714,1.6621269160820126e-05,0.41285682559055464,0.41285682559055464,AD_greater_CN,1.1620620648123818,0.2562323715235041,0.4270539525391735,False
pipeline_03,IFO_right,RD,mean,15,15,0.0006523321692149933,0.0006515035332295135,8.286359854798014e-07,0.012633360739221045,0.012633360739221045,AD_greater_CN,0.03555893558290914,0.9718873023244057,0.9993514047613179,False
pipeline_03,IFO_right,RD,proximal_mean,15,15,0.00062128481993544,0.0006022374605629401,1.9047359372499867e-05,0.4476771897085399,0.4476771897085399,AD_greater_CN,1.2600704340977522,0.2197504580245003,0.4185723009990482,False
pipeline_03,ILF_left,AD,mean,15,15,0.0014591883020843134,0.0013775367554762265,8.1651546608087e-05,0.7069156150279874,0.7069156150279874,AD_greater_CN,1.9897450358789264,0.05695460463203232,0.23730183785173203,False
pipeline_03,ILF_left,AD,proximal_mean,15,15,0.0012297503313249867,0.0012141591228941868,1.5591208430799875e-05,0.31197605534288764,0.31197605534288764,AD_greater_CN,0.8781144371906731,0.3880625856483091,0.5373840160227716,False
pipeline_03,ILF_left,FA,mean,15,15,0.4326136359886467,0.4544172226816713,-0.021803586693024568,-0.5568506863496578,0.5568506863496578,AD_lower_CN,-1.5673594773347004,0.12839417723742658,0.3238258333667622,False
pipeline_03,ILF_left,FA,proximal_mean,15,15,0.40708260909957855,0.43628025301034407,-0.029197643910765514,-0.8583055652016702,0.8583055652016702,AD_lower_CN,-2.415860113034376,0.02256559965457978,0.1456335250843124,False
pipeline_03,ILF_left,MD,mean,15,15,0.00098423168840234,0.0008973165884674536,8.691509993488645e-05,0.7869533006935028,0.7869533006935028,AD_greater_CN,2.2150259383666895,0.03532197187166001,0.20183983926662863,False
pipeline_03,ILF_left,MD,proximal_mean,15,15,0.0008347740826048667,0.0007981102504199399,3.66638321849268e-05,0.8551641203408831,0.8551641203408831,AD_greater_CN,2.407017934159898,0.023420123139791544,0.1456335250843124,False
pipeline_03,ILF_left,RD,mean,15,15,0.0007467533820455266,0.0006572065048435732,8.954687720195335e-05,0.8012863235403078,0.8012863235403078,AD_greater_CN,2.255368888009187,0.032331159942804576,0.20183983926662863,False
pipeline_03,ILF_left,RD,proximal_mean,15,15,0.0006372859580610399,0.0005900858145239067,4.72001435371332e-05,0.9493794856644828,0.9493794856644828,AD_greater_CN,2.6722045440903224,0.012680445514405742,0.12680445514405742,False
pipeline_03,ILF_right,AD,mean,15,15,0.0014257115225916133,0.00137446486358552,5.12466590060932e-05,0.5401379699394907,0.5401379699394907,AD_greater_CN,1.5203184390463245,0.13965844038973846,0.3238258333667622,False
pipeline_03,ILF_right,AD,proximal_mean,15,15,0.0012144510918161331,0.0011968153287594866,1.7635763056646518e-05,0.22380743823706936,0.22380743823706936,AD_greater_CN,0.62994752097442,0.5348291323648715,0.626427574106072,False
pipeline_03,ILF_right,FA,mean,15,15,0.45782145952392495,0.44676069993695344,0.011060759586971503,0.26937686856234205,0.26937686856234205,AD_greater_CN,0.7582111296003975,0.45479605113485067,0.6173347807538638,False
pipeline_03,ILF_right,FA,proximal_mean,15,15,0.3865334391019178,0.38359597529986367,0.002937463802054119,0.08370186341843484,0.08370186341843484,AD_greater_CN,0.23559440998350692,0.8156459048640503,0.8156459048640503,False
pipeline_03,ILF_right,MD,mean,15,15,0.00092804583930494,0.0008996463724938734,2.8399466811066605e-05,0.35837680778705805,0.35837680778705805,AD_greater_CN,1.0087179560182773,0.32194815664374044,0.5599098376412878,False
pipeline_03,ILF_right,MD,proximal_mean,15,15,0.0008466797929977865,0.0008344755090565998,1.2204283941186678e-05,0.20721133036647574,0.20721133036647574,AD_greater_CN,0.5832346990358108,0.5650525378722246,0.6278361531913607,False
pipeline_03,ILF_right,RD,mean,15,15,0.0006792129980224867,0.0006622371266949601,1.6975871327526643e-05,0.20786758317391155,0.20786758317391155,AD_greater_CN,0.5850818442086122,0.5632490001726818,0.7040612502158522,False
pipeline_03,ILF_right,RD,proximal_mean,15,15,0.0006627941445206134,0.0006533055992136467,9.488545306966779e-06,0.16166031360453276,0.16166031360453276,AD_greater_CN,0.45502291879705403,0.6530188052917855,0.6697628772223441,False
pipeline_03,UF_left,AD,mean,15,15,0.0012111904849708734,0.00119470348150526,1.6487003465613355e-05,0.2999151940945771,0.2999151940945771,AD_greater_CN,0.8441669075462752,0.4075885940504057,0.6173347807538638,False
pipeline_03,UF_left,AD,proximal_mean,15,15,0.0011972112959633399,0.0011693893047074735,2.7821991255866374e-05,0.45807557366549273,0.45807557366549273,AD_greater_CN,1.289338613240592,0.21050442966457722,0.4185723009990482,False
pipeline_03,UF_left,FA,mean,15,15,0.37858116967328964,0.41205748794473196,-0.03347631827144232,-0.9335520272697441,0.9335520272697441,AD_lower_CN,-2.6276552285821837,0.015838720796610688,0.15838720796610686,False
pipeline_03,UF_left,FA,proximal_mean,15,15,0.36954306496556744,0.38335051612605864,-0.013807451160491202,-0.416194183825564,0.416194183825564,AD_lower_CN,-1.1714556781940813,0.2522905957569278,0.4270539525391735,False
pipeline_03,UF_left,MD,mean,15,15,0.0008459974074347601,0.0008033557044746468,4.264170296011335e-05,0.7722079315853128,0.7722079315853128,AD_greater_CN,2.173522363736976,0.04138093975581687,0.20690469877908435,False
pipeline_03,UF_left,MD,proximal_mean,15,15,0.0008400207359143201,0.0008081650071616867,3.185572875263334e-05,0.5655558091680531,0.5655558091680531,AD_greater_CN,1.5918616591317918,0.12742922182503413,0.3398813098093548,False
pipeline_03,UF_left,RD,mean,15,15,0.00066340086810502,0.0006076818167438866,5.571905136113342e-05,0.8969504883256372,0.8969504883256372,AD_greater_CN,2.524633412581298,0.020057615668556236,0.16046092534844988,False
pipeline_03,UF_left,RD,proximal_mean,15,15,0.0006614254554840799,0.0006275528593257067,3.3872596158373213e-05,0.5525150180803758,0.5525150180803758,AD_greater_CN,1.5551559353098432,0.13595252392374194,0.3398813098093548,False
pipeline_03,UF_right,AD,mean,15,15,0.0012223141989494265,0.001199361233514427,2.295296543499965e-05,0.5696387436691508,0.5696387436691508,AD_greater_CN,1.6033538351181098,0.12151011331896175,0.3238258333667622,False
pipeline_03,UF_right,AD,proximal_mean,15,15,0.0011755170918806533,0.0011601108325769603,1.5406259303693028e-05,0.3117998616876665,0.3117998616876665,AD_greater_CN,0.877618507487924,0.38960341161650947,0.5373840160227716,False
pipeline_03,UF_right,FA,mean,15,15,0.3713809761705456,0.3973837181103164,-0.026002741939770813,-1.0582010910002468,1.0582010910002468,AD_lower_CN,-2.9785031240200346,0.006816815578732052,0.11718957096357902,False
pipeline_03,UF_right,FA,proximal_mean,15,15,0.29691425071065886,0.34093601048706745,-0.0440217597764086,-1.4460015513993447,1.4460015513993447,AD_lower_CN,-4.070039404429003,0.00035474669049072945,0.014189867619629178,True
pipeline_03,UF_right,MD,mean,15,15,0.0008581403610088001,0.0008166037902589868,4.15365707498133e-05,1.011692934071418,1.011692934071418,AD_greater_CN,2.8475972953613318,0.008789217822268425,0.11718957096357902,False
pipeline_03,UF_right,MD,proximal_mean,15,15,0.0008882574942131267,0.0008348643065499667,5.339318766316007e-05,1.0180241080475432,1.0180241080475432,AD_greater_CN,2.865417558094929,0.008414093878842543,0.11218791838456725,False
pipeline_03,UF_right,RD,mean,15,15,0.0006760534422107333,0.0006252250686445333,5.082837356620005e-05,1.1232267929341662,1.1232267929341662,AD_greater_CN,3.1615300155995003,0.004257183321717818,0.11718957096357902,False
pipeline_03,UF_right,RD,proximal_mean,15,15,0.0007446276938242867,0.0006722410439020267,7.238664992226002e-05,1.2327873381388403,1.2327873381388403,AD_greater_CN,3.4699084787638177,0.0018242440599048873,0.03648488119809774,True
