tract,metric,feature,term,estimate,std_error,z_value,p_value,n_observations,n_subjects,converged,error,p_fdr_by_feature,fdr_significant
CC_2,AD,mean,C(group)[T.AD]:C(pipeline)[T.pipeline_02],-6.629231847846623e-06,4.913924292827717e-06,-1.3490708144450945,0.17731422159021903,90,30,True,,0.6149781418005641,False
CC_2,AD,mean,C(group)[T.AD]:C(pipeline)[T.pipeline_03],-2.2445135498999803e-06,4.913924292827717e-06,-0.4567660012947361,0.6478392454092251,90,30,True,,0.8974571148540853,False
CC_2,AD,proximal_mean,C(group)[T.AD]:C(pipeline)[T.pipeline_02],-5.037055458026691e-06,5.8802848659918806e-06,-0.8566005853148486,0.3916656621346081,90,30,True,,0.7637480411624858,False
CC_2,AD,proximal_mean,C(group)[T.AD]:C(pipeline)[T.pipeline_03],1.8373010946266137e-06,5.8802848659918806e-06,0.31245103536607316,0.754697769670428,90,30,True,,0.8356253731957796,False
CC_2,FA,mean,C(group)[T.AD]:C(pipeline)[T.pipeline_02],0.003821753638267907,0.003994105291177468,0.9568484953838682,0.3386437306827169,90,30,True,,0.796808778076981,False
CC_2,FA,mean,C(group)[T.AD]:C(pipeline)[T.pipeline_03],0.0016909239932660458,0.003994105291177468,0.42335488676302746,0.6720363543414332,90,30,True,,0.8974571148540853,False
CC_2,FA,proximal_mean,C(group)[T.AD]:C(pipeline)[T.pipeline_02],0.0011938037373722438,0.003918617812892052,0.30464918866154556,0.7606333525243635,90,30,True,,0.8356253731957796,False
CC_2,FA,proximal_mean,C(group)[T.AD]:C(pipeline)[T.pipeline_03],-0.0013727796100885714,0.003918617812892052,-0.35032240336687,0.7260967538013616,90,30,True,,0.8328756881839148,False
CC_2,MD,mean,C(group)[T.AD]:C(pipeline)[T.pipeline_02],-8.361427911653338e-06,5.883663451036672e-06,-1.4211261370124928,0.15528009280868155,90,30,True,,0.6149781418005641,False
CC_2,MD,mean,C(group)[T.AD]:C(pipeline)[T.pipeline_03],-3.851869545333353e-06,5.88366345103667e-06,-0.6546719705143356,0.5126789754989776,90,30,True,,0.888192151382088,False
CC_2,MD,proximal_mean,C(group)[T.AD]:C(pipeline)[T.pipeline_02],-4.091022568433308e-06,5.757153524392052e-06,-0.7105981369265839,0.4773332979392857,90,30,True,,0.7723644991237252,False
CC_2,MD,proximal_mean,C(group)[T.AD]:C(pipeline)[T.pipeline_03],2.9989655740400166e-06,5.757153524392053e-06,0.5209111692668823,0.6024286542742345,90,30,True,,0.7723644991237252,False
CC_2,RD,mean,C(group)[T.AD]:C(pipeline)[T.pipeline_02],-9.227525774133302e-06,7.1311183834512954e-06,-1.2939801694425657,0.19567227066319715,90,30,True,,0.6149781418005641,False
CC_2,RD,mean,C(group)[T.AD]:C(pipeline)[T.pipeline_03],-4.655546644593289e-06,7.131118383451295e-06,-0.6528494401939956,0.5138533467039044,90,30,True,,0.888192151382088,False
CC_2,RD,proximal_mean,C(group)[T.AD]:C(pipeline)[T.pipeline_02],-3.6180063057066747e-06,6.599683719456882e-06,-0.54820904447894,0.5835483724992581,90,30,True,,0.7723644991237252,False
CC_2,RD,proximal_mean,C(group)[T.AD]:C(pipeline)[T.pipeline_03],3.579798485959978e-06,6.599683719456882e-06,0.5424197034482398,0.5875294091738184,90,30,True,,0.7723644991237252,False
CC_7,AD,mean,C(group)[T.AD]:C(pipeline)[T.pipeline_02],2.1912337995934063e-05,1.8426676825546156e-05,1.1891638521361323,0.2343751959540129,90,30,True,,0.6465522647007252,False
CC_7,AD,mean,C(group)[T.AD]:C(pipeline)[T.pipeline_03],1.3207824972647306e-05,1.842667682554616e-05,0.7167773710741157,0.4735114765934578,90,30,True,,0.888192151382088,False
CC_7,AD,proximal_mean,C(group)[T.AD]:C(pipeline)[T.pipeline_02],1.7311166862986384e-05,3.408400443041395e-05,0.5078970957866449,0.6115255115476821,90,30,True,,0.7723644991237252,False
CC_7,AD,proximal_mean,C(group)[T.AD]:C(pipeline)[T.pipeline_03],-6.055827899447024e-06,3.408400443041395e-05,-0.17767360381056835,0.8589793164936651,90,30,True,,0.9054106308987281,False
CC_7,FA,mean,C(group)[T.AD]:C(pipeline)[T.pipeline_02],0.0074289641758625135,0.004971245475124857,1.4943869123010725,0.1350745203339321,90,30,True,,0.6003312014841427,False
CC_7,FA,mean,C(group)[T.AD]:C(pipeline)[T.pipeline_03],-0.0005900390323777607,0.004971245475124858,-0.11869038359304543,0.9055206554720197,90,30,True,,0.9487335780053531,False
CC_7,FA,proximal_mean,C(group)[T.AD]:C(pipeline)[T.pipeline_02],0.025391636990134435,0.013110899303198262,1.936681565690953,0.05278428051431909,90,30,True,,0.31670568308591457,False
CC_7,FA,proximal_mean,C(group)[T.AD]:C(pipeline)[T.pipeline_03],0.007061033018261896,0.013110899303198262,0.5385620661840819,0.5901890681190167,90,30,True,,0.7723644991237252,False
CC_7,MD,mean,C(group)[T.AD]:C(pipeline)[T.pipeline_02],8.095145955573553e-06,1.3722649451572131e-05,0.5899112984079131,0.5552501189519394,90,30,True,,0.888192151382088,False
CC_7,MD,mean,C(group)[T.AD]:C(pipeline)[T.pipeline_03],8.592574800380231e-06,1.372264945157213e-05,0.6261600451650265,0.5312099711164096,90,30,True,,0.888192151382088,False
CC_7,MD,proximal_mean,C(group)[T.AD]:C(pipeline)[T.pipeline_02],-1.3402664653199625e-05,2.548294831969365e-05,-0.5259463891327606,0.5989254564001218,90,30,True,,0.7723644991237252,False
CC_7,MD,proximal_mean,C(group)[T.AD]:C(pipeline)[T.pipeline_03],-1.4158968704352814e-05,2.548294831969365e-05,-0.5556252175659959,0.57846708862058,90,30,True,,0.7723644991237252,False
CC_7,RD,mean,C(group)[T.AD]:C(pipeline)[T.pipeline_02],1.1865496536734492e-06,1.2642496676623976e-05,0.0938540609520099,0.9252250867370778,90,30,True,,0.9487335780053531,False
CC_7,RD,mean,C(group)[T.AD]:C(pipeline)[T.pipeline_03],6.284949813080094e-06,1.2642496676623978e-05,0.49712884834693993,0.6190981923832202,90,30,True,,0.8974571148540853,False
CC_7,RD,proximal_mean,C(group)[T.AD]:C(pipeline)[T.pipeline_02],-2.8759580096200178e-05,2.5620071465171236e-05,-1.122540978673572,0.2616324942516701,90,30,True,,0.6583011145687184,False
CC_7,RD,proximal_mean,C(group)[T.AD]:C(pipeline)[T.pipeline_03],-1.8210538929580155e-05,2.5620071465171236e-05,-0.7107918865228834,0.4772132091318121,90,30,True,,0.7723644991237252,False
CG_left,AD,mean,C(group)[T.AD]:C(pipeline)[T.pipeline_02],-6.051376437239931e-06,7.062481155193435e-06,-0.8568343481936256,0.39153643992199094,90,30,True,,0.8493168087575299,False
CG_left,AD,mean,C(group)[T.AD]:C(pipeline)[T.pipeline_03],3.930124523760147e-06,7.062481155193435e-06,0.5564792935228022,0.5778832458587461,90,30,True,,0.888192151382088,False
CG_left,AD,proximal_mean,C(group)[T.AD]:C(pipeline)[T.pipeline_02],-1.704741413313391e-06,1.3130609237330813e-05,-0.12982957473646747,0.8967012636830872,90,30,True,,0.9189469747486964,False
CG_left,AD,proximal_mean,C(group)[T.AD]:C(pipeline)[T.pipeline_03],-8.978867168453392e-06,1.313060923733081e-05,-0.6838119241966427,0.4940939359387152,90,30,True,,0.7723644991237252,False
CG_left,FA,mean,C(group)[T.AD]:C(pipeline)[T.pipeline_02],-0.007072762712590417,0.005091332843283991,-1.3891770446554368,0.16477892025025143,90,30,True,,0.6149781418005641,False
CG_left,FA,mean,C(group)[T.AD]:C(pipeline)[T.pipeline_03],-0.0030437228814069756,0.00509133284328399,-0.5978243762675957,0.5499571238345762,90,30,True,,0.888192151382088,False
CG_left,FA,proximal_mean,MODEL_FAILED,,,,,90,30,False,Singular matrix,,False
CG_left,MD,mean,C(group)[T.AD]:C(pipeline)[T.pipeline_02],2.0907571119000016e-06,2.502345012615231e-06,0.8355191236059516,0.4034254841598267,90,30,True,,0.8493168087575299,False
CG_left,MD,mean,C(group)[T.AD]:C(pipeline)[T.pipeline_03],4.726278734666655e-06,2.502345012615231e-06,1.8887398463600205,0.05892669659204423,90,30,True,,0.3928446439469615,False
CG_left,MD,proximal_mean,C(group)[T.AD]:C(pipeline)[T.pipeline_02],3.629910609219818e-06,9.811069419439343e-06,0.3699811360041575,0.7113965459478517,90,30,True,,0.8281929937900364,False
CG_left,MD,proximal_mean,C(group)[T.AD]:C(pipeline)[T.pipeline_03],8.085998208799744e-06,9.811069419439343e-06,0.824170930110677,0.40984244207353326,90,30,True,,0.7723644991237252,False
CG_left,RD,mean,C(group)[T.AD]:C(pipeline)[T.pipeline_02],6.161822879773353e-06,3.906157952022053e-06,1.5774638290250491,0.11468883860016535,90,30,True,,0.6003312014841427,False
CG_left,RD,mean,C(group)[T.AD]:C(pipeline)[T.pipeline_03],5.124355651406673e-06,3.906157952022053e-06,1.3118659599399993,0.18956536467477125,90,30,True,,0.6149781418005641,False
CG_left,RD,proximal_mean,C(group)[T.AD]:C(pipeline)[T.pipeline_02],6.2972353303542195e-06,1.5783257060277386e-05,0.3989819912521622,0.6899064737808167,90,30,True,,0.8153440144682379,False
CG_left,RD,proximal_mean,C(group)[T.AD]:C(pipeline)[T.pipeline_03],1.661843037287426e-05,1.5783257060277386e-05,1.0529151435224864,0.29237988491802,90,30,True,,0.699677216113255,False
CG_right,AD,mean,C(group)[T.AD]:C(pipeline)[T.pipeline_02],-1.0348945131200685e-06,7.2522804996421675e-06,-0.142699184507705,0.8865277607953699,90,30,True,,0.9487335780053531,False
CG_right,AD,mean,C(group)[T.AD]:C(pipeline)[T.pipeline_03],5.8647990920533045e-06,7.252280499642167e-06,0.8086834330722148,0.41869725990905937,90,30,True,,0.8588661741724295,False
CG_right,AD,proximal_mean,C(group)[T.AD]:C(pipeline)[T.pipeline_02],1.1991446217413172e-05,7.763299204694276e-06,1.5446327522919945,0.12243511930747528,90,30,True,,0.4619137721019855,False
CG_right,AD,proximal_mean,C(group)[T.AD]:C(pipeline)[T.pipeline_03],1.2183898026046583e-05,7.763299204694278e-06,1.5694227035175041,0.11654947732452273,90,30,True,,0.4619137721019855,False
CG_right,FA,mean,C(group)[T.AD]:C(pipeline)[T.pipeline_02],-0.0006360940333841353,0.006362086865493966,-0.09998197868597439,0.9203586326718557,90,30,True,,0.9487335780053531,False
CG_right,FA,mean,C(group)[T.AD]:C(pipeline)[T.pipeline_03],0.0026507754950650508,0.006362086865493965,0.4166518865754656,0.6769330513525409,90,30,True,,0.8974571148540853,False
CG_right,FA,proximal_mean,C(group)[T.AD]:C(pipeline)[T.pipeline_02],0.010526685296229125,0.006925615452328692,1.5199638745015214,0.1285200552824428,90,30,True,,0.4619137721019855,False
CG_right,FA,proximal_mean,C(group)[T.AD]:C(pipeline)[T.pipeline_03],0.010909598547660916,0.006925615452328693,1.5752532930474266,0.11519799033815764,90,30,True,,0.4619137721019855,False
CG_right,MD,mean,C(group)[T.AD]:C(pipeline)[T.pipeline_02],-6.448229014400007e-07,2.0662206052570376e-06,-0.3120784391557187,0.7549809118849882,90,30,True,,0.906318166024139,False
CG_right,MD,mean,C(group)[T.AD]:C(pipeline)[T.pipeline_03],8.550828040933267e-07,2.0662206052570376e-06,0.41383906535331183,0.6789919721179061,90,30,True,,0.8974571148540853,False
CG_right,MD,proximal_mean,C(group)[T.AD]:C(pipeline)[T.pipeline_02],-8.066885294599865e-07,2.4702815591900793e-06,-0.32655732155668604,0.7440027276687866,90,30,True,,0.8356253731957796,False
CG_right,MD,proximal_mean,C(group)[T.AD]:C(pipeline)[T.pipeline_03],-1.6540478663666678e-06,2.4702815591900793e-06,-0.669578680297874,0.5031264085667296,90,30,True,,0.7723644991237252,False
CG_right,RD,mean,C(group)[T.AD]:C(pipeline)[T.pipeline_02],-4.497866955200659e-07,4.765227576072836e-06,-0.09438934202818249,0.9247998818359108,90,30,True,,0.9487335780053531,False
CG_right,RD,mean,C(group)[T.AD]:C(pipeline)[T.pipeline_03],-1.6497757433667223e-06,4.765227576072836e-06,-0.3462113229702979,0.7291839058189443,90,30,True,,0.8974571148540853,False
CG_right,RD,proximal_mean,C(group)[T.AD]:C(pipeline)[T.pipeline_02],-7.2057575735334154e-06,5.153011547700721e-06,-1.3983585145949522,0.16200543439001602,90,30,True,,0.48785928077911245,False
CG_right,RD,proximal_mean,C(group)[T.AD]:C(pipeline)[T.pipeline_03],-8.573022425773416e-06,5.153011547700721e-06,-1.6636916774616404,0.09617406030642456,90,30,True,,0.4619137721019855,False
IFO_left,AD,mean,C(group)[T.AD]:C(pipeline)[T.pipeline_02],1.6122611414659962e-05,8.043349577416025e-06,2.0044648388687154,0.045020289759488435,90,30,True,,0.38632902378226586,False
IFO_left,AD,mean,C(group)[T.AD]:C(pipeline)[T.pipeline_03],1.731085105237999e-05,8.043349577416025e-06,2.15219429241085,0.03138205499071149,90,30,True,,0.38632902378226586,False
IFO_left,AD,proximal_mean,C(group)[T.AD]:C(pipeline)[T.pipeline_02],5.812360530300076e-06,6.7584952155665014e-06,0.8600080853668075,0.38978458556985807,90,30,True,,0.7637480411624858,False
IFO_left,AD,proximal_mean,C(group)[T.AD]:C(pipeline)[T.pipeline_03],1.5652163112601001e-06,6.758495215566503e-06,0.23159242720998247,0.8168545898341932,90,30,True,,0.8728035343433845,False
IFO_left,FA,mean,C(group)[T.AD]:C(pipeline)[T.pipeline_02],-0.0006429366897967175,0.002545538444343668,-0.252573946084122,0.8005974653617314,90,30,True,,0.906318166024139,False
IFO_left,FA,mean,C(group)[T.AD]:C(pipeline)[T.pipeline_03],-0.0016399626093272406,0.002545538444343668,-0.6442497904407342,0.5194134686253271,90,30,True,,0.888192151382088,False
IFO_left,FA,proximal_mean,C(group)[T.AD]:C(pipeline)[T.pipeline_02],0.007262151138372126,0.006454539465440123,1.1251230513433592,0.2605368944709828,90,30,True,,0.6583011145687184,False
IFO_left,FA,proximal_mean,C(group)[T.AD]:C(pipeline)[T.pipeline_03],0.010127982462873008,0.006454539465440123,1.5691254995188724,0.11661869919201918,90,30,True,,0.4619137721019855,False
IFO_left,MD,mean,C(group)[T.AD]:C(pipeline)[T.pipeline_02],1.3868914469313299e-05,7.0886542969278295e-06,1.9564946869145508,0.05040690772601947,90,30,True,,0.38632902378226586,False
IFO_left,MD,mean,C(group)[T.AD]:C(pipeline)[T.pipeline_03],1.4848907874380016e-05,7.0886542969278295e-06,2.094742845735251,0.03619385826501162,90,30,True,,0.38632902378226586,False
IFO_left,MD,proximal_mean,C(group)[T.AD]:C(pipeline)[T.pipeline_02],-2.471961394339963e-06,5.607720296881601e-06,-0.4408139606596636,0.6593476858455226,90,30,True,,0.8153440144682379,False
IFO_left,MD,proximal_mean,C(group)[T.AD]:C(pipeline)[T.pipeline_03],-6.93655174028663e-06,5.6077202968816e-06,-1.2369646439291881,0.21610020890491066,90,30,True,,0.6019934390922511,False
IFO_left,RD,mean,C(group)[T.AD]:C(pipeline)[T.pipeline_02],1.2742065355159963e-05,7.041542798180122e-06,1.8095559056252748,0.07036468313508747,90,30,True,,0.40208390362907126,False
IFO_left,RD,mean,C(group)[T.AD]:C(pipeline)[T.pipeline_03],1.3617936429413316e-05,7.041542798180124e-06,1.9339421515598614,0.05312024077006156,90,30,True,,0.38632902378226586,False
IFO_left,RD,proximal_mean,C(group)[T.AD]:C(pipeline)[T.pipeline_02],-6.614123784820011e-06,7.394279145486545e-06,-0.8944920329194308,0.3710586906048009,90,30,True,,0.7616467859782755,False
IFO_left,RD,proximal_mean,C(group)[T.AD]:C(pipeline)[T.pipeline_03],-1.1187436269720011e-05,7.394279145486545e-06,-1.5129853836460587,0.13028337161850873,90,30,True,,0.4619137721019855,False
IFO_right,AD,mean,C(group)[T.AD]:C(pipeline)[T.pipeline_02],-3.227256286934433e-07,6.542665111605128e-06,-0.04932632546345754,0.960659240362518,90,30,True,,0.960659240362518,False
IFO_right,AD,mean,C(group)[T.AD]:C(pipeline)[T.pipeline_03],1.9511737769665563e-06,6.542665111605128e-06,0.29822308549854387,0.7655329033137404,90,30,True,,0.906318166024139,False
IFO_right,AD,proximal_mean,C(group)[T.AD]:C(pipeline)[T.pipeline_02],1.2428348471299886e-05,5.844594036654656e-06,2.1264690743882113,0.033464221618082296,90,30,True,,0.23729175329185628,False
IFO_right,AD,proximal_mean,C(group)[T.AD]:C(pipeline)[T.pipeline_03],1.6494921092539892e-05,5.8445940366546555e-06,2.82225266444362,0.004768759029139802,90,30,True,,0.1153378914730293,False
IFO_right,FA,mean,C(group)[T.AD]:C(pipeline)[T.pipeline_02],0.0041637063580368975,0.0032415749812619438,1.284470167158055,0.19897749547212906,90,30,True,,0.6149781418005641,False
IFO_right,FA,mean,C(group)[T.AD]:C(pipeline)[T.pipeline_03],0.0012184506293058278,0.0032415749812619438,0.3758822906609075,0.7070044067242622,90,30,True,,0.8974571148540853,False
IFO_right,FA,proximal_mean,C(group)[T.AD]:C(pipeline)[T.pipeline_02],0.013463108260366995,0.006186713207694061,2.1761325938987603,0.029545347355764192,90,30,True,,0.2304537093749607,False
IFO_right,FA,proximal_mean,C(group)[T.AD]:C(pipeline)[T.pipeline_03],0.01450382648958549,0.0061867132076940615,2.34435086978784,0.019060231186812594,90,30,True,,0.1858372540714228,False
IFO_right,MD,mean,C(group)[T.AD]:C(pipeline)[T.pipeline_02],-2.307764781240031e-06,5.758803812605813e-06,-0.4007368294416312,0.6886138922330334,90,30,True,,0.8974571148540853,False
IFO_right,MD,mean,C(group)[T.AD]:C(pipeline)[T.pipeline_03],1.6635265491732963e-06,5.758803812605813e-06,0.2888666819195849,0.7726834012687095,90,30,True,,0.906318166024139,False
IFO_right,MD,proximal_mean,C(group)[T.AD]:C(pipeline)[T.pipeline_02],-1.7311900660600532e-06,4.238414669989197e-06,-0.40845226360649267,0.68294167005683,90,30,True,,0.8153440144682379,False
IFO_right,MD,proximal_mean,C(group)[T.AD]:C(pipeline)[T.pipeline_03],-5.67082876893369e-07,4.238414669989197e-06,-0.13379598766224882,0.8935639000508142,90,30,True,,0.9189469747486964,False
IFO_right,RD,mean,C(group)[T.AD]:C(pipeline)[T.pipeline_02],-3.30028485678001e-06,6.099028550594082e-06,-0.5411164793544937,0.5884273002906333,90,30,True,,0.888192151382088,False
IFO_right,RD,mean,C(group)[T.AD]:C(pipeline)[T.pipeline_03],1.5197036487466546e-06,6.099028550594082e-06,0.24917142724288877,0.8032281802657463,90,30,True,,0.906318166024139,False
IFO_right,RD,proximal_mean,C(group)[T.AD]:C(pipeline)[T.pipeline_02],-8.810959448633483e-06,6.515783252039799e-06,-1.3522487025447274,0.17629576843762995,90,30,True,,0.5092988865975977,False
IFO_right,RD,proximal_mean,C(group)[T.AD]:C(pipeline)[T.pipeline_03],-9.098083693966825e-06,6.515783252039799e-06,-1.39631466272587,0.16261976025970415,90,30,True,,0.48785928077911245,False
ILF_left,AD,mean,C(group)[T.AD]:C(pipeline)[T.pipeline_02],-3.1969283978393526e-05,1.5115478924836252e-05,-2.1150030467023297,0.03442968764581834,90,30,True,,0.38632902378226586,False
ILF_left,AD,mean,C(group)[T.AD]:C(pipeline)[T.pipeline_03],-1.477862610642017e-05,1.5115478924836252e-05,-0.9777147108542754,0.32821544390964474,90,30,True,,0.796808778076981,False
ILF_left,AD,proximal_mean,C(group)[T.AD]:C(pipeline)[T.pipeline_02],-1.3207318171280183e-05,9.44709063065087e-06,-1.3980302177296087,0.16210399317629542,90,30,True,,0.48785928077911245,False
ILF_left,AD,proximal_mean,C(group)[T.AD]:C(pipeline)[T.pipeline_03],-5.495649641060131e-06,9.44709063065087e-06,-0.581729323441613,0.5607490166675655,90,30,True,,0.7723644991237252,False
ILF_left,FA,mean,C(group)[T.AD]:C(pipeline)[T.pipeline_02],-0.005805399795131841,0.004581482574051441,-1.267144358032138,0.20510367711507804,90,30,True,,0.6149781418005641,False
ILF_left,FA,mean,C(group)[T.AD]:C(pipeline)[T.pipeline_03],-0.008998666557252592,0.004581482574051441,-1.9641385537989724,0.049514026261916484,90,30,True,,0.38632902378226586,False
ILF_left,FA,proximal_mean,C(group)[T.AD]:C(pipeline)[T.pipeline_02],-0.0016108650272696043,0.006558815975748444,-0.24560302243969945,0.8059895493226289,90,30,True,,0.8728035343433845,False
ILF_left,FA,proximal_mean,C(group)[T.AD]:C(pipeline)[T.pipeline_03],-0.0065020067179763575,0.006558815975748443,-0.9913384888397325,0.32152032497069605,90,30,True,,0.7090174628453042,False
ILF_left,MD,mean,C(group)[T.AD]:C(pipeline)[T.pipeline_02],-1.672523774538003e-05,1.2264742080876413e-05,-1.3636844244330721,0.17266690822458863,90,30,True,,0.6149781418005641,False
ILF_left,MD,mean,C(group)[T.AD]:C(pipeline)[T.pipeline_03],-1.921575680553398e-06,1.2264742080876413e-05,-0.1566747729289458,0.8755011697971721,90,30,True,,0.9487335780053531,False
ILF_left,MD,proximal_mean,C(group)[T.AD]:C(pipeline)[T.pipeline_02],-6.903130267646764e-06,4.897885845225004e-06,-1.4094101997858306,0.1587139097744018,90,30,True,,0.48785928077911245,False
ILF_left,MD,proximal_mean,C(group)[T.AD]:C(pipeline)[T.pipeline_03],2.4708391414265642e-06,4.8978858452250045e-06,0.5044705449465321,0.6139307557137302,90,30,True,,0.7723644991237252,False
ILF_left,RD,mean,C(group)[T.AD]:C(pipeline)[T.pipeline_02],-9.103213257179974e-06,1.190066300097079e-05,-0.764933286190642,0.44431127172697704,90,30,True,,0.888192151382088,False
ILF_left,RD,mean,C(group)[T.AD]:C(pipeline)[T.pipeline_03],4.506950787406689e-06,1.190066300097079e-05,0.37871426046086987,0.7049000625165727,90,30,True,,0.8974571148540853,False
ILF_left,RD,proximal_mean,C(group)[T.AD]:C(pipeline)[T.pipeline_02],-3.751036794200058e-06,6.5878780367148564e-06,-0.5693846748976198,0.5690951146688806,90,30,True,,0.7723644991237252,False
ILF_left,RD,proximal_mean,C(group)[T.AD]:C(pipeline)[T.pipeline_03],6.4540827004066005e-06,6.5878780367148564e-06,0.9796906780054818,0.32723882900552503,90,30,True,,0.7090174628453042,False
ILF_right,AD,mean,C(group)[T.AD]:C(pipeline)[T.pipeline_02],-4.020812923293993e-05,1.5523259562395022e-05,-2.5901859768127444,0.009592409386805806,90,30,True,,0.38632902378226586,False
ILF_right,AD,mean,C(group)[T.AD]:C(pipeline)[T.pipeline_03],-1.956422391425325e-05,1.5523259562395022e-05,-1.260316741829624,0.2075551228576904,90,30,True,,0.6149781418005641,False
ILF_right,AD,proximal_mean,C(group)[T.AD]:C(pipeline)[T.pipeline_02],-1.5801577070899858e-05,1.5404202185514445e-05,-1.0257965249092282,0.30498750445962397,90,30,True,,0.699677216113255,False
ILF_right,AD,proximal_mean,C(group)[T.AD]:C(pipeline)[T.pipeline_03],-1.0112033820926546e-05,1.540420218551444e-05,-0.6564464487771745,0.51153691272617,90,30,True,,0.7723644991237252,False
ILF_right,FA,mean,C(group)[T.AD]:C(pipeline)[T.pipeline_02],-0.0012582736892865543,0.005079586435842593,-0.24771183740627384,0.8043573723464232,90,30,True,,0.906318166024139,False
ILF_right,FA,mean,C(group)[T.AD]:C(pipeline)[T.pipeline_03],-0.005473602872517564,0.005079586435842593,-1.0775686055649554,0.28122631886585125,90,30,True,,0.7499368503089366,False
ILF_right,FA,proximal_mean,C(group)[T.AD]:C(pipeline)[T.pipeline_02],0.007019775791166721,0.011697822490526703,0.600092521223636,0.54844457651567,90,30,True,,0.7723644991237252,False
ILF_right,FA,proximal_mean,C(group)[T.AD]:C(pipeline)[T.pipeline_03],-0.0013641348869762664,0.011697822490526703,-0.11661442871790793,0.9071656032775592,90,30,True,,0.9189469747486964,False
ILF_right,MD,mean,C(group)[T.AD]:C(pipeline)[T.pipeline_02],-2.7905868950806785e-05,1.241234917859323e-05,-2.2482342825912616,0.024561254710651247,90,30,True,,0.38632902378226586,False
ILF_right,MD,mean,C(group)[T.AD]:C(pipeline)[T.pipeline_03],-1.0380258888606801e-05,1.241234917859323e-05,-0.8362847950256634,0.40299470493524037,90,30,True,,0.8493168087575299,False
ILF_right,MD,proximal_mean,C(group)[T.AD]:C(pipeline)[T.pipeline_02],-1.944334802075338e-05,8.65600652235551e-06,-2.246226128704715,0.024689527433413443,90,30,True,,0.2139759044229165,False
ILF_right,MD,proximal_mean,C(group)[T.AD]:C(pipeline)[T.pipeline_03],-8.988308238080067e-06,8.65600652235551e-06,-1.038389725662329,0.29908865093497605,90,30,True,,0.699677216113255,False
ILF_right,RD,mean,C(group)[T.AD]:C(pipeline)[T.pipeline_02],-2.1754737973193305e-05,1.1993309082896806e-05,-1.813906222446722,0.06969216459710378,90,30,True,,0.40208390362907126,False
ILF_right,RD,mean,C(group)[T.AD]:C(pipeline)[T.pipeline_03],-5.78827574218664e-06,1.1993309082896806e-05,-0.48262541240107587,0.6293617319557769,90,30,True,,0.8974571148540853,False
ILF_right,RD,proximal_mean,C(group)[T.AD]:C(pipeline)[T.pipeline_02],-2.126423307713347e-05,1.2693085213576096e-05,-1.6752611929517311,0.09388299594852774,90,30,True,,0.4619137721019855,False
ILF_right,RD,proximal_mean,C(group)[T.AD]:C(pipeline)[T.pipeline_03],-8.426444167613456e-06,1.2693085213576096e-05,-0.663860994063194,0.5067792832394433,90,30,True,,0.7723644991237252,False
UF_left,AD,mean,C(group)[T.AD]:C(pipeline)[T.pipeline_02],2.8146442177198517e-06,6.925065412817814e-06,0.4064429792258917,0.6844171456208195,90,30,True,,0.8974571148540853,False
UF_left,AD,mean,C(group)[T.AD]:C(pipeline)[T.pipeline_03],3.895566159726487e-06,6.925065412817815e-06,0.562531315952058,0.5737540734236902,90,30,True,,0.888192151382088,False
UF_left,AD,proximal_mean,C(group)[T.AD]:C(pipeline)[T.pipeline_02],2.6269234824339914e-05,1.0593991416135504e-05,2.4796352755515496,0.013151683214094729,90,30,True,,0.14654732724276984,False
UF_left,AD,proximal_mean,C(group)[T.AD]:C(pipeline)[T.pipeline_03],3.643421268208655e-05,1.0593991416135504e-05,3.439139343325718,0.0005835667770096813,90,30,True,,0.024306969486845634,True
UF_left,FA,mean,C(group)[T.AD]:C(pipeline)[T.pipeline_02],0.005697397560080151,0.004736525837931494,1.202864241646,0.22902885989559396,90,30,True,,0.6465522647007252,False
UF_left,FA,mean,C(group)[T.AD]:C(pipeline)[T.pipeline_03],0.0005362524224069021,0.004736525837931493,0.11321640391200546,0.909858990843467,90,30,True,,0.9487335780053531,False
UF_left,FA,proximal_mean,C(group)[T.AD]:C(pipeline)[T.pipeline_02],0.019462297272102934,0.00730990438857375,2.6624557911488993,0.0077572758758009275,90,30,True,,0.12101350366249448,False
UF_left,FA,proximal_mean,C(group)[T.AD]:C(pipeline)[T.pipeline_03],0.0250092796095332,0.0073099043885737494,3.4212868295002163,0.0006232556278678368,90,30,True,,0.024306969486845634,True
UF_left,MD,mean,C(group)[T.AD]:C(pipeline)[T.pipeline_02],-2.6314283038600055e-06,4.395527507876956e-06,-0.59866041087091,0.5493993622230131,90,30,True,,0.888192151382088,False
UF_left,MD,mean,C(group)[T.AD]:C(pipeline)[T.pipeline_03],2.581119725640013e-06,4.395527507876955e-06,0.5872150091233753,0.5570593133189043,90,30,True,,0.888192151382088,False
UF_left,MD,proximal_mean,C(group)[T.AD]:C(pipeline)[T.pipeline_02],3.6947434477933913e-06,9.119618478205745e-06,0.4051423265812234,0.6853728954575353,90,30,True,,0.8153440144682379,False
UF_left,MD,proximal_mean,C(group)[T.AD]:C(pipeline)[T.pipeline_03],7.287891638893435e-06,9.119618478205743e-06,0.7991443563467258,0.42420671229463536,90,30,True,,0.7723644991237252,False
UF_left,RD,mean,C(group)[T.AD]:C(pipeline)[T.pipeline_02],-5.354463851366664e-06,5.374091029647951e-06,-0.9963478143237606,0.31908117940093184,90,30,True,,0.796808778076981,False
UF_left,RD,mean,C(group)[T.AD]:C(pipeline)[T.pipeline_03],1.9238958894666734e-06,5.374091029647951e-06,0.3579946597206607,0.720347309994793,90,30,True,,0.8974571148540853,False
UF_left,RD,proximal_mean,C(group)[T.AD]:C(pipeline)[T.pipeline_02],-7.592500906646702e-06,1.0740850274128863e-05,-0.7068808067210948,0.4796405523832934,90,30,True,,0.7723644991237252,False
UF_left,RD,proximal_mean,C(group)[T.AD]:C(pipeline)[T.pipeline_03],-7.285268541066679e-06,1.0740850274128861e-05,-0.6782767057664392,0.4975962654165933,90,30,True,,0.7723644991237252,False
UF_right,AD,mean,C(group)[T.AD]:C(pipeline)[T.pipeline_02],7.523442277013303e-06,5.026835751734573e-06,1.4966556793540042,0.1344828741737116,90,30,True,,0.6003312014841427,False
UF_right,AD,mean,C(group)[T.AD]:C(pipeline)[T.pipeline_03],1.0746049323366663e-05,5.026835751734573e-06,2.137736312482182,0.03253815056247674,90,30,True,,0.38632902378226586,False
UF_right,AD,proximal_mean,C(group)[T.AD]:C(pipeline)[T.pipeline_02],-2.490595334599975e-05,9.048584331785665e-06,-2.752469605495157,0.005914763665283553,90,30,True,,0.1153378914730293,False
UF_right,AD,proximal_mean,C(group)[T.AD]:C(pipeline)[T.pipeline_03],-1.589305804398641e-05,9.048584331785665e-06,-1.7564137616707216,0.07901778474098671,90,30,True,,0.440241943556926,False
UF_right,FA,mean,C(group)[T.AD]:C(pipeline)[T.pipeline_02],0.009088969978678401,0.0044872317844362125,2.025518273917371,0.04281417396831759,90,30,True,,0.38632902378226586,False
UF_right,FA,mean,C(group)[T.AD]:C(pipeline)[T.pipeline_03],0.004026354830623526,0.0044872317844362125,0.8972914759136758,0.3695634037989026,90,30,True,,0.8447163515403489,False
UF_right,FA,proximal_mean,C(group)[T.AD]:C(pipeline)[T.pipeline_02],-0.0001097880094656209,0.0043640648246422295,-0.025157282001332652,0.9799295101865286,90,30,True,,0.9799295101865286,False
UF_right,FA,proximal_mean,C(group)[T.AD]:C(pipeline)[T.pipeline_03],-0.004097305955038984,0.0043640648246422295,-0.938873760972349,0.3477955624186312,90,30,True,,0.733190645098736,False
UF_right,MD,mean,C(group)[T.AD]:C(pipeline)[T.pipeline_02],-2.9545113166799902e-06,4.027189740866803e-06,-0.7336409523242547,0.46316759487160997,90,30,True,,0.888192151382088,False
UF_right,MD,mean,C(group)[T.AD]:C(pipeline)[T.pipeline_03],3.864430898626677e-06,4.027189740866803e-06,0.9595850077316957,0.33726411744935936,90,30,True,,0.796808778076981,False
UF_right,MD,proximal_mean,C(group)[T.AD]:C(pipeline)[T.pipeline_02],-1.7985279112653354e-05,7.095575325902251e-06,-2.5347175227635828,0.01125380332942285,90,30,True,,0.14629944328249703,False
UF_right,MD,proximal_mean,C(group)[T.AD]:C(pipeline)[T.pipeline_03],-8.331713297026681e-06,7.095575325902251e-06,-1.1742125077034888,0.24030991736199858,90,30,True,,0.6463508122150307,False
UF_right,RD,mean,C(group)[T.AD]:C(pipeline)[T.pipeline_02],-8.193489033586702e-06,5.348834736554628e-06,-1.531826918785009,0.12556515146466832,90,30,True,,0.6003312014841427,False
UF_right,RD,mean,C(group)[T.AD]:C(pipeline)[T.pipeline_03],4.2362190299329033e-07,5.348834736554629e-06,0.07919891412950253,0.9368744082802862,90,30,True,,0.9487335780053531,False
UF_right,RD,proximal_mean,C(group)[T.AD]:C(pipeline)[T.pipeline_02],-1.452494108828657e-05,7.132994007528223e-06,-2.0363035596212224,0.04171988261721101,90,30,True,,0.2711792370118716,False
UF_right,RD,proximal_mean,C(group)[T.AD]:C(pipeline)[T.pipeline_03],-4.551041854453227e-06,7.132994007528223e-06,-0.6380268719769031,0.5234561877665028,90,30,True,,0.7723644991237252,False
