tract,metric,feature,individual,disease,pipeline,interaction,residual,biological
CC_2,FA,mean,89.83863464217318,3.423312107030938,4.037619532767655,0.040764492834858265,2.6596692251933756,93.26194674920411
CC_2,MD,mean,90.60844496064378,7.730642848916303,0.03256157523498985,0.05313134568642898,1.5752192695184923,98.33908780956008
CC_2,RD,mean,91.79591637775131,5.973615831853531,0.3039839359787418,0.05230312628831837,1.8741807281280964,97.76953220960485
CC_2,AD,mean,85.50549886588547,10.637726406119782,2.4328501361781525,0.04333288582370689,1.3805917059928974,96.14322527200525
CC_7,FA,mean,77.7924086569753,2.96487397735775,13.794802932531082,0.2785325759996692,5.169381857136195,80.75728263433305
CC_7,MD,mean,89.14448815990212,0.4322526964935079,2.1676196865438375,0.06745186500811719,8.18818759205241,89.57674085639563
CC_7,RD,mean,87.23221077484958,0.9284978017369406,5.24499427211109,0.030527104994863042,6.563770046307548,88.16070857658652
CC_7,AD,mean,87.54209940299118,8.347646588118248e-05,1.3877632413118852,0.25840506714571165,10.811648812085346,87.54218287945706
CG_left,FA,mean,70.23602912545826,11.823713215093385,11.447558699137089,0.2035915049301825,6.289107455381093,82.05974234055165
CG_left,MD,mean,97.04941917293864,1.1132525796541584,0.12027891844738356,0.09676214048935144,1.6202871884704555,98.1626717525928
CG_left,RD,mean,84.31887571038415,8.60827781906531,4.0574362761107015,0.13688798483095627,2.878522209608886,92.92715352944946
CG_left,AD,mean,83.63495549093304,5.189930905283923,6.135856542549775,0.16472230347046482,4.874534757762781,88.82488639621695
CG_right,FA,mean,73.74391922744257,11.294235197237954,5.854492190512248,0.045361491341091034,9.061991893466134,85.03815442468053
CG_right,MD,mean,97.09131521084929,1.8955090347934755,0.037633288819671186,0.008548882660713459,0.9669935828768443,98.98682424564277
CG_right,RD,mean,84.4213924125031,10.019844043626255,1.4794039890229131,0.0086928745950915,4.07066668025265,94.44123645612935
CG_right,AD,mean,88.61088244094374,3.3092208004266306,3.5804563971419565,0.07760390815436367,4.42183645333332,91.92010324137037
IFO_left,FA,mean,78.84638403912732,2.8829406605909162,16.581378092945716,0.011784742905868189,1.6775124644301822,81.72932469971823
IFO_left,MD,mean,96.75114980855642,0.5115245477102107,0.02841232235984589,0.22709196870307738,2.481821352670454,97.26267435626663
IFO_left,RD,mean,94.52649140364102,1.4048537587859857,1.598006429471303,0.17901258242880702,2.2916358256728726,95.93134516242701
IFO_left,AD,mean,91.74912615970806,0.08358945401696787,5.0172175909665,0.27684213778417516,2.8732246575243083,91.83271561372503
IFO_right,FA,mean,81.0794293717412,0.0036241508618196855,15.730719933178099,0.09002005620967443,3.0962064880092126,81.08305352260302
IFO_right,MD,mean,97.02343872879288,0.02494264631962429,0.5407240853307059,0.019123954844404416,2.3917705847123876,97.04838137511251
IFO_right,RD,mean,95.95337248400142,0.011116995788181412,1.5023362580149415,0.027271910344881176,2.5059023518505876,95.9644894797896
IFO_right,AD,mean,88.8660787393379,0.05635502239921568,8.408364639453739,0.006277493205912655,2.662924105603238,88.92243376173711
ILF_left,FA,mean,80.65128887129922,5.5938741979892965,9.777101728814948,0.24663786813398403,3.731097333762555,86.24516306928851
ILF_left,MD,mean,82.07806189088875,13.54764661889921,1.2780976511766198,0.11082560396347707,2.9853682350719386,95.62570850978796
ILF_left,RD,mean,82.16752609960449,14.371955294827687,0.47568730164607365,0.06604511656071443,2.9187861873610306,96.53948139443217
ILF_left,AD,mean,80.01716441414483,10.374073924864135,5.711631984568375,0.2708654530735476,3.6262642233491147,90.39123833900896
ILF_right,FA,mean,83.34447100755932,3.232769985919818,9.251645421778571,0.08673632995171375,4.084377254790584,86.57724099347914
ILF_right,MD,mean,86.10509961825956,2.4873948147329585,5.2588851046790435,0.48734472339677576,5.661275738931665,88.59249443299251
ILF_right,RD,mean,91.98349550331702,0.7098420298025497,1.447084400233068,0.32561396943834137,5.533964097209014,92.69333753311956
ILF_right,AD,mean,73.89076374715025,5.775958082746119,14.357093983609381,0.6011670899826425,5.3750170965116135,79.66672182989636
UF_left,FA,mean,69.51259594745919,17.366686027313023,9.187989678908224,0.11236427173060769,3.8203640745889462,86.87928197477221
UF_left,MD,mean,83.72916352280174,14.448082243804421,0.04110145280012048,0.04080390372679568,1.7408488768669266,98.17724576660616
UF_left,RD,mean,78.7234350666758,18.210991583672865,1.1061353749226763,0.062294754525096405,1.8971432202035532,96.93442665034867
UF_left,AD,mean,85.50294731836229,2.1261119474215913,7.707720175522839,0.026071580171425596,4.63714897852187,87.62905926578388
UF_right,FA,mean,61.88647984394833,16.714200559154218,15.936068426695424,0.35109025815130723,5.112160912050725,78.60068040310254
UF_right,MD,mean,78.03391754019376,19.617592139113594,0.036286618829734364,0.10604563386968376,2.206158067993239,97.65150967930735
UF_right,RD,mean,72.37673205798642,22.565736417652378,2.0784200187596404,0.15525492841353625,2.8238565771880264,94.94246847563879
UF_right,AD,mean,79.00970795866179,5.004549230599012,11.905320048376643,0.3030778334685623,3.777344928893992,84.0142571892608
