pipeline,tract,metric,feature,biomarker,n,n_AD,n_CN,auc,auc_raw,auc_ci_low,auc_ci_high,direction,abs_auc_minus_0_5
pipeline_01,CC_2,AD,mean,CC_2_AD,30,15,15,0.7022222222222222,0.7022222222222222,0.52,0.884555555555555,higher_values_AD,0.2022222222222222
pipeline_01,CC_2,FA,mean,CC_2_FA,30,15,15,0.6266666666666667,0.37333333333333335,0.5066666666666666,0.8177777777777777,lower_values_AD,0.1266666666666667
pipeline_01,CC_2,MD,mean,CC_2_MD,30,15,15,0.6888888888888889,0.6888888888888889,0.5155555555555555,0.8666666666666667,higher_values_AD,0.18888888888888888
pipeline_01,CC_2,RD,mean,CC_2_RD,30,15,15,0.6622222222222222,0.6622222222222222,0.5111111111111111,0.8444444444444444,higher_values_AD,0.16222222222222216
pipeline_01,CC_7,AD,mean,CC_7_AD,30,15,15,0.5199999999999999,0.5199999999999999,0.5022222222222222,0.7377777777777779,higher_values_AD,0.019999999999999907
pipeline_01,CC_7,FA,mean,CC_7_FA,30,15,15,0.5644444444444444,0.5644444444444444,0.5022222222222222,0.768888888888889,higher_values_AD,0.06444444444444442
pipeline_01,CC_7,MD,mean,CC_7_MD,30,15,15,0.5155555555555555,0.4844444444444444,0.5022222222222222,0.7466666666666666,lower_values_AD,0.015555555555555545
pipeline_01,CC_7,RD,mean,CC_7_RD,30,15,15,0.5422222222222223,0.45777777777777773,0.5022222222222222,0.7601111111111105,lower_values_AD,0.04222222222222227
pipeline_01,CG_left,AD,mean,CG_left_AD,30,15,15,0.6133333333333333,0.38666666666666666,0.5066666666666666,0.8177777777777777,lower_values_AD,0.11333333333333329
pipeline_01,CG_left,FA,mean,CG_left_FA,30,15,15,0.7022222222222223,0.29777777777777775,0.52,0.8755555555555555,lower_values_AD,0.2022222222222223
pipeline_01,CG_left,MD,mean,CG_left_MD,30,15,15,0.5466666666666666,0.5466666666666666,0.5022222222222222,0.7601111111111105,higher_values_AD,0.046666666666666634
pipeline_01,CG_left,RD,mean,CG_left_RD,30,15,15,0.6622222222222223,0.6622222222222223,0.5111111111111111,0.8444444444444444,higher_values_AD,0.16222222222222227
pipeline_01,CG_right,AD,mean,CG_right_AD,30,15,15,0.5866666666666667,0.41333333333333333,0.5022222222222222,0.8044444444444444,lower_values_AD,0.08666666666666667
pipeline_01,CG_right,FA,mean,CG_right_FA,30,15,15,0.7111111111111111,0.28888888888888886,0.5288888888888889,0.88,lower_values_AD,0.21111111111111114
pipeline_01,CG_right,MD,mean,CG_right_MD,30,15,15,0.5688888888888889,0.5688888888888889,0.5066666666666666,0.7734444444444439,higher_values_AD,0.06888888888888889
pipeline_01,CG_right,RD,mean,CG_right_RD,30,15,15,0.7066666666666666,0.7066666666666666,0.52,0.888888888888889,higher_values_AD,0.20666666666666655
pipeline_01,IFO_left,AD,mean,IFO_left_AD,30,15,15,0.5022222222222222,0.49777777777777776,0.5022222222222222,0.7423333333333328,lower_values_AD,0.0022222222222222365
pipeline_01,IFO_left,FA,mean,IFO_left_FA,30,15,15,0.5911111111111111,0.40888888888888886,0.5066666666666666,0.7911111111111111,lower_values_AD,0.09111111111111114
pipeline_01,IFO_left,MD,mean,IFO_left_MD,30,15,15,0.5377777777777777,0.5377777777777777,0.5022222222222222,0.7555555555555555,higher_values_AD,0.03777777777777769
pipeline_01,IFO_left,RD,mean,IFO_left_RD,30,15,15,0.5644444444444444,0.5644444444444444,0.5022222222222222,0.7644444444444445,higher_values_AD,0.06444444444444442
pipeline_01,IFO_right,AD,mean,IFO_right_AD,30,15,15,0.5155555555555555,0.4844444444444444,0.5022222222222222,0.7467777777777772,lower_values_AD,0.015555555555555545
pipeline_01,IFO_right,FA,mean,IFO_right_FA,30,15,15,0.5377777777777778,0.4622222222222222,0.5022222222222222,0.7511111111111111,lower_values_AD,0.0377777777777778
pipeline_01,IFO_right,MD,mean,IFO_right_MD,30,15,15,0.52,0.52,0.5022222222222222,0.7511111111111111,higher_values_AD,0.020000000000000018
pipeline_01,IFO_right,RD,mean,IFO_right_RD,30,15,15,0.528888888888889,0.528888888888889,0.5022222222222222,0.7511111111111111,higher_values_AD,0.028888888888888964
pipeline_01,ILF_left,AD,mean,ILF_left_AD,30,15,15,0.7333333333333334,0.7333333333333334,0.5465555555555556,0.8977777777777778,higher_values_AD,0.2333333333333334
pipeline_01,ILF_left,FA,mean,ILF_left_FA,30,15,15,0.6177777777777778,0.38222222222222224,0.5066666666666667,0.8177777777777778,lower_values_AD,0.11777777777777776
pipeline_01,ILF_left,MD,mean,ILF_left_MD,30,15,15,0.7555555555555555,0.7555555555555555,0.56,0.9244444444444444,higher_values_AD,0.25555555555555554
pipeline_01,ILF_left,RD,mean,ILF_left_RD,30,15,15,0.768888888888889,0.768888888888889,0.5777777777777777,0.9288888888888889,higher_values_AD,0.26888888888888896
pipeline_01,ILF_right,AD,mean,ILF_right_AD,30,15,15,0.6977777777777778,0.6977777777777778,0.5244444444444445,0.8666666666666667,higher_values_AD,0.19777777777777783
pipeline_01,ILF_right,FA,mean,ILF_right_FA,30,15,15,0.6133333333333333,0.6133333333333333,0.5065555555555555,0.8177777777777777,higher_values_AD,0.11333333333333329
pipeline_01,ILF_right,MD,mean,ILF_right_MD,30,15,15,0.6355555555555555,0.6355555555555555,0.5066666666666667,0.8266666666666667,higher_values_AD,0.13555555555555554
pipeline_01,ILF_right,RD,mean,ILF_right_RD,30,15,15,0.5955555555555555,0.5955555555555555,0.5022222222222222,0.7955555555555556,higher_values_AD,0.0955555555555555
pipeline_01,UF_left,AD,mean,UF_left_AD,30,15,15,0.5244444444444445,0.5244444444444445,0.5022222222222222,0.7422222222222222,higher_values_AD,0.02444444444444449
pipeline_01,UF_left,FA,mean,UF_left_FA,30,15,15,0.7555555555555555,0.24444444444444446,0.5644444444444445,0.9199999999999999,lower_values_AD,0.25555555555555554
pipeline_01,UF_left,MD,mean,UF_left_MD,30,15,15,0.7244444444444444,0.7244444444444444,0.5377777777777777,0.8844444444444445,higher_values_AD,0.22444444444444445
pipeline_01,UF_left,RD,mean,UF_left_RD,30,15,15,0.76,0.76,0.5733333333333333,0.9155555555555556,higher_values_AD,0.26
pipeline_01,UF_right,AD,mean,UF_right_AD,30,15,15,0.5822222222222222,0.5822222222222222,0.5066666666666666,0.7999999999999999,higher_values_AD,0.0822222222222222
pipeline_01,UF_right,FA,mean,UF_right_FA,30,15,15,0.7288888888888889,0.2711111111111111,0.5422222222222222,0.8933333333333333,lower_values_AD,0.22888888888888892
pipeline_01,UF_right,MD,mean,UF_right_MD,30,15,15,0.7377777777777778,0.7377777777777778,0.5422222222222223,0.9023333333333328,higher_values_AD,0.23777777777777775
pipeline_01,UF_right,RD,mean,UF_right_RD,30,15,15,0.768888888888889,0.768888888888889,0.5865555555555556,0.9199999999999999,higher_values_AD,0.26888888888888896
pipeline_02,CC_2,AD,mean,CC_2_AD,30,15,15,0.6577777777777778,0.6577777777777778,0.5111111111111111,0.8444444444444444,higher_values_AD,0.1577777777777778
pipeline_02,CC_2,FA,mean,CC_2_FA,30,15,15,0.5955555555555556,0.4044444444444444,0.5022222222222223,0.7911111111111111,lower_values_AD,0.09555555555555562
pipeline_02,CC_2,MD,mean,CC_2_MD,30,15,15,0.6577777777777778,0.6577777777777778,0.5066666666666667,0.84,higher_values_AD,0.1577777777777778
pipeline_02,CC_2,RD,mean,CC_2_RD,30,15,15,0.6177777777777778,0.6177777777777778,0.5066666666666666,0.8088888888888889,higher_values_AD,0.11777777777777776
pipeline_02,CC_7,AD,mean,CC_7_AD,30,15,15,0.5688888888888889,0.5688888888888889,0.5022222222222222,0.768888888888889,higher_values_AD,0.06888888888888889
pipeline_02,CC_7,FA,mean,CC_7_FA,30,15,15,0.5866666666666667,0.5866666666666667,0.5065555555555555,0.7822222222222223,higher_values_AD,0.08666666666666667
pipeline_02,CC_7,MD,mean,CC_7_MD,30,15,15,0.5377777777777778,0.5377777777777778,0.5022222222222223,0.7511111111111111,higher_values_AD,0.0377777777777778
pipeline_02,CC_7,RD,mean,CC_7_RD,30,15,15,0.5155555555555555,0.4844444444444445,0.5022222222222222,0.7422222222222222,lower_values_AD,0.015555555555555545
pipeline_02,CG_left,AD,mean,CG_left_AD,30,15,15,0.6355555555555555,0.36444444444444446,0.5111111111111111,0.8266666666666667,lower_values_AD,0.13555555555555554
pipeline_02,CG_left,FA,mean,CG_left_FA,30,15,15,0.7155555555555555,0.28444444444444444,0.528888888888889,0.8844444444444445,lower_values_AD,0.2155555555555555
pipeline_02,CG_left,MD,mean,CG_left_MD,30,15,15,0.5555555555555555,0.5555555555555555,0.5066666666666666,0.7733333333333333,higher_values_AD,0.05555555555555547
pipeline_02,CG_left,RD,mean,CG_left_RD,30,15,15,0.6977777777777777,0.6977777777777777,0.52,0.8711111111111112,higher_values_AD,0.19777777777777772
pipeline_02,CG_right,AD,mean,CG_right_AD,30,15,15,0.6311111111111112,0.3688888888888889,0.5066666666666667,0.8444444444444444,lower_values_AD,0.13111111111111118
pipeline_02,CG_right,FA,mean,CG_right_FA,30,15,15,0.7111111111111111,0.28888888888888886,0.5288888888888889,0.8844444444444445,lower_values_AD,0.21111111111111114
pipeline_02,CG_right,MD,mean,CG_right_MD,30,15,15,0.5777777777777777,0.5777777777777777,0.5022222222222222,0.7822222222222222,higher_values_AD,0.07777777777777772
pipeline_02,CG_right,RD,mean,CG_right_RD,30,15,15,0.6933333333333334,0.6933333333333334,0.52,0.8666666666666667,higher_values_AD,0.19333333333333336
pipeline_02,IFO_left,AD,mean,IFO_left_AD,30,15,15,0.5333333333333333,0.5333333333333333,0.5022222222222223,0.7555555555555555,higher_values_AD,0.033333333333333326
pipeline_02,IFO_left,FA,mean,IFO_left_FA,30,15,15,0.5955555555555556,0.40444444444444444,0.5066666666666666,0.7911111111111111,lower_values_AD,0.09555555555555562
pipeline_02,IFO_left,MD,mean,IFO_left_MD,30,15,15,0.5911111111111111,0.5911111111111111,0.5066666666666666,0.7867777777777772,higher_values_AD,0.09111111111111114
pipeline_02,IFO_left,RD,mean,IFO_left_RD,30,15,15,0.6088888888888889,0.6088888888888889,0.5066666666666666,0.7956666666666661,higher_values_AD,0.10888888888888892
pipeline_02,IFO_right,AD,mean,IFO_right_AD,30,15,15,0.5022222222222222,0.49777777777777776,0.5022222222222222,0.7467777777777772,lower_values_AD,0.0022222222222222365
pipeline_02,IFO_right,FA,mean,IFO_right_FA,30,15,15,0.5155555555555555,0.5155555555555555,0.5065555555555555,0.7377777777777778,higher_values_AD,0.015555555555555545
pipeline_02,IFO_right,MD,mean,IFO_right_MD,30,15,15,0.5199999999999999,0.5199999999999999,0.5022222222222222,0.7511111111111111,higher_values_AD,0.019999999999999907
pipeline_02,IFO_right,RD,mean,IFO_right_RD,30,15,15,0.5066666666666667,0.4933333333333333,0.5022222222222222,0.7511111111111112,lower_values_AD,0.00666666666666671
pipeline_02,ILF_left,AD,mean,ILF_left_AD,30,15,15,0.6355555555555555,0.6355555555555555,0.5066666666666667,0.8266666666666667,higher_values_AD,0.13555555555555554
pipeline_02,ILF_left,FA,mean,ILF_left_FA,30,15,15,0.6444444444444444,0.35555555555555557,0.5111111111111111,0.8355555555555556,lower_values_AD,0.14444444444444438
pipeline_02,ILF_left,MD,mean,ILF_left_MD,30,15,15,0.72,0.72,0.5333333333333333,0.8933333333333333,higher_values_AD,0.21999999999999997
pipeline_02,ILF_left,RD,mean,ILF_left_RD,30,15,15,0.7422222222222222,0.7422222222222222,0.5555555555555556,0.9066666666666667,higher_values_AD,0.24222222222222223
pipeline_02,ILF_right,AD,mean,ILF_right_AD,30,15,15,0.6222222222222222,0.6222222222222222,0.5066666666666666,0.8177777777777778,higher_values_AD,0.12222222222222223
pipeline_02,ILF_right,FA,mean,ILF_right_FA,30,15,15,0.6044444444444445,0.6044444444444445,0.5066666666666666,0.7955555555555556,higher_values_AD,0.10444444444444445
pipeline_02,ILF_right,MD,mean,ILF_right_MD,30,15,15,0.6000000000000001,0.6000000000000001,0.5066666666666666,0.8,higher_values_AD,0.10000000000000009
pipeline_02,ILF_right,RD,mean,ILF_right_RD,30,15,15,0.5555555555555555,0.5555555555555555,0.5022222222222222,0.7688888888888888,higher_values_AD,0.05555555555555547
pipeline_02,UF_left,AD,mean,UF_left_AD,30,15,15,0.6266666666666667,0.6266666666666667,0.5066666666666667,0.8178888888888884,higher_values_AD,0.1266666666666667
pipeline_02,UF_left,FA,mean,UF_left_FA,30,15,15,0.6977777777777778,0.3022222222222222,0.5244444444444445,0.884555555555555,lower_values_AD,0.19777777777777783
pipeline_02,UF_left,MD,mean,UF_left_MD,30,15,15,0.72,0.72,0.5377777777777778,0.8801111111111106,higher_values_AD,0.21999999999999997
pipeline_02,UF_left,RD,mean,UF_left_RD,30,15,15,0.7422222222222222,0.7422222222222222,0.5511111111111111,0.9066666666666666,higher_values_AD,0.24222222222222223
pipeline_02,UF_right,AD,mean,UF_right_AD,30,15,15,0.6488888888888888,0.6488888888888888,0.5066666666666668,0.8444444444444444,higher_values_AD,0.14888888888888885
pipeline_02,UF_right,FA,mean,UF_right_FA,30,15,15,0.7066666666666667,0.29333333333333333,0.5244444444444445,0.8888888888888888,lower_values_AD,0.20666666666666667
pipeline_02,UF_right,MD,mean,UF_right_MD,30,15,15,0.7511111111111111,0.7511111111111111,0.5555555555555556,0.9155555555555556,higher_values_AD,0.25111111111111106
pipeline_02,UF_right,RD,mean,UF_right_RD,30,15,15,0.7733333333333333,0.7733333333333333,0.5822222222222222,0.9334444444444439,higher_values_AD,0.2733333333333333
pipeline_03,CC_2,AD,mean,CC_2_AD,30,15,15,0.68,0.68,0.5155555555555555,0.8577777777777778,higher_values_AD,0.18000000000000005
pipeline_03,CC_2,FA,mean,CC_2_FA,30,15,15,0.6222222222222222,0.3777777777777778,0.5066666666666666,0.8177777777777778,lower_values_AD,0.12222222222222223
pipeline_03,CC_2,MD,mean,CC_2_MD,30,15,15,0.6533333333333333,0.6533333333333333,0.5066666666666667,0.8356666666666661,higher_values_AD,0.15333333333333332
pipeline_03,CC_2,RD,mean,CC_2_RD,30,15,15,0.6444444444444445,0.6444444444444445,0.5111111111111111,0.8266666666666667,higher_values_AD,0.1444444444444445
pipeline_03,CC_7,AD,mean,CC_7_AD,30,15,15,0.6311111111111111,0.6311111111111111,0.5066666666666667,0.8400000000000001,higher_values_AD,0.13111111111111107
pipeline_03,CC_7,FA,mean,CC_7_FA,30,15,15,0.528888888888889,0.528888888888889,0.5022222222222222,0.7422222222222221,higher_values_AD,0.028888888888888964
pipeline_03,CC_7,MD,mean,CC_7_MD,30,15,15,0.5422222222222222,0.5422222222222222,0.5022222222222222,0.755666666666666,higher_values_AD,0.04222222222222216
pipeline_03,CC_7,RD,mean,CC_7_RD,30,15,15,0.5333333333333333,0.5333333333333333,0.5022222222222222,0.7511111111111111,higher_values_AD,0.033333333333333326
pipeline_03,CG_left,AD,mean,CG_left_AD,30,15,15,0.6,0.4,0.5066666666666666,0.8044444444444444,lower_values_AD,0.09999999999999998
pipeline_03,CG_left,FA,mean,CG_left_FA,30,15,15,0.7155555555555555,0.28444444444444444,0.5287777777777778,0.8888888888888888,lower_values_AD,0.2155555555555555
pipeline_03,CG_left,MD,mean,CG_left_MD,30,15,15,0.5688888888888889,0.5688888888888889,0.5066666666666666,0.7777777777777778,higher_values_AD,0.06888888888888889
pipeline_03,CG_left,RD,mean,CG_left_RD,30,15,15,0.68,0.68,0.5111111111111112,0.8577777777777778,higher_values_AD,0.18000000000000005
pipeline_03,CG_right,AD,mean,CG_right_AD,30,15,15,0.6133333333333333,0.38666666666666666,0.5066666666666666,0.8311111111111111,lower_values_AD,0.11333333333333329
pipeline_03,CG_right,FA,mean,CG_right_FA,30,15,15,0.6133333333333333,0.38666666666666666,0.5066666666666666,0.8133333333333334,lower_values_AD,0.11333333333333329
pipeline_03,CG_right,MD,mean,CG_right_MD,30,15,15,0.5911111111111111,0.5911111111111111,0.5066666666666666,0.7911111111111111,higher_values_AD,0.09111111111111114
pipeline_03,CG_right,RD,mean,CG_right_RD,30,15,15,0.6355555555555555,0.6355555555555555,0.511,0.8266666666666667,higher_values_AD,0.13555555555555554
pipeline_03,IFO_left,AD,mean,IFO_left_AD,30,15,15,0.5511111111111111,0.5511111111111111,0.5022222222222222,0.76,higher_values_AD,0.05111111111111111
pipeline_03,IFO_left,FA,mean,IFO_left_FA,30,15,15,0.6044444444444445,0.39555555555555555,0.5022222222222222,0.8044444444444445,lower_values_AD,0.10444444444444445
pipeline_03,IFO_left,MD,mean,IFO_left_MD,30,15,15,0.6,0.6,0.5065555555555555,0.7956666666666661,higher_values_AD,0.09999999999999998
pipeline_03,IFO_left,RD,mean,IFO_left_RD,30,15,15,0.6444444444444444,0.6444444444444444,0.5066666666666667,0.8312222222222216,higher_values_AD,0.14444444444444438
pipeline_03,IFO_right,AD,mean,IFO_right_AD,30,15,15,0.5066666666666667,0.5066666666666667,0.5022222222222222,0.7466666666666666,higher_values_AD,0.00666666666666671
pipeline_03,IFO_right,FA,mean,IFO_right_FA,30,15,15,0.5288888888888889,0.47111111111111115,0.5022222222222222,0.7511111111111111,lower_values_AD,0.028888888888888853
pipeline_03,IFO_right,MD,mean,IFO_right_MD,30,15,15,0.5066666666666666,0.5066666666666666,0.5022222222222222,0.7466666666666666,higher_values_AD,0.006666666666666599
pipeline_03,IFO_right,RD,mean,IFO_right_RD,30,15,15,0.52,0.52,0.5022222222222222,0.7466666666666667,higher_values_AD,0.020000000000000018
pipeline_03,ILF_left,AD,mean,ILF_left_AD,30,15,15,0.7022222222222222,0.7022222222222222,0.52,0.8755555555555556,higher_values_AD,0.2022222222222222
pipeline_03,ILF_left,FA,mean,ILF_left_FA,30,15,15,0.6711111111111111,0.3288888888888889,0.5111111111111111,0.8577777777777778,lower_values_AD,0.1711111111111111
pipeline_03,ILF_left,MD,mean,ILF_left_MD,30,15,15,0.7422222222222222,0.7422222222222222,0.5465555555555556,0.9111111111111111,higher_values_AD,0.24222222222222223
pipeline_03,ILF_left,RD,mean,ILF_left_RD,30,15,15,0.76,0.76,0.5644444444444444,0.92,higher_values_AD,0.26
pipeline_03,ILF_right,AD,mean,ILF_right_AD,30,15,15,0.648888888888889,0.648888888888889,0.5111111111111111,0.8267777777777773,higher_values_AD,0.14888888888888896
pipeline_03,ILF_right,FA,mean,ILF_right_FA,30,15,15,0.568888888888889,0.568888888888889,0.5066666666666666,0.76,higher_values_AD,0.068888888888889
pipeline_03,ILF_right,MD,mean,ILF_right_MD,30,15,15,0.6266666666666667,0.6266666666666667,0.5066666666666666,0.8133333333333334,higher_values_AD,0.1266666666666667
pipeline_03,ILF_right,RD,mean,ILF_right_RD,30,15,15,0.5822222222222222,0.5822222222222222,0.5066666666666666,0.7822222222222223,higher_values_AD,0.0822222222222222
pipeline_03,UF_left,AD,mean,UF_left_AD,30,15,15,0.5955555555555556,0.5955555555555556,0.5066666666666666,0.8001111111111106,higher_values_AD,0.09555555555555562
pipeline_03,UF_left,FA,mean,UF_left_FA,30,15,15,0.7422222222222222,0.2577777777777778,0.5511111111111111,0.9067777777777772,lower_values_AD,0.24222222222222223
pipeline_03,UF_left,MD,mean,UF_left_MD,30,15,15,0.7288888888888889,0.7288888888888889,0.5422222222222222,0.888888888888889,higher_values_AD,0.22888888888888892
pipeline_03,UF_left,RD,mean,UF_left_RD,30,15,15,0.7644444444444445,0.7644444444444445,0.5777777777777777,0.9244444444444444,higher_values_AD,0.2644444444444445
pipeline_03,UF_right,AD,mean,UF_right_AD,30,15,15,0.6488888888888888,0.6488888888888888,0.5111111111111111,0.8445555555555551,higher_values_AD,0.14888888888888885
pipeline_03,UF_right,FA,mean,UF_right_FA,30,15,15,0.76,0.24000000000000002,0.5555555555555556,0.9244444444444444,lower_values_AD,0.26
pipeline_03,UF_right,MD,mean,UF_right_MD,30,15,15,0.7733333333333333,0.7733333333333333,0.5822222222222222,0.9333333333333333,higher_values_AD,0.2733333333333333
pipeline_03,UF_right,RD,mean,UF_right_RD,30,15,15,0.8,0.8,0.6177777777777778,0.9466666666666667,higher_values_AD,0.30000000000000004
