pipeline,tract,metric,feature,biomarker,fpr,tpr,threshold,auc,direction
pipeline_01,UF_left,FA,mean,UF_left_FA,0.0,0.0,inf,0.7555555555555555,lower_values_AD
pipeline_01,UF_left,FA,mean,UF_left_FA,0.0,0.06666666666666667,-0.3450584272019938,0.7555555555555555,lower_values_AD
pipeline_01,UF_left,FA,mean,UF_left_FA,0.0,0.3333333333333333,-0.3819295579191483,0.7555555555555555,lower_values_AD
pipeline_01,UF_left,FA,mean,UF_left_FA,0.06666666666666667,0.3333333333333333,-0.3854699859148981,0.7555555555555555,lower_values_AD
pipeline_01,UF_left,FA,mean,UF_left_FA,0.06666666666666667,0.5333333333333333,-0.4048935953671498,0.7555555555555555,lower_values_AD
pipeline_01,UF_left,FA,mean,UF_left_FA,0.2,0.5333333333333333,-0.417738984404766,0.7555555555555555,lower_values_AD
pipeline_01,UF_left,FA,mean,UF_left_FA,0.2,0.6,-0.4191332528685962,0.7555555555555555,lower_values_AD
pipeline_01,UF_left,FA,mean,UF_left_FA,0.26666666666666666,0.6,-0.4194092958182479,0.7555555555555555,lower_values_AD
pipeline_01,UF_left,FA,mean,UF_left_FA,0.26666666666666666,0.7333333333333333,-0.4227621204530952,0.7555555555555555,lower_values_AD
pipeline_01,UF_left,FA,mean,UF_left_FA,0.4666666666666667,0.7333333333333333,-0.4284126037786601,0.7555555555555555,lower_values_AD
pipeline_01,UF_left,FA,mean,UF_left_FA,0.4666666666666667,0.8,-0.4331497502359436,0.7555555555555555,lower_values_AD
pipeline_01,UF_left,FA,mean,UF_left_FA,0.6,0.8,-0.445036220220314,0.7555555555555555,lower_values_AD
pipeline_01,UF_left,FA,mean,UF_left_FA,0.6,0.8666666666666667,-0.4525070665428588,0.7555555555555555,lower_values_AD
pipeline_01,UF_left,FA,mean,UF_left_FA,0.7333333333333333,0.8666666666666667,-0.460898028644974,0.7555555555555555,lower_values_AD
pipeline_01,UF_left,FA,mean,UF_left_FA,0.7333333333333333,0.9333333333333333,-0.4610249699766438,0.7555555555555555,lower_values_AD
pipeline_01,UF_left,FA,mean,UF_left_FA,0.9333333333333333,0.9333333333333333,-0.4660170052674131,0.7555555555555555,lower_values_AD
pipeline_01,UF_left,FA,mean,UF_left_FA,0.9333333333333333,1.0,-0.4777434454316038,0.7555555555555555,lower_values_AD
pipeline_01,UF_left,FA,mean,UF_left_FA,1.0,1.0,-0.4807113922073735,0.7555555555555555,lower_values_AD
pipeline_01,UF_left,MD,mean,UF_left_MD,0.0,0.0,inf,0.7244444444444444,higher_values_AD
pipeline_01,UF_left,MD,mean,UF_left_MD,0.0,0.06666666666666667,0.0009971108114273,0.7244444444444444,higher_values_AD
pipeline_01,UF_left,MD,mean,UF_left_MD,0.0,0.13333333333333333,0.0009595653907565,0.7244444444444444,higher_values_AD
pipeline_01,UF_left,MD,mean,UF_left_MD,0.06666666666666667,0.13333333333333333,0.0008815706137261,0.7244444444444444,higher_values_AD
pipeline_01,UF_left,MD,mean,UF_left_MD,0.06666666666666667,0.3333333333333333,0.0008670288076013,0.7244444444444444,higher_values_AD
pipeline_01,UF_left,MD,mean,UF_left_MD,0.2,0.3333333333333333,0.0008342167442629,0.7244444444444444,higher_values_AD
pipeline_01,UF_left,MD,mean,UF_left_MD,0.2,0.6,0.0008248363415561,0.7244444444444444,higher_values_AD
pipeline_01,UF_left,MD,mean,UF_left_MD,0.3333333333333333,0.6,0.0008242792477031,0.7244444444444444,higher_values_AD
pipeline_01,UF_left,MD,mean,UF_left_MD,0.3333333333333333,0.7333333333333333,0.0008220579687065,0.7244444444444444,higher_values_AD
pipeline_01,UF_left,MD,mean,UF_left_MD,0.5333333333333333,0.7333333333333333,0.0008068105776947,0.7244444444444444,higher_values_AD
pipeline_01,UF_left,MD,mean,UF_left_MD,0.5333333333333333,0.8666666666666667,0.0007991898641531,0.7244444444444444,higher_values_AD
pipeline_01,UF_left,MD,mean,UF_left_MD,0.6,0.8666666666666667,0.0007984189152881,0.7244444444444444,higher_values_AD
pipeline_01,UF_left,MD,mean,UF_left_MD,0.6,0.9333333333333333,0.000789563293408,0.7244444444444444,higher_values_AD
pipeline_01,UF_left,MD,mean,UF_left_MD,0.8,0.9333333333333333,0.0007733493070357,0.7244444444444444,higher_values_AD
pipeline_01,UF_left,MD,mean,UF_left_MD,0.8,1.0,0.0007658734367426,0.7244444444444444,higher_values_AD
pipeline_01,UF_left,MD,mean,UF_left_MD,1.0,1.0,0.0007641191642447,0.7244444444444444,higher_values_AD
pipeline_01,UF_left,RD,mean,UF_left_RD,0.0,0.0,inf,0.76,higher_values_AD
pipeline_01,UF_left,RD,mean,UF_left_RD,0.0,0.06666666666666667,0.0008090031211388,0.76,higher_values_AD
pipeline_01,UF_left,RD,mean,UF_left_RD,0.0,0.26666666666666666,0.0006852360016016,0.76,higher_values_AD
pipeline_01,UF_left,RD,mean,UF_left_RD,0.06666666666666667,0.26666666666666666,0.0006669666402872,0.76,higher_values_AD
pipeline_01,UF_left,RD,mean,UF_left_RD,0.06666666666666667,0.4666666666666667,0.0006427778985718,0.76,higher_values_AD
pipeline_01,UF_left,RD,mean,UF_left_RD,0.2,0.4666666666666667,0.0006387456903352,0.76,higher_values_AD
pipeline_01,UF_left,RD,mean,UF_left_RD,0.2,0.6666666666666666,0.000619405147251,0.76,higher_values_AD
pipeline_01,UF_left,RD,mean,UF_left_RD,0.26666666666666666,0.6666666666666666,0.0006174609673584,0.76,higher_values_AD
pipeline_01,UF_left,RD,mean,UF_left_RD,0.26666666666666666,0.7333333333333333,0.0006170954537545,0.76,higher_values_AD
pipeline_01,UF_left,RD,mean,UF_left_RD,0.4,0.7333333333333333,0.0006090318814318,0.76,higher_values_AD
pipeline_01,UF_left,RD,mean,UF_left_RD,0.4,0.8,0.0006042290731036,0.76,higher_values_AD
pipeline_01,UF_left,RD,mean,UF_left_RD,0.5333333333333333,0.8,0.0006013096962697,0.76,higher_values_AD
pipeline_01,UF_left,RD,mean,UF_left_RD,0.5333333333333333,0.8666666666666667,0.0005822683129343,0.76,higher_values_AD
pipeline_01,UF_left,RD,mean,UF_left_RD,0.6666666666666666,0.8666666666666667,0.000570385286842,0.76,higher_values_AD
pipeline_01,UF_left,RD,mean,UF_left_RD,0.6666666666666666,0.9333333333333333,0.0005697292008735,0.76,higher_values_AD
pipeline_01,UF_left,RD,mean,UF_left_RD,0.9333333333333333,0.9333333333333333,0.0005511779909624,0.76,higher_values_AD
pipeline_01,UF_left,RD,mean,UF_left_RD,0.9333333333333333,1.0,0.000541352713468,0.76,higher_values_AD
pipeline_01,UF_left,RD,mean,UF_left_RD,1.0,1.0,0.0005372631433432,0.76,higher_values_AD
pipeline_01,UF_right,FA,mean,UF_right_FA,0.0,0.0,inf,0.7288888888888889,lower_values_AD
pipeline_01,UF_right,FA,mean,UF_right_FA,0.0,0.06666666666666667,-0.3480927637728095,0.7288888888888889,lower_values_AD
pipeline_01,UF_right,FA,mean,UF_right_FA,0.0,0.4666666666666667,-0.3915158948928507,0.7288888888888889,lower_values_AD
pipeline_01,UF_right,FA,mean,UF_right_FA,0.13333333333333333,0.4666666666666667,-0.4024573359030226,0.7288888888888889,lower_values_AD
pipeline_01,UF_right,FA,mean,UF_right_FA,0.13333333333333333,0.5333333333333333,-0.4032632851493147,0.7288888888888889,lower_values_AD
pipeline_01,UF_right,FA,mean,UF_right_FA,0.3333333333333333,0.5333333333333333,-0.4092789822016447,0.7288888888888889,lower_values_AD
pipeline_01,UF_right,FA,mean,UF_right_FA,0.3333333333333333,0.7333333333333333,-0.4151592969548207,0.7288888888888889,lower_values_AD
pipeline_01,UF_right,FA,mean,UF_right_FA,0.4666666666666667,0.7333333333333333,-0.4250336765321719,0.7288888888888889,lower_values_AD
pipeline_01,UF_right,FA,mean,UF_right_FA,0.4666666666666667,0.8,-0.4322237838274541,0.7288888888888889,lower_values_AD
pipeline_01,UF_right,FA,mean,UF_right_FA,0.7333333333333333,0.8,-0.4436095604242893,0.7288888888888889,lower_values_AD
pipeline_01,UF_right,FA,mean,UF_right_FA,0.7333333333333333,0.8666666666666667,-0.443613505340488,0.7288888888888889,lower_values_AD
pipeline_01,UF_right,FA,mean,UF_right_FA,0.8666666666666667,0.8666666666666667,-0.449692648280572,0.7288888888888889,lower_values_AD
pipeline_01,UF_right,FA,mean,UF_right_FA,0.8666666666666667,1.0,-0.4630114441179202,0.7288888888888889,lower_values_AD
pipeline_01,UF_right,FA,mean,UF_right_FA,1.0,1.0,-0.4673396174720697,0.7288888888888889,lower_values_AD
pipeline_01,UF_right,MD,mean,UF_right_MD,0.0,0.0,inf,0.7377777777777778,higher_values_AD
pipeline_01,UF_right,MD,mean,UF_right_MD,0.0,0.06666666666666667,0.0009515957222741,0.7377777777777778,higher_values_AD
pipeline_01,UF_right,MD,mean,UF_right_MD,0.0,0.2,0.0008960951128769,0.7377777777777778,higher_values_AD
pipeline_01,UF_right,MD,mean,UF_right_MD,0.06666666666666667,0.2,0.0008926050593953,0.7377777777777778,higher_values_AD
pipeline_01,UF_right,MD,mean,UF_right_MD,0.06666666666666667,0.5333333333333333,0.0008627799280091,0.7377777777777778,higher_values_AD
pipeline_01,UF_right,MD,mean,UF_right_MD,0.26666666666666666,0.5333333333333333,0.0008491632164785,0.7377777777777778,higher_values_AD
pipeline_01,UF_right,MD,mean,UF_right_MD,0.26666666666666666,0.7333333333333333,0.000834166744486,0.7377777777777778,higher_values_AD
pipeline_01,UF_right,MD,mean,UF_right_MD,0.5333333333333333,0.7333333333333333,0.0008137136729811,0.7377777777777778,higher_values_AD
pipeline_01,UF_right,MD,mean,UF_right_MD,0.5333333333333333,0.8666666666666667,0.0008088713620332,0.7377777777777778,higher_values_AD
pipeline_01,UF_right,MD,mean,UF_right_MD,0.7333333333333333,0.8666666666666667,0.0008007389336012,0.7377777777777778,higher_values_AD
pipeline_01,UF_right,MD,mean,UF_right_MD,0.7333333333333333,0.9333333333333333,0.0007957978012882,0.7377777777777778,higher_values_AD
pipeline_01,UF_right,MD,mean,UF_right_MD,1.0,0.9333333333333333,0.0007786307858822,0.7377777777777778,higher_values_AD
pipeline_01,UF_right,MD,mean,UF_right_MD,1.0,1.0,0.000776005909097,0.7377777777777778,higher_values_AD
pipeline_01,UF_right,RD,mean,UF_right_RD,0.0,0.0,inf,0.768888888888889,higher_values_AD
pipeline_01,UF_right,RD,mean,UF_right_RD,0.0,0.06666666666666667,0.0007557171367167,0.768888888888889,higher_values_AD
pipeline_01,UF_right,RD,mean,UF_right_RD,0.0,0.3333333333333333,0.0006967649876516,0.768888888888889,higher_values_AD
pipeline_01,UF_right,RD,mean,UF_right_RD,0.06666666666666667,0.3333333333333333,0.0006850143038362,0.768888888888889,higher_values_AD
pipeline_01,UF_right,RD,mean,UF_right_RD,0.06666666666666667,0.6,0.0006589089860842,0.768888888888889,higher_values_AD
pipeline_01,UF_right,RD,mean,UF_right_RD,0.26666666666666666,0.6,0.0006434213377263,0.768888888888889,higher_values_AD
pipeline_01,UF_right,RD,mean,UF_right_RD,0.26666666666666666,0.6666666666666666,0.0006314046907153,0.768888888888889,higher_values_AD
pipeline_01,UF_right,RD,mean,UF_right_RD,0.3333333333333333,0.6666666666666666,0.000627552073833,0.768888888888889,higher_values_AD
pipeline_01,UF_right,RD,mean,UF_right_RD,0.3333333333333333,0.7333333333333333,0.0006205046587481,0.768888888888889,higher_values_AD
pipeline_01,UF_right,RD,mean,UF_right_RD,0.4,0.7333333333333333,0.0006192293538402,0.768888888888889,higher_values_AD
pipeline_01,UF_right,RD,mean,UF_right_RD,0.4,0.8,0.0006132864763194,0.768888888888889,higher_values_AD
pipeline_01,UF_right,RD,mean,UF_right_RD,0.5333333333333333,0.8,0.0006024587854926,0.768888888888889,higher_values_AD
pipeline_01,UF_right,RD,mean,UF_right_RD,0.5333333333333333,0.8666666666666667,0.0005920330657035,0.768888888888889,higher_values_AD
pipeline_01,UF_right,RD,mean,UF_right_RD,0.7333333333333333,0.8666666666666667,0.0005897497104608,0.768888888888889,higher_values_AD
pipeline_01,UF_right,RD,mean,UF_right_RD,0.7333333333333333,0.9333333333333333,0.0005789459643022,0.768888888888889,higher_values_AD
pipeline_01,UF_right,RD,mean,UF_right_RD,0.9333333333333333,0.9333333333333333,0.0005609607331232,0.768888888888889,higher_values_AD
pipeline_01,UF_right,RD,mean,UF_right_RD,0.9333333333333333,1.0,0.0005602343556525,0.768888888888889,higher_values_AD
pipeline_01,UF_right,RD,mean,UF_right_RD,1.0,1.0,0.0005560410890953,0.768888888888889,higher_values_AD
pipeline_02,UF_left,FA,mean,UF_left_FA,0.0,0.0,inf,0.6977777777777778,lower_values_AD
pipeline_02,UF_left,FA,mean,UF_left_FA,0.0,0.06666666666666667,-0.3256924471627754,0.6977777777777778,lower_values_AD
pipeline_02,UF_left,FA,mean,UF_left_FA,0.0,0.4,-0.3845621684987279,0.6977777777777778,lower_values_AD
pipeline_02,UF_left,FA,mean,UF_left_FA,0.13333333333333333,0.4,-0.3986637640158756,0.6977777777777778,lower_values_AD
pipeline_02,UF_left,FA,mean,UF_left_FA,0.13333333333333333,0.4666666666666667,-0.4023413810349743,0.6977777777777778,lower_values_AD
pipeline_02,UF_left,FA,mean,UF_left_FA,0.2,0.4666666666666667,-0.4024022912527803,0.6977777777777778,lower_values_AD
pipeline_02,UF_left,FA,mean,UF_left_FA,0.2,0.5333333333333333,-0.4060344558205614,0.6977777777777778,lower_values_AD
pipeline_02,UF_left,FA,mean,UF_left_FA,0.26666666666666666,0.5333333333333333,-0.4083479672041631,0.6977777777777778,lower_values_AD
pipeline_02,UF_left,FA,mean,UF_left_FA,0.26666666666666666,0.7333333333333333,-0.4161687241703151,0.6977777777777778,lower_values_AD
pipeline_02,UF_left,FA,mean,UF_left_FA,0.7333333333333333,0.7333333333333333,-0.4406705995249427,0.6977777777777778,lower_values_AD
pipeline_02,UF_left,FA,mean,UF_left_FA,0.7333333333333333,0.8666666666666667,-0.4453925451259412,0.6977777777777778,lower_values_AD
pipeline_02,UF_left,FA,mean,UF_left_FA,0.9333333333333333,0.8666666666666667,-0.4532808464335621,0.6977777777777778,lower_values_AD
pipeline_02,UF_left,FA,mean,UF_left_FA,0.9333333333333333,0.9333333333333333,-0.4540889062666153,0.6977777777777778,lower_values_AD
pipeline_02,UF_left,FA,mean,UF_left_FA,1.0,0.9333333333333333,-0.4595488227475914,0.6977777777777778,lower_values_AD
pipeline_02,UF_left,FA,mean,UF_left_FA,1.0,1.0,-0.4633418597489059,0.6977777777777778,lower_values_AD
pipeline_02,UF_left,MD,mean,UF_left_MD,0.0,0.0,inf,0.72,higher_values_AD
pipeline_02,UF_left,MD,mean,UF_left_MD,0.0,0.06666666666666667,0.0009668991615148,0.72,higher_values_AD
pipeline_02,UF_left,MD,mean,UF_left_MD,0.0,0.2,0.0008894620708579,0.72,higher_values_AD
pipeline_02,UF_left,MD,mean,UF_left_MD,0.06666666666666667,0.2,0.000884696558905,0.72,higher_values_AD
pipeline_02,UF_left,MD,mean,UF_left_MD,0.06666666666666667,0.3333333333333333,0.0008479306098475,0.72,higher_values_AD
pipeline_02,UF_left,MD,mean,UF_left_MD,0.13333333333333333,0.3333333333333333,0.0008439365490348,0.72,higher_values_AD
pipeline_02,UF_left,MD,mean,UF_left_MD,0.13333333333333333,0.4,0.0008361586871459,0.72,higher_values_AD
pipeline_02,UF_left,MD,mean,UF_left_MD,0.26666666666666666,0.4,0.000829067495715,0.72,higher_values_AD
pipeline_02,UF_left,MD,mean,UF_left_MD,0.26666666666666666,0.6666666666666666,0.0008183247359966,0.72,higher_values_AD
pipeline_02,UF_left,MD,mean,UF_left_MD,0.3333333333333333,0.6666666666666666,0.0008177708226935,0.72,higher_values_AD
pipeline_02,UF_left,MD,mean,UF_left_MD,0.3333333333333333,0.7333333333333333,0.000816851902863,0.72,higher_values_AD
pipeline_02,UF_left,MD,mean,UF_left_MD,0.5333333333333333,0.7333333333333333,0.0008002686596168,0.72,higher_values_AD
pipeline_02,UF_left,MD,mean,UF_left_MD,0.5333333333333333,0.8666666666666667,0.0007952545413507,0.72,higher_values_AD
pipeline_02,UF_left,MD,mean,UF_left_MD,0.6,0.8666666666666667,0.0007933545803906,0.72,higher_values_AD
pipeline_02,UF_left,MD,mean,UF_left_MD,0.6,0.9333333333333333,0.0007895034854568,0.72,higher_values_AD
pipeline_02,UF_left,MD,mean,UF_left_MD,0.8666666666666667,0.9333333333333333,0.0007711298225821,0.72,higher_values_AD
pipeline_02,UF_left,MD,mean,UF_left_MD,0.8666666666666667,1.0,0.0007707245838245,0.72,higher_values_AD
pipeline_02,UF_left,MD,mean,UF_left_MD,1.0,1.0,0.0007647729657066,0.72,higher_values_AD
pipeline_02,UF_left,RD,mean,UF_left_RD,0.0,0.0,inf,0.7422222222222222,higher_values_AD
pipeline_02,UF_left,RD,mean,UF_left_RD,0.0,0.06666666666666667,0.0007964123752452,0.7422222222222222,higher_values_AD
pipeline_02,UF_left,RD,mean,UF_left_RD,0.0,0.26666666666666666,0.0007039551323516,0.7422222222222222,higher_values_AD
pipeline_02,UF_left,RD,mean,UF_left_RD,0.06666666666666667,0.26666666666666666,0.0006789555944794,0.7422222222222222,higher_values_AD
pipeline_02,UF_left,RD,mean,UF_left_RD,0.06666666666666667,0.4,0.0006482772896592,0.7422222222222222,higher_values_AD
pipeline_02,UF_left,RD,mean,UF_left_RD,0.2,0.4,0.0006326972354538,0.7422222222222222,higher_values_AD
pipeline_02,UF_left,RD,mean,UF_left_RD,0.2,0.7333333333333333,0.0006209643180504,0.7422222222222222,higher_values_AD
pipeline_02,UF_left,RD,mean,UF_left_RD,0.4666666666666667,0.7333333333333333,0.0006081376661004,0.7422222222222222,higher_values_AD
pipeline_02,UF_left,RD,mean,UF_left_RD,0.4666666666666667,0.8,0.0006061781419682,0.7422222222222222,higher_values_AD
pipeline_02,UF_left,RD,mean,UF_left_RD,0.6,0.8,0.0005880348558261,0.7422222222222222,higher_values_AD
pipeline_02,UF_left,RD,mean,UF_left_RD,0.6,0.8666666666666667,0.0005838849901509,0.7422222222222222,higher_values_AD
pipeline_02,UF_left,RD,mean,UF_left_RD,0.6666666666666666,0.8666666666666667,0.0005784810835816,0.7422222222222222,higher_values_AD
pipeline_02,UF_left,RD,mean,UF_left_RD,0.6666666666666666,0.9333333333333333,0.0005752909838029,0.7422222222222222,higher_values_AD
pipeline_02,UF_left,RD,mean,UF_left_RD,1.0,0.9333333333333333,0.0005556507889549,0.7422222222222222,higher_values_AD
pipeline_02,UF_left,RD,mean,UF_left_RD,1.0,1.0,0.000554723581289,0.7422222222222222,higher_values_AD
pipeline_02,UF_right,FA,mean,UF_right_FA,0.0,0.0,inf,0.7066666666666667,lower_values_AD
pipeline_02,UF_right,FA,mean,UF_right_FA,0.0,0.06666666666666667,-0.3521141459948296,0.7066666666666667,lower_values_AD
pipeline_02,UF_right,FA,mean,UF_right_FA,0.0,0.4666666666666667,-0.3796647271070687,0.7066666666666667,lower_values_AD
pipeline_02,UF_right,FA,mean,UF_right_FA,0.13333333333333333,0.4666666666666667,-0.3879111590197689,0.7066666666666667,lower_values_AD
pipeline_02,UF_right,FA,mean,UF_right_FA,0.13333333333333333,0.5333333333333333,-0.3884331546944506,0.7066666666666667,lower_values_AD
pipeline_02,UF_right,FA,mean,UF_right_FA,0.26666666666666666,0.5333333333333333,-0.3897837082173987,0.7066666666666667,lower_values_AD
pipeline_02,UF_right,FA,mean,UF_right_FA,0.26666666666666666,0.7333333333333333,-0.4043180763921514,0.7066666666666667,lower_values_AD
pipeline_02,UF_right,FA,mean,UF_right_FA,0.8,0.7333333333333333,-0.4223172347075412,0.7066666666666667,lower_values_AD
pipeline_02,UF_right,FA,mean,UF_right_FA,0.8,0.8666666666666667,-0.424281445923863,0.7066666666666667,lower_values_AD
pipeline_02,UF_right,FA,mean,UF_right_FA,0.9333333333333333,0.8666666666666667,-0.4323622825251422,0.7066666666666667,lower_values_AD
pipeline_02,UF_right,FA,mean,UF_right_FA,0.9333333333333333,1.0,-0.4404787028695471,0.7066666666666667,lower_values_AD
pipeline_02,UF_right,FA,mean,UF_right_FA,1.0,1.0,-0.4445143488003016,0.7066666666666667,lower_values_AD
pipeline_02,UF_right,MD,mean,UF_right_MD,0.0,0.0,inf,0.7511111111111111,higher_values_AD
pipeline_02,UF_right,MD,mean,UF_right_MD,0.0,0.06666666666666667,0.0009508467479684,0.7511111111111111,higher_values_AD
pipeline_02,UF_right,MD,mean,UF_right_MD,0.0,0.2,0.0008835105417505,0.7511111111111111,higher_values_AD
pipeline_02,UF_right,MD,mean,UF_right_MD,0.06666666666666667,0.2,0.000881553629374,0.7511111111111111,higher_values_AD
pipeline_02,UF_right,MD,mean,UF_right_MD,0.06666666666666667,0.5333333333333333,0.0008607756133315,0.7511111111111111,higher_values_AD
pipeline_02,UF_right,MD,mean,UF_right_MD,0.2,0.5333333333333333,0.0008564095928017,0.7511111111111111,higher_values_AD
pipeline_02,UF_right,MD,mean,UF_right_MD,0.2,0.7333333333333333,0.0008427380172874,0.7511111111111111,higher_values_AD
pipeline_02,UF_right,MD,mean,UF_right_MD,0.4,0.7333333333333333,0.0008247420237722,0.7511111111111111,higher_values_AD
pipeline_02,UF_right,MD,mean,UF_right_MD,0.4,0.8,0.0008233655860068,0.7511111111111111,higher_values_AD
pipeline_02,UF_right,MD,mean,UF_right_MD,0.7333333333333333,0.8,0.0008012959761347,0.7511111111111111,higher_values_AD
pipeline_02,UF_right,MD,mean,UF_right_MD,0.7333333333333333,0.8666666666666667,0.0007977283923471,0.7511111111111111,higher_values_AD
pipeline_02,UF_right,MD,mean,UF_right_MD,0.8,0.8666666666666667,0.0007976738318016,0.7511111111111111,higher_values_AD
pipeline_02,UF_right,MD,mean,UF_right_MD,0.8,0.9333333333333333,0.000791978123421,0.7511111111111111,higher_values_AD
pipeline_02,UF_right,MD,mean,UF_right_MD,0.8666666666666667,0.9333333333333333,0.0007894288106029,0.7511111111111111,higher_values_AD
pipeline_02,UF_right,MD,mean,UF_right_MD,0.8666666666666667,1.0,0.0007821623910303,0.7511111111111111,higher_values_AD
pipeline_02,UF_right,MD,mean,UF_right_MD,1.0,1.0,0.0007718093537161,0.7511111111111111,higher_values_AD
pipeline_02,UF_right,RD,mean,UF_right_RD,0.0,0.0,inf,0.7733333333333333,higher_values_AD
pipeline_02,UF_right,RD,mean,UF_right_RD,0.0,0.06666666666666667,0.0007603750842419,0.7733333333333333,higher_values_AD
pipeline_02,UF_right,RD,mean,UF_right_RD,0.0,0.26666666666666666,0.0006879075338243,0.7733333333333333,higher_values_AD
pipeline_02,UF_right,RD,mean,UF_right_RD,0.06666666666666667,0.26666666666666666,0.0006827427496128,0.7733333333333333,higher_values_AD
pipeline_02,UF_right,RD,mean,UF_right_RD,0.06666666666666667,0.6,0.0006664708573098,0.7733333333333333,higher_values_AD
pipeline_02,UF_right,RD,mean,UF_right_RD,0.2,0.6,0.0006614114272042,0.7733333333333333,higher_values_AD
pipeline_02,UF_right,RD,mean,UF_right_RD,0.2,0.8,0.0006337959647942,0.7733333333333333,higher_values_AD
pipeline_02,UF_right,RD,mean,UF_right_RD,0.7333333333333333,0.8,0.0005998674910297,0.7733333333333333,higher_values_AD
pipeline_02,UF_right,RD,mean,UF_right_RD,0.7333333333333333,0.8666666666666667,0.0005936300070019,0.7733333333333333,higher_values_AD
pipeline_02,UF_right,RD,mean,UF_right_RD,0.8666666666666667,0.8666666666666667,0.0005913950725357,0.7733333333333333,higher_values_AD
pipeline_02,UF_right,RD,mean,UF_right_RD,0.8666666666666667,1.0,0.0005760401743764,0.7733333333333333,higher_values_AD
pipeline_02,UF_right,RD,mean,UF_right_RD,1.0,1.0,0.0005624683846194,0.7733333333333333,higher_values_AD
pipeline_03,UF_left,FA,mean,UF_left_FA,0.0,0.0,inf,0.7422222222222222,lower_values_AD
pipeline_03,UF_left,FA,mean,UF_left_FA,0.0,0.06666666666666667,-0.3047241997579399,0.7422222222222222,lower_values_AD
pipeline_03,UF_left,FA,mean,UF_left_FA,0.0,0.3333333333333333,-0.3509274019036106,0.7422222222222222,lower_values_AD
pipeline_03,UF_left,FA,mean,UF_left_FA,0.06666666666666667,0.3333333333333333,-0.3682023445589176,0.7422222222222222,lower_values_AD
pipeline_03,UF_left,FA,mean,UF_left_FA,0.06666666666666667,0.6,-0.3753785107797551,0.7422222222222222,lower_values_AD
pipeline_03,UF_left,FA,mean,UF_left_FA,0.3333333333333333,0.6,-0.3960270514194308,0.7422222222222222,lower_values_AD
pipeline_03,UF_left,FA,mean,UF_left_FA,0.3333333333333333,0.7333333333333333,-0.3980724760292924,0.7422222222222222,lower_values_AD
pipeline_03,UF_left,FA,mean,UF_left_FA,0.6,0.7333333333333333,-0.4217858320250327,0.7422222222222222,lower_values_AD
pipeline_03,UF_left,FA,mean,UF_left_FA,0.6,0.8,-0.4234724434440607,0.7422222222222222,lower_values_AD
pipeline_03,UF_left,FA,mean,UF_left_FA,0.6666666666666666,0.8,-0.425914411440824,0.7422222222222222,lower_values_AD
pipeline_03,UF_left,FA,mean,UF_left_FA,0.6666666666666666,0.9333333333333333,-0.4261570861296844,0.7422222222222222,lower_values_AD
pipeline_03,UF_left,FA,mean,UF_left_FA,1.0,0.9333333333333333,-0.4463750291696579,0.7422222222222222,lower_values_AD
pipeline_03,UF_left,FA,mean,UF_left_FA,1.0,1.0,-0.4633893746510182,0.7422222222222222,lower_values_AD
pipeline_03,UF_left,MD,mean,UF_left_MD,0.0,0.0,inf,0.7288888888888889,higher_values_AD
pipeline_03,UF_left,MD,mean,UF_left_MD,0.0,0.06666666666666667,0.0010307146363579,0.7288888888888889,higher_values_AD
pipeline_03,UF_left,MD,mean,UF_left_MD,0.0,0.2,0.0008831149928042,0.7288888888888889,higher_values_AD
pipeline_03,UF_left,MD,mean,UF_left_MD,0.06666666666666667,0.2,0.0008819752322033,0.7288888888888889,higher_values_AD
pipeline_03,UF_left,MD,mean,UF_left_MD,0.06666666666666667,0.4,0.0008421991110798,0.7288888888888889,higher_values_AD
pipeline_03,UF_left,MD,mean,UF_left_MD,0.26666666666666666,0.4,0.0008336841045835,0.7288888888888889,higher_values_AD
pipeline_03,UF_left,MD,mean,UF_left_MD,0.26666666666666666,0.6666666666666666,0.0008146274890913,0.7288888888888889,higher_values_AD
pipeline_03,UF_left,MD,mean,UF_left_MD,0.3333333333333333,0.6666666666666666,0.000814031723026,0.7288888888888889,higher_values_AD
pipeline_03,UF_left,MD,mean,UF_left_MD,0.3333333333333333,0.7333333333333333,0.0008139332866405,0.7288888888888889,higher_values_AD
pipeline_03,UF_left,MD,mean,UF_left_MD,0.4666666666666667,0.7333333333333333,0.0008114131213282,0.7288888888888889,higher_values_AD
pipeline_03,UF_left,MD,mean,UF_left_MD,0.4666666666666667,0.8,0.0008085424412383,0.7288888888888889,higher_values_AD
pipeline_03,UF_left,MD,mean,UF_left_MD,0.5333333333333333,0.8,0.0007940867115175,0.7288888888888889,higher_values_AD
pipeline_03,UF_left,MD,mean,UF_left_MD,0.5333333333333333,0.9333333333333333,0.000792897484548,0.7288888888888889,higher_values_AD
pipeline_03,UF_left,MD,mean,UF_left_MD,0.9333333333333333,0.9333333333333333,0.0007660390416732,0.7288888888888889,higher_values_AD
pipeline_03,UF_left,MD,mean,UF_left_MD,0.9333333333333333,1.0,0.000762229572822,0.7288888888888889,higher_values_AD
pipeline_03,UF_left,MD,mean,UF_left_MD,1.0,1.0,0.0007601652738088,0.7288888888888889,higher_values_AD
pipeline_03,UF_left,RD,mean,UF_left_RD,0.0,0.0,inf,0.7644444444444445,higher_values_AD
pipeline_03,UF_left,RD,mean,UF_left_RD,0.0,0.06666666666666667,0.0008692607253078,0.7644444444444445,higher_values_AD
pipeline_03,UF_left,RD,mean,UF_left_RD,0.0,0.26666666666666666,0.0007075067606148,0.7644444444444445,higher_values_AD
pipeline_03,UF_left,RD,mean,UF_left_RD,0.06666666666666667,0.26666666666666666,0.0006826471408792,0.7644444444444445,higher_values_AD
pipeline_03,UF_left,RD,mean,UF_left_RD,0.06666666666666667,0.5333333333333333,0.0006539055668485,0.7644444444444445,higher_values_AD
pipeline_03,UF_left,RD,mean,UF_left_RD,0.2,0.5333333333333333,0.0006480336769226,0.7644444444444445,higher_values_AD
pipeline_03,UF_left,RD,mean,UF_left_RD,0.2,0.6,0.0006456525627874,0.7644444444444445,higher_values_AD
pipeline_03,UF_left,RD,mean,UF_left_RD,0.26666666666666666,0.6,0.0006391975599075,0.7644444444444445,higher_values_AD
pipeline_03,UF_left,RD,mean,UF_left_RD,0.26666666666666666,0.7333333333333333,0.0006299940814141,0.7644444444444445,higher_values_AD
pipeline_03,UF_left,RD,mean,UF_left_RD,0.3333333333333333,0.7333333333333333,0.0006275182341761,0.7644444444444445,higher_values_AD
pipeline_03,UF_left,RD,mean,UF_left_RD,0.3333333333333333,0.8,0.0006231607096167,0.7644444444444445,higher_values_AD
pipeline_03,UF_left,RD,mean,UF_left_RD,0.6,0.8,0.000595594331599,0.7644444444444445,higher_values_AD
pipeline_03,UF_left,RD,mean,UF_left_RD,0.6,0.9333333333333333,0.0005931170760711,0.7644444444444445,higher_values_AD
pipeline_03,UF_left,RD,mean,UF_left_RD,1.0,0.9333333333333333,0.0005630744987831,0.7644444444444445,higher_values_AD
pipeline_03,UF_left,RD,mean,UF_left_RD,1.0,1.0,0.0005465037690564,0.7644444444444445,higher_values_AD
pipeline_03,UF_right,FA,mean,UF_right_FA,0.0,0.0,inf,0.76,lower_values_AD
pipeline_03,UF_right,FA,mean,UF_right_FA,0.0,0.06666666666666667,-0.3325456537950984,0.76,lower_values_AD
pipeline_03,UF_right,FA,mean,UF_right_FA,0.0,0.5333333333333333,-0.3602826476135097,0.76,lower_values_AD
pipeline_03,UF_right,FA,mean,UF_right_FA,0.13333333333333333,0.5333333333333333,-0.3734246908272145,0.76,lower_values_AD
pipeline_03,UF_right,FA,mean,UF_right_FA,0.13333333333333333,0.7333333333333333,-0.378381376316333,0.76,lower_values_AD
pipeline_03,UF_right,FA,mean,UF_right_FA,0.6666666666666666,0.7333333333333333,-0.4046363440286857,0.76,lower_values_AD
pipeline_03,UF_right,FA,mean,UF_right_FA,0.6666666666666666,0.8,-0.4046667904717265,0.76,lower_values_AD
pipeline_03,UF_right,FA,mean,UF_right_FA,0.8,0.8,-0.4055741499759902,0.76,lower_values_AD
pipeline_03,UF_right,FA,mean,UF_right_FA,0.8,0.9333333333333333,-0.4143684006018446,0.76,lower_values_AD
pipeline_03,UF_right,FA,mean,UF_right_FA,0.9333333333333333,0.9333333333333333,-0.4175185655800938,0.76,lower_values_AD
pipeline_03,UF_right,FA,mean,UF_right_FA,0.9333333333333333,1.0,-0.4236657553135164,0.76,lower_values_AD
pipeline_03,UF_right,FA,mean,UF_right_FA,1.0,1.0,-0.4289232489521565,0.76,lower_values_AD
pipeline_03,UF_right,MD,mean,UF_right_MD,0.0,0.0,inf,0.7733333333333333,higher_values_AD
pipeline_03,UF_right,MD,mean,UF_right_MD,0.0,0.06666666666666667,0.0009635349992833,0.7733333333333333,higher_values_AD
pipeline_03,UF_right,MD,mean,UF_right_MD,0.0,0.26666666666666666,0.0008875565010594,0.7733333333333333,higher_values_AD
pipeline_03,UF_right,MD,mean,UF_right_MD,0.06666666666666667,0.26666666666666666,0.0008812723640401,0.7733333333333333,higher_values_AD
pipeline_03,UF_right,MD,mean,UF_right_MD,0.06666666666666667,0.5333333333333333,0.0008659736776551,0.7733333333333333,higher_values_AD
pipeline_03,UF_right,MD,mean,UF_right_MD,0.13333333333333333,0.5333333333333333,0.0008582295657004,0.7733333333333333,higher_values_AD
pipeline_03,UF_right,MD,mean,UF_right_MD,0.13333333333333333,0.6666666666666666,0.0008515424468852,0.7733333333333333,higher_values_AD
pipeline_03,UF_right,MD,mean,UF_right_MD,0.26666666666666666,0.6666666666666666,0.0008459835268243,0.7733333333333333,higher_values_AD
pipeline_03,UF_right,MD,mean,UF_right_MD,0.26666666666666666,0.8,0.0008362822148034,0.7733333333333333,higher_values_AD
pipeline_03,UF_right,MD,mean,UF_right_MD,0.6,0.8,0.000808971812803,0.7733333333333333,higher_values_AD
pipeline_03,UF_right,MD,mean,UF_right_MD,0.6,0.8666666666666667,0.0008052599337968,0.7733333333333333,higher_values_AD
pipeline_03,UF_right,MD,mean,UF_right_MD,0.8666666666666667,0.8666666666666667,0.0007901007387269,0.7733333333333333,higher_values_AD
pipeline_03,UF_right,MD,mean,UF_right_MD,0.8666666666666667,1.0,0.0007808425617355,0.7733333333333333,higher_values_AD
pipeline_03,UF_right,MD,mean,UF_right_MD,1.0,1.0,0.0007707791161894,0.7733333333333333,higher_values_AD
pipeline_03,UF_right,RD,mean,UF_right_RD,0.0,0.0,inf,0.8,higher_values_AD
pipeline_03,UF_right,RD,mean,UF_right_RD,0.0,0.06666666666666667,0.0007803303447728,0.8,higher_values_AD
pipeline_03,UF_right,RD,mean,UF_right_RD,0.0,0.4666666666666667,0.0006941957305066,0.8,higher_values_AD
pipeline_03,UF_right,RD,mean,UF_right_RD,0.06666666666666667,0.4666666666666667,0.0006903297256232,0.8,higher_values_AD
pipeline_03,UF_right,RD,mean,UF_right_RD,0.06666666666666667,0.6,0.0006766570616148,0.8,higher_values_AD
pipeline_03,UF_right,RD,mean,UF_right_RD,0.13333333333333333,0.6,0.0006735051732016,0.8,higher_values_AD
pipeline_03,UF_right,RD,mean,UF_right_RD,0.13333333333333333,0.6666666666666666,0.0006712699310491,0.8,higher_values_AD
pipeline_03,UF_right,RD,mean,UF_right_RD,0.2,0.6666666666666666,0.0006622396971511,0.8,higher_values_AD
pipeline_03,UF_right,RD,mean,UF_right_RD,0.2,0.8,0.0006489932799605,0.8,higher_values_AD
pipeline_03,UF_right,RD,mean,UF_right_RD,0.6,0.8,0.0006170689337622,0.8,higher_values_AD
pipeline_03,UF_right,RD,mean,UF_right_RD,0.6,0.8666666666666667,0.0006126252823557,0.8,higher_values_AD
pipeline_03,UF_right,RD,mean,UF_right_RD,0.8666666666666667,0.8666666666666667,0.000599911669434,0.8,higher_values_AD
pipeline_03,UF_right,RD,mean,UF_right_RD,0.8666666666666667,1.0,0.0005829297021799,0.8,higher_values_AD
pipeline_03,UF_right,RD,mean,UF_right_RD,1.0,1.0,0.0005700979884412,0.8,higher_values_AD
