tract,metric,feature,biomarker,auc_pipeline_01,auc_pipeline_02,auc_pipeline_03,mean_auc,median_auc,auc_range,auc_sd,same_direction_all_pipelines,pipeline_01_direction,pipeline_02_direction,pipeline_03_direction,rank_mean_auc,rank_auc_range,diagnostic_robustness_rank_score
UF_right,RD,mean,UF_right_RD,0.768888888888889,0.7733333333333333,0.8,0.7807407407407408,0.7733333333333333,0.03111111111111109,0.01682639509866748,True,higher_values_AD,higher_values_AD,higher_values_AD,1.0,14.0,15.0
ILF_left,RD,mean,ILF_left_RD,0.768888888888889,0.7422222222222222,0.76,0.757037037037037,0.76,0.026666666666666727,0.013578002059128442,True,higher_values_AD,higher_values_AD,higher_values_AD,2.0,12.0,14.0
UF_left,RD,mean,UF_left_RD,0.76,0.7422222222222222,0.7644444444444445,0.7555555555555555,0.76,0.022222222222222254,0.011758894715842638,True,higher_values_AD,higher_values_AD,higher_values_AD,3.0,6.0,9.0
UF_right,MD,mean,UF_right_MD,0.7377777777777778,0.7511111111111111,0.7733333333333333,0.7540740740740741,0.7511111111111111,0.03555555555555556,0.01796200837478836,True,higher_values_AD,higher_values_AD,higher_values_AD,4.0,18.0,22.0
ILF_left,MD,mean,ILF_left_MD,0.7555555555555555,0.72,0.7422222222222222,0.7392592592592592,0.7422222222222222,0.03555555555555556,0.01796200837478836,True,higher_values_AD,higher_values_AD,higher_values_AD,5.0,18.0,23.0
UF_right,FA,mean,UF_right_FA,0.7288888888888889,0.7066666666666667,0.76,0.731851851851852,0.7288888888888889,0.053333333333333344,0.02678983899262982,True,lower_values_AD,lower_values_AD,lower_values_AD,6.0,28.0,34.0
UF_left,FA,mean,UF_left_FA,0.7555555555555555,0.6977777777777778,0.7422222222222222,0.7318518518518519,0.7422222222222222,0.057777777777777706,0.030252707935795726,True,lower_values_AD,lower_values_AD,lower_values_AD,7.0,30.0,37.0
UF_left,MD,mean,UF_left_MD,0.7244444444444444,0.72,0.7288888888888889,0.7244444444444444,0.7244444444444444,0.008888888888888946,0.004444444444444473,True,higher_values_AD,higher_values_AD,higher_values_AD,8.0,1.0,9.0
CG_left,FA,mean,CG_left_FA,0.7022222222222223,0.7155555555555555,0.7155555555555555,0.7111111111111111,0.7155555555555555,0.013333333333333197,0.007698003589194932,True,lower_values_AD,lower_values_AD,lower_values_AD,9.0,2.0,11.0
ILF_left,AD,mean,ILF_left_AD,0.7333333333333334,0.6355555555555555,0.7022222222222222,0.6903703703703704,0.7022222222222222,0.09777777777777785,0.04995471200025889,True,higher_values_AD,higher_values_AD,higher_values_AD,10.0,37.0,47.0
CG_left,RD,mean,CG_left_RD,0.6622222222222223,0.6977777777777777,0.68,0.68,0.68,0.03555555555555545,0.017777777777777726,True,higher_values_AD,higher_values_AD,higher_values_AD,11.0,16.0,27.0
CC_2,AD,mean,CC_2_AD,0.7022222222222222,0.6577777777777778,0.68,0.68,0.68,0.0444444444444444,0.022222222222222202,True,higher_values_AD,higher_values_AD,higher_values_AD,11.0,24.0,35.0
CG_right,FA,mean,CG_right_FA,0.7111111111111111,0.7111111111111111,0.6133333333333333,0.6785185185185186,0.7111111111111111,0.09777777777777785,0.056452026320763446,True,lower_values_AD,lower_values_AD,lower_values_AD,13.0,37.0,50.0
CG_right,RD,mean,CG_right_RD,0.7066666666666666,0.6933333333333334,0.6355555555555555,0.6785185185185184,0.6933333333333334,0.07111111111111101,0.03779955799162389,True,higher_values_AD,higher_values_AD,higher_values_AD,14.0,34.0,48.0
CC_2,MD,mean,CC_2_MD,0.6888888888888889,0.6577777777777778,0.6533333333333333,0.6666666666666666,0.6577777777777778,0.03555555555555556,0.019372884193514104,True,higher_values_AD,higher_values_AD,higher_values_AD,15.0,18.0,33.0
ILF_right,AD,mean,ILF_right_AD,0.6977777777777778,0.6222222222222222,0.648888888888889,0.6562962962962963,0.648888888888889,0.0755555555555556,0.03831856935222983,True,higher_values_AD,higher_values_AD,higher_values_AD,16.0,35.0,51.0
ILF_left,FA,mean,ILF_left_FA,0.6177777777777778,0.6444444444444444,0.6711111111111111,0.6444444444444444,0.6444444444444444,0.053333333333333344,0.026666666666666672,True,lower_values_AD,lower_values_AD,lower_values_AD,17.0,28.0,45.0
CC_2,RD,mean,CC_2_RD,0.6622222222222222,0.6177777777777778,0.6444444444444445,0.6414814814814814,0.6444444444444445,0.0444444444444444,0.022369879808209613,True,higher_values_AD,higher_values_AD,higher_values_AD,18.0,24.0,42.0
UF_right,AD,mean,UF_right_AD,0.5822222222222222,0.6488888888888888,0.6488888888888888,0.6266666666666666,0.6488888888888888,0.06666666666666665,0.03849001794597504,True,higher_values_AD,higher_values_AD,higher_values_AD,19.0,33.0,52.0
ILF_right,MD,mean,ILF_right_MD,0.6355555555555555,0.6000000000000001,0.6266666666666667,0.6207407407407407,0.6266666666666667,0.03555555555555545,0.018503697773032242,True,higher_values_AD,higher_values_AD,higher_values_AD,20.0,16.0,36.0
