tract,n_biomarkers,mean_auc,median_auc,mean_auc_range,median_auc_range,n_auc_ge_0_75,n_range_le_0_05
UF_right,4,0.7233333333333334,0.742962962962963,0.04666666666666666,0.04444444444444445,2,2
ILF_left,4,0.7077777777777777,0.7148148148148148,0.05333333333333337,0.04444444444444445,1,2
UF_left,4,0.6985185185185185,0.7281481481481482,0.04777777777777778,0.03999999999999998,1,2
CC_2,4,0.6507407407407407,0.654074074074074,0.03888888888888886,0.03999999999999998,0,4
CG_left,4,0.6411111111111112,0.6481481481481481,0.026666666666666616,0.028888888888888853,0,4
CG_right,4,0.6366666666666667,0.6444444444444444,0.05888888888888891,0.05777777777777776,0,2
ILF_right,4,0.6125925925925926,0.6081481481481481,0.04888888888888884,0.04222222222222216,0,3
IFO_left,4,0.577037037037037,0.5866666666666667,0.05111111111111111,0.05555555555555558,0,2
CC_7,4,0.5488888888888889,0.5459259259259259,0.05555555555555555,0.04222222222222222,0,2
IFO_right,4,0.5174074074074074,0.5170370370370371,0.01777777777777781,0.017777777777777837,0,4
