metric,k_pipelines,G,Phi
FA,1,0.9223295858076787,0.782484406575764
FA,2,0.9592947729727295,0.8769948349111175
FA,3,0.972416398396817,0.9142227230748601
FA,4,0.9791399474704685,0.9341467736777593
FA,5,0.983227951263677,0.946558266611442
FA,6,0.9859761689885806,0.9550327151039065
MD,1,0.9525733410008594,0.9413873633681819
MD,2,0.9753914460440086,0.9690894177936432
MD,3,0.9833815382914397,0.9790001522641507
MD,4,0.9874542487187487,0.9840970585758887
MD,5,0.9899235217787499,0.9872026294330623
MD,6,0.9915805813791918,0.989293294070977
RD,1,0.9471606791303602,0.9228729009271431
RD,2,0.972705501303517,0.9594797626342327
RD,3,0.9815988414204695,0.972514545067259
RD,4,0.9861207550845059,0.9792031027760647
RD,5,0.9888585714596598,0.9832731760865112
RD,6,0.9906942016549527,0.9860108099963553
AD,1,0.9253796132506444,0.8411541648377018
AD,2,0.9608330407936435,0.9126346091382065
AD,3,0.9734410860116851,0.9397154736880806
AD,4,0.9799074746014446,0.9539747057165899
AD,5,0.9838413058971971,0.9627771562995594
AD,6,0.9864868564880952,0.9687526064395071
