metric,tract,var_subject,var_pipeline,var_residual,G1,Phi1,pipeline_facet_pct
FA,CC_2,0.00142573923179543,8.872157582997036e-05,6.283388908993195e-05,0.9577891819969448,0.903914300076256,5.624920695842719
FA,CC_7,0.0009647930517594103,0.00024393979017383507,0.00010103587083204283,0.9052044200617257,0.7366132984826476,18.624646305591614
FA,CG_left,0.0008401001528707659,0.0001734738546761803,0.00010381200182746463,0.8900194246776562,0.7518441664945416,15.524971068261614
FA,CG_right,0.0009297048169087117,9.279950122673517e-05,0.00015780341532395086,0.854894509625937,0.787680018145618,7.8623140894575405
FA,IFO_left,0.00080802138469956,0.00023934085227179719,2.5313600817659896e-05,0.9696237392434105,0.7532763918361778,22.31250521733788
FA,IFO_right,0.0006976810213349329,0.00019880046893012575,4.194813424006852e-05,0.9432849098445055,0.7434558789667888,21.184376935559925
FA,ILF_left,0.0012258603928435076,0.00020336720317241545,8.680920535587545e-05,0.9338681984598763,0.8085954059520704,13.414397525732683
FA,ILF_right,0.0013803569838804896,0.00021575437004235006,0.00010221643387212188,0.9310547237336356,0.8127741851722793,12.703929806299442
FA,UF_left,0.0012895714657718555,0.00019934362445709643,8.958944744829308e-05,0.9350406130354186,0.8169577185184708,12.628638036760336
FA,UF_right,0.0007727961924517956,0.00023258671023720643,8.347236655711409e-05,0.9025161373976764,0.7097327021127902,21.360663515752744
MD,CC_2,5.5428408108849666e-09,0.0,1.3882127160391033e-10,0.9755667849322185,0.9755667849322185,0.0
MD,CC_7,5.082220800348869e-09,1.6238727631425382e-10,7.365274250695814e-10,0.8734216713738951,0.8497083536857801,2.7149907616573987
MD,CG_left,9.725133946762673e-10,8.850390754863637e-13,2.574176211967439e-11,0.9742132440344243,0.9733502852700892,0.0885800690577214
MD,CG_right,1.12460012561897e-09,6.61196506023092e-14,1.670719381150106e-11,0.9853613540130117,0.9853042721270895,0.0057929901238583685
MD,IFO_left,5.0218344481345576e-09,0.0,2.1276144882803212e-10,0.9593547519204895,0.9593547519204895,0.0
MD,IFO_right,3.436774239101283e-09,2.3792234544905393e-11,1.2967623003328114e-10,0.9636399744912907,0.9572540139359091,0.6626915367176114
MD,ILF_left,1.2259346804519897e-08,2.213243444601823e-10,6.052021315985437e-10,0.952955821878886,0.9368382638027365,1.6913226936765502
MD,ILF_right,6.0188601234082105e-09,5.150452172021742e-10,6.491196029257283e-10,0.9026512332720281,0.8379283339151543,7.170310854421506
MD,UF_left,2.7923904523630956e-09,0.0,7.670757510427091e-11,0.9732642194968908,0.9732642194968908,0.0
MD,UF_right,1.834551826842379e-09,0.0,6.593874704631108e-11,0.9653043545954609,0.9653043545954609,0.0
RD,CC_2,6.793136656606482e-09,2.417108429146026e-11,2.027792003745966e-10,0.9710146313191793,0.9676713000045954,0.34431317580062254
RD,CC_7,5.344371522135178e-09,4.5818391822995504e-10,6.229241485425993e-10,0.895610309439913,0.8317467121615537,7.130734941885353
RD,CG_left,1.253227599933337e-09,7.858439852943826e-11,6.200532838907472e-11,0.9528560097197665,0.899133319546216,5.6380701412955725
RD,CG_right,1.3329858217986351e-09,2.8003307050135572e-11,8.827332532186661e-11,0.9378907601047212,0.9197684090708447,1.9322453962392128
RD,IFO_left,5.298657866149438e-09,1.2274025234528607e-10,2.073654281814828e-10,0.9623384397238222,0.9413537843987607,2.1805899524375008
RD,IFO_right,3.635368645795152e-09,7.876405481011863e-11,1.4586947638837442e-10,0.9614228272129711,0.9418048174849869,2.0405184038384108
RD,ILF_left,1.1927257944006036e-08,6.782684735546463e-11,5.618403777610349e-10,0.9550135355422888,0.9498549830762032,0.5401549060931793
RD,ILF_right,6.033955199764507e-09,1.213528224399857e-10,5.908261003700179e-10,0.9108157577431243,0.8944315500003406,1.798849833624033
RD,UF_left,3.777631980501227e-09,5.928659773918731e-11,1.1571139765973697e-10,0.9702796834441061,0.9557261882680856,1.4999278480573097
RD,UF_right,2.4486753536602627e-09,7.506294846943605e-11,1.1708907791681394e-10,0.9543648370537104,0.9272379452598429,2.842402689270587
AD,CC_2,4.316620228872814e-09,1.5634419069511407e-10,9.661207720209861e-11,0.9781085448257256,0.944643389146453,3.421415328217502
AD,CC_7,6.660577353946345e-09,1.184792203265105e-10,1.3486557849121403e-09,0.8316123701820025,0.8194897973252381,1.4577191599628776
AD,CG_left,2.2839048491261307e-09,2.2877428846680477e-10,2.0003156104464314e-10,0.9194699348076746,0.841927172799219,8.433420068778565
AD,CG_right,2.758317383132653e-09,1.527785008596769e-10,2.0760842331412178e-10,0.930002152156719,0.8844433813973676,4.898781218269068
AD,IFO_left,5.255911515644862e-09,4.1446612020085713e-10,2.7515340419793967e-10,0.9502530872109597,0.8840104408245201,6.971053004506955
AD,IFO_right,3.6412674952977746e-09,5.013120737984754e-10,1.6644909500706772e-10,0.9562863750335625,0.8450320893967643,11.633992550912756
AD,ILF_left,1.4411505981033966e-08,1.3177574449077668e-09,9.525408733848715e-10,0.9380019546665914,0.8639057096249305,7.8993700037648855
AD,ILF_right,8.890440190282807e-09,2.379055794367536e-09,1.039355585616603e-09,0.8953296110943972,0.7222802338244457,19.328007822552213
AD,UF_left,2.2813322150602453e-09,2.926780874094627e-10,1.870810102685976e-10,0.9242100113753545,0.8262429440617592,10.60008722128063
AD,UF_right,1.4181508142602018e-09,2.9511535063682193e-10,1.0588695737645773e-10,0.9305220911534587,0.7795664899763203,16.222677850669456
