,,,mean,mean,mean,mean,mean,mean,median,median,median,median,median,median,sd,sd,sd,sd,sd,sd,proximal_mean,proximal_mean,proximal_mean,proximal_mean,proximal_mean,proximal_mean,middle_mean,middle_mean,middle_mean,middle_mean,middle_mean,middle_mean,distal_mean,distal_mean,distal_mean,distal_mean,distal_mean,distal_mean
,,,count,mean,std,median,min,max,count,mean,std,median,min,max,count,mean,std,median,min,max,count,mean,std,median,min,max,count,mean,std,median,min,max,count,mean,std,median,min,max
pipeline,tract,metric,,,,,,,,,,,,,,,,,,,,,,,,,,,,,,,,,,,,
pipeline_01,CC_2,AD,30,0.00142643079996007,6.504392459933337e-05,0.0014240975708174,0.0013106471000847,0.0015740827219214,30,0.0012755717990919732,0.00010083594721088333,0.00126151672295225,0.0011025371982429,0.0015343283095554,30,0.00033384227347085,4.600637095108635e-05,0.00033043192298295,0.0002614725085686,0.0004449995875269,30,0.0012316070611360667,6.975745905291178e-05,0.00121478647189115,0.0011022166624015,0.0014127486662206,30,0.0018462012092308965,0.00010685068337792019,0.0018369112366819502,0.0016524435794321,0.0020488388373843,30,0.00119445454606178,5.431600690542989e-05,0.00118208998732765,0.001084458130515,0.0013167767903285
pipeline_01,CC_2,FA,30,0.4535536055506105,0.040060640341483,0.4546177666207811,0.3692724970901688,0.5234209286608684,30,0.387471951027302,0.041194360544072765,0.38208507732584235,0.3246425229125363,0.4631821101276143,30,0.13200987073033116,0.014980130268199039,0.13296419447028635,0.0998390182082102,0.1575369532507286,30,0.3739436828324989,0.034557776348560505,0.3766505182470373,0.2877524405965211,0.4471232161023628,30,0.620594059690239,0.05331416777130537,0.6290787804830367,0.5171039668148055,0.6931903276565148,30,0.36339087002217113,0.040392963723776765,0.36147725570232114,0.3008888521957111,0.4359431842089829
pipeline_01,CC_2,MD,30,0.0009197767129654566,7.353818629598072e-05,0.00090165343203265,0.0008105879420341,0.0010577237386798,30,0.0008946206908641066,8.759909224768246e-05,0.00087803345053265,0.0007712006081649,0.0011067819808659,30,0.00010274422763418981,4.121307615510271e-05,9.529135781201955e-05,3.271470540369387e-05,0.0002211160350745,30,0.0008698677078354734,7.008963386514387e-05,0.0008557293914911,0.0007745518148588,0.0010549454515479,30,0.0010323150694727832,0.00010915072860488119,0.0010257012299488,0.0008592968726175,0.0012864636217012,30,0.0008551901943575533,6.478175261453284e-05,0.0008385946644185,0.0007623537082789,0.0009917403385164
pipeline_01,CC_2,RD,30,0.00066644966930746,8.249134873480429e-05,0.0006482424669892,0.0005397510103543,0.0008262828084507,30,0.0006718616704640233,6.589807611940432e-05,0.0006593334733832499,0.0005648658708243,0.0008158798729494,30,7.033555918576781e-05,2.1616942692651456e-05,6.944659764239752e-05,3.413457152662361e-05,0.0001224641984251,30,0.0006889980314249133,7.435239915743101e-05,0.0006764409817548501,0.0005700374423859,0.0008771276446849,30,0.0006253719994453167,0.00011963265117432667,0.000606597042993,0.0004457221012594,0.0009052760119236,30,0.0006855580179191567,7.400657456289308e-05,0.0006710850571747,0.0005713084275075,0.0008344932143614
pipeline_01,CC_7,AD,30,0.0016957093762094433,9.322950347702449e-05,0.001695225896348,0.0015400572734395,0.0020153014385804,30,0.0017088672745359432,0.00010275002642514559,0.0017114815121698499,0.001501078616271,0.0020062118222895,30,0.0002547729897640967,5.392470059411769e-05,0.00024894778179,0.0001388466536599,0.0004067513203415,30,0.0016112302897226065,0.0001424274562549284,0.00159890399038325,0.0013759937414724,0.0019817484360915,30,0.0018448775188919465,0.0001014821582401368,0.0018311833789518002,0.0016681821169973,0.0021143424894231,30,0.0016289987870076734,0.0001438942285496065,0.0016208676370607,0.0013905171310416,0.0019477668887154
pipeline_01,CC_7,FA,30,0.5991650166499767,0.030860115814097904,0.6002622859870113,0.5445679583661579,0.6685473167223899,30,0.6052302153906283,0.04588105171741005,0.6036097276557228,0.5200273856136408,0.7113770547172931,30,0.11369684960273126,0.02195227077697815,0.11752521341648,0.0717241763325858,0.1527906354493031,30,0.5657943275218127,0.05673792611300569,0.5521709838452773,0.4442598060051431,0.7073886734129314,30,0.7074471218267269,0.04006851186359682,0.705167658036008,0.6159250957504806,0.7710395680867794,30,0.5219126188498721,0.03998460523483254,0.5185927946985137,0.4434031998590642,0.595177014695812
pipeline_01,CC_7,MD,30,0.0009670187946361201,7.349964680564096e-05,0.0009576747221676999,0.0008443815485018,0.0011909651338232,30,0.0009383373763309867,7.899985292135783e-05,0.0009202701088102,0.0008071906179477,0.0012029168775003,30,0.00013494303171391678,3.66004132058566e-05,0.00013359508949525,6.029808524157246e-05,0.0002095975177925,30,0.00093998043093269,8.397925761884041e-05,0.000920927975798,0.0008082407634123,0.0012039961894889,30,0.0009589900101480733,8.107520863919395e-05,0.0009514490722126,0.000824019259017,0.0011119631049337,30,0.00100318179120861,0.00011890454318213053,0.0009573429376395,0.0008512132625924,0.0012589976999603
pipeline_01,CC_7,RD,30,0.0006026735034984034,7.164476956469651e-05,0.0005932161219470999,0.0004769952308396,0.0007787969799394,30,0.0005924999677301266,6.82269123142535e-05,0.00056740045178775,0.0004779877335774,0.0007992438086134,30,0.00014275799364059908,3.177727583829717e-05,0.0001405437487419,8.30220153582412e-05,0.0001928210041882,30,0.00060435550171664,8.197361340370954e-05,0.0005871012235604,0.0004887348836501,0.0008151200636926,30,0.0005160462553881701,8.668472607376793e-05,0.0005019843022917999,0.0003706869591275,0.0006710169996375,30,0.0006902732924495033,0.00011371611597124962,0.0006509104995488001,0.0005405848214548,0.0009454236773266
pipeline_01,CG_left,AD,30,0.0012127458555942668,5.030924985306659e-05,0.00121817670468735,0.0011002863964874,0.001317680676607,30,0.0012103877214213001,5.129685376489754e-05,0.0012193517499814,0.0010974744502343,0.0013097547927657,30,5.0807377558194835e-05,1.2903740301402537e-05,4.801387772129367e-05,3.400571739286824e-05,7.593159166864889e-05,30,0.00120353203527762,5.48895006124052e-05,0.001213454881542,0.0010766539566151,0.0012919404645496,30,0.0012261079221831067,6.111742805300123e-05,0.00123073734687415,0.0011141638868517,0.0013675344500038,30,0.00120846797662608,5.684885070977207e-05,0.0012016340166979998,0.0011103461881677,0.0013240279235751
pipeline_01,CG_left,FA,30,0.4418155129125348,0.030248505247649347,0.4392373158934833,0.3776098697210291,0.4973418324544428,30,0.43751330671117633,0.030850427911565833,0.4382252403965309,0.3759330880195614,0.501042524759286,30,0.04325316633884589,0.010333746019208943,0.0433915823675173,0.0253894730294371,0.0610476040403743,30,0.42245665382941067,0.034313958899080024,0.4218245995306217,0.355397320242473,0.4992338524885634,30,0.46035985108361477,0.04277961604925434,0.4542235985591522,0.3645716533118369,0.5393472301284128,30,0.4426554876030803,0.03943762458610096,0.44385465154557346,0.3693323849208332,0.5618590871676286
pipeline_01,CG_left,MD,30,0.00079150687525084,3.0576704899045824e-05,0.00078790067092545,0.0007374350708793,0.0008593940814154,30,0.0007888227789840566,3.088616756695558e-05,0.0007869678749038,0.0007345614840756,0.0008577029183992,30,2.811315356395692e-05,7.3031541467363335e-06,2.8038618547263354e-05,1.0902537477286476e-05,4.43781295195291e-05,30,0.00080414695334209,3.751772791447225e-05,0.0008005729653977,0.0007313043087714,0.0008809327643162,30,0.0007824660541989701,3.177590228495259e-05,0.0007817921318801001,0.0007358516967274,0.0008582187671859,30,0.0007877951414289933,3.580463393672675e-05,0.0007802643643481,0.0007405933370883,0.0008546773681104
pipeline_01,CG_left,RD,30,0.00058088738511475,3.515465019900127e-05,0.00057370368089875,0.0005205026901252,0.0006638288436283,30,0.0005827765048968967,3.468289610614214e-05,0.0005755356149512499,0.0005220840153908,0.0006724646587266,30,4.4348500679364684e-05,1.0967359610122916e-05,4.381354984579255e-05,1.8887492373594872e-05,6.207797544930797e-05,30,0.0006044544118714599,4.530628386647289e-05,0.0006034827268042,0.0005076192904055,0.0007065145422003,30,0.0005606451202718733,4.147051920644766e-05,0.00055345567228295,0.0004798687731694,0.0006566694845092,30,0.0005774587243910567,4.609270425206596e-05,0.0005704177459428001,0.0004713277024984,0.0006662296773744
pipeline_01,CG_right,AD,30,0.0011995908745180235,5.5545925421802446e-05,0.00120885952871625,0.0010466491335832,0.0013214315622946,30,0.0011933831937961435,5.521291860380719e-05,0.00119508497619215,0.001048785384813,0.0013093187020921,30,6.301940524120182e-05,1.3684087147967702e-05,6.472205027384368e-05,3.410543392885904e-05,9.559011512136756e-05,30,0.0011619692106750667,5.6491225684169864e-05,0.0011707683869717,0.0010469822797402,0.0012508105251862,30,0.0012216119035371499,7.396903393199103e-05,0.0012399530139842502,0.0010537385682559,0.0013947582923115,30,0.0012156790291800899,6.9023928723433e-05,0.0012044902865398,0.0010130679792581,0.0013469022258717
pipeline_01,CG_right,FA,30,0.4459462031889824,0.032364018903156586,0.4513973656159132,0.3672723232597817,0.4939817716854203,30,0.440843252554154,0.039128276696914266,0.4332710354726985,0.3720401865855574,0.4941783258989559,30,0.057121921349453667,0.01631778504737439,0.059389483619556455,0.0281761820856969,0.0997405369478245,30,0.3969950869365498,0.03529788198859778,0.4047849641132027,0.3297104996803784,0.4642902217004735,30,0.47217864611572163,0.0498022744276804,0.47401393061953545,0.3878617894504492,0.5579852253753808,30,0.4693748350561038,0.050613974869971844,0.4673812414021947,0.3296152488983462,0.5421148792746531
pipeline_01,CG_right,MD,30,0.0007834219223541266,3.3165798649738355e-05,0.00078287950320895,0.0007255513419174,0.0008461435302592,30,0.0007814282163373133,3.2481579677527655e-05,0.0007792839181932,0.0007247273844269,0.000836064175495,30,2.645773792693262e-05,6.824743807628172e-06,2.5967765907365684e-05,1.4032488431515675e-05,4.191964145669749e-05,30,0.00080297324246149,3.937709041126236e-05,0.00080434858333345,0.0007321082093876,0.000894344924346,30,0.0007747643855262501,3.1997550718483395e-05,0.00077047671250285,0.0007236067341703,0.0008347705461178,30,0.0007721877083471534,3.622976997709824e-05,0.0007639976229595999,0.0007194178425189,0.0008578143499336
pipeline_01,CG_right,RD,30,0.0005753374459622866,3.60757184843684e-05,0.0005693564191158,0.0005205477843554,0.0006431290055423,30,0.0005732318626780434,3.9833286285692536e-05,0.0005645295485805499,0.0005130332152597,0.0006650176163141,30,5.118737459295874e-05,1.573860615585618e-05,4.948271248390645e-05,2.8333426476589125e-05,8.431019077751372e-05,30,0.0006234752579043167,4.4268511506736026e-05,0.0006216951245278501,0.0005460077146094,0.00072606763686,30,0.00055134062654456,4.325366535360172e-05,0.00055050909067745,0.0004877646586584,0.0006552034975221,30,0.0005504420474216,4.765911633400038e-05,0.00054086536631315,0.0004814697977699,0.0006390850093956
pipeline_01,IFO_left,AD,30,0.00141752464537629,7.724849673311683e-05,0.00139469597896665,0.0012995317053273,0.0016285363725612,30,0.0013818324755669965,6.859100023918303e-05,0.0013567743381491999,0.0012819602427673,0.0015460696705484,30,0.00018117530245175998,5.333574970488231e-05,0.00017014656839085,0.0001059064703338,0.0003271869190279,30,0.0012823118973592734,5.1877535387898455e-05,0.00127430365374395,0.0011857749426138,0.0013870462611537,30,0.0014579254059610468,6.941182262642271e-05,0.00144681416046515,0.0013175901738178,0.0016152295684707,30,0.00151529950741578,0.00017805682731042362,0.0014565270563477,0.0012725663960357,0.001984179923363
pipeline_01,IFO_left,FA,30,0.49379419464600055,0.029088631695490554,0.4967153094181524,0.426999110482226,0.5458331233806761,30,0.5020117535374109,0.03221980210721246,0.495770713251392,0.4326776537417729,0.559677183419355,30,0.07955110443563122,0.012816068943869526,0.07858612790225605,0.0580845800345063,0.1076081803091077,30,0.47765103443097706,0.03567253399571492,0.4765625074878225,0.4180834555680837,0.551757907528775,30,0.544816139300248,0.03407816201845227,0.5490958760613995,0.4679265927000539,0.5938368110229578,30,0.4578254481930509,0.04774007110268904,0.45660905910332583,0.3286647569884261,0.5687831515703682
pipeline_01,IFO_left,MD,30,0.00089585295892384,7.450131013802298e-05,0.0008733433444902,0.0007997941624641,0.0011088052306838,30,0.0008643120959484899,5.877876171670548e-05,0.0008531809492887501,0.0007823617509679,0.001040181552259,30,0.00011736778106649308,5.926847286862094e-05,9.399214215418147e-05,4.557499680533724e-05,0.0003059057382589,30,0.0008111336267246766,4.530558612461192e-05,0.0008055467321435501,0.0007354529969119,0.0009134760614108,30,0.0008769187522993233,5.527279883319695e-05,0.0008703432999489,0.0007795270997184,0.0010432290038043,30,0.0010027456708357702,0.0001546873008817658,0.0009523373471845,0.000819428560849,0.0014753282257475
pipeline_01,IFO_left,RD,30,0.0006350171152494467,7.59749530082621e-05,0.0006171500690382,0.0005375744897836,0.0008489396607881,30,0.0006060256792205834,5.875414620464071e-05,0.00059426244137035,0.0005231570717664,0.0007833816503961,30,0.00011724672778306405,5.71956423680343e-05,9.483446438083372e-05,4.676221376493539e-05,0.0003069650230645,30,0.0005755444910917899,5.16967646960766e-05,0.0005752242593556,0.0004804435138504,0.0006838320536786,30,0.0005864154250519,5.6536381044588374e-05,0.0005862255446751001,0.0004912710689123,0.0007572287216523,30,0.0007464687519282566,0.0001506554476524798,0.0007118657275711,0.0005850029635751,0.0012209023787492
pipeline_01,IFO_right,AD,30,0.00139799865399215,6.244928454053627e-05,0.0013860861670642,0.0012933053866876,0.0015197796704263,30,0.0013799019913391332,5.789327647490174e-05,0.0013841454449022,0.0012705986926764,0.0014765457932303,30,0.0001654044138809492,4.75112379163327e-05,0.00016172998668925,9.049315834097636e-05,0.0002958989615013,30,0.0012730538031169767,4.208327393055333e-05,0.0012690384750569,0.0011599994957948,0.0013692238143822,30,0.0014577436859631266,7.967507811517291e-05,0.0014609298272399499,0.0012640250840085,0.0016077287592932,30,0.0014652359672371002,0.00013050079962484174,0.00145471691916415,0.0012560620936929,0.001706500161882
pipeline_01,IFO_right,FA,30,0.4801488801689579,0.02992618891509842,0.4819516339584037,0.4110060588547807,0.5307617882848285,30,0.48056921163481603,0.03295230030841626,0.48094457444497735,0.401392202329746,0.5342315689204098,30,0.06676904459811871,0.014332652486094975,0.06633284093483366,0.0435422909000778,0.1200466660787823,30,0.4568382483634711,0.03364591071817125,0.4575948019330486,0.3961658461891095,0.529114892993158,30,0.5122304191187549,0.03631492653285765,0.518174687536489,0.4306686459979117,0.5688947327272701,30,0.47110388217638816,0.05618048158177157,0.46782462367822536,0.3446276306719698,0.6124650006852562
pipeline_01,IFO_right,MD,30,0.0008910914973571033,6.0809441450947574e-05,0.0008814344130872,0.0007948546346221,0.0010192461634113,30,0.0008759824064133367,4.893434608247375e-05,0.0008752576962874,0.0007951398809531,0.0009595066942391,30,8.842762819729561e-05,4.647955614037471e-05,7.971621688506951e-05,2.685884540924053e-05,0.0002190864217942,30,0.0008215690354058033,4.014459170632541e-05,0.00082029682836485,0.0007586414177438,0.0009074770574942,30,0.0009058025269681199,5.8672362607192255e-05,0.0009150637585714999,0.0008090753612879,0.001033634514463,30,0.0009476157869580334,0.00011008543518477201,0.0009293065723763501,0.0007906500831796,0.0012163896448543
pipeline_01,IFO_right,RD,30,0.00063763791874688,6.353778327367191e-05,0.00063133162378265,0.0005329569464801,0.0007751578802296,30,0.0006221196755021133,5.5520066719651285e-05,0.00061478991329015,0.0005195116924115,0.0007552720843192,30,7.988572960843118e-05,4.194521534960274e-05,6.159795942304513e-05,2.9477721825954432e-05,0.0001911568966033,30,0.0005958266508120467,4.768316321309839e-05,0.000602761653316,0.0005104678673889,0.0006766036820215,30,0.00062983194742247,5.944980182202806e-05,0.00063272712005785,0.0005249829367011,0.0007493504084919,30,0.0006888056967329766,0.00011341332708211403,0.0006672786398412001,0.0005237365434632,0.0009811378543706
pipeline_01,ILF_left,AD,30,0.0014794521219585266,0.00013771148218018545,0.00145109669992195,0.0012754944327957,0.0018004183679819,30,0.00147595653655424,0.00012501669755002724,0.0014513592060415499,0.0013015016305077,0.0018354904749216,30,0.00021519968455357334,9.579852907257824e-05,0.00019693046225755,0.0001007539303563,0.0004785458671978,30,0.0012863765082092166,6.588582326611832e-05,0.0012857199723783001,0.0011467877759102,0.0014440499440245,30,0.0015748796313091935,0.00013762976015971526,0.0015877214132555,0.0013899596914675,0.0018722518610593,30,0.00158015172961963,0.0003057445553613938,0.0015031438009698,0.0012376316606341,0.0022443220022393
pipeline_01,ILF_left,FA,30,0.47212425644788963,0.034238090153740464,0.4737614050345806,0.4067144025573429,0.5274883180503829,30,0.46884539046473167,0.03535687600142384,0.47014875320471683,0.3937766465252763,0.5387902565141257,30,0.08238368649205745,0.015650128887533914,0.07896596004024785,0.0628951116371112,0.1238962524479288,30,0.4650961177202058,0.03545466245485604,0.4649742099505273,0.3947680134270916,0.5426737472755846,30,0.5296727114163103,0.05005249650430886,0.5304734828785338,0.4027024689809815,0.6395443489980938,30,0.4200251803246297,0.04595163022844533,0.42868423989026516,0.3220625562908304,0.5031776709571723
pipeline_01,ILF_left,MD,30,0.0009582847925510734,0.00011797928986334317,0.00092390256972175,0.0007978199794397,0.0012511524067528,30,0.0009072136927494167,9.828723375451371e-05,0.000870943794941,0.0007856288580566,0.0011801324082156,30,0.00015672913750473287,0.00010130579014895121,0.00013640160180815,2.0913643107109187e-05,0.0004029744862684,30,0.0008237304678459766,4.464138037780923e-05,0.0008151966577355,0.0007547986873118,0.0009041954852849,30,0.0009651826890763534,0.00011417036250529165,0.0009417759771355001,0.0008193024567917,0.0012023377209005,30,0.00108993048411149,0.0002610423096179548,0.0010275401389629,0.0007942302109826,0.0017021478994444
pipeline_01,ILF_left,RD,30,0.0006977011275942,0.0001117886584090374,0.0006653848792193,0.0005577294299541,0.0009765194282089,30,0.0006525154331322134,8.854541061685402e-05,0.00062696355231555,0.0005338308251041,0.0008840436383269,30,0.0001581270992069217,9.50600477493612e-05,0.0001308695892504,4.615707316879199e-05,0.0003748574369542,30,0.0005924074481352833,4.854824511904211e-05,0.00057891651763895,0.0004941258738077,0.0006815898221344,30,0.0006603342175316633,0.00011397435492813615,0.000628553200967,0.0005227389907116,0.000914401525948,30,0.0008448198605382033,0.0002413983817986575,0.0007847086281567,0.0005725294866575,0.0014310608556313
pipeline_01,ILF_right,AD,30,0.0014858671945054134,0.00011019602717664733,0.00146983493235875,0.0012915112149136,0.0017808336111158,30,0.00150182891879074,9.732503626438548e-05,0.00149992748142005,0.0013149606938001,0.0017826960922301,30,0.00020039516248622667,6.424493689982645e-05,0.00019561213225634998,0.0001049436603357,0.0003725809551626,30,0.0012834888625211534,7.261954642045481e-05,0.001260803059194,0.0011638146304936,0.0014501746195912,30,0.0015768119825915166,0.00011381486365697907,0.0015468625205712,0.0013632723898101,0.0018238787385406,30,0.0016007830366503535,0.00021165107671908726,0.00157379173921605,0.0012716784422975,0.0022435627009886
pipeline_01,ILF_right,FA,30,0.4817626292668117,0.04098860625165148,0.4783207775667791,0.406541959649112,0.5758807195035325,30,0.49789762536414944,0.049164404682049315,0.4987022823659051,0.40446436168908,0.6109038942662894,30,0.08153436278964966,0.01724569096451014,0.07586906912647129,0.0493192490466112,0.1258699082896791,30,0.4241814816298275,0.03390377879576481,0.4199462907864503,0.3723909472295208,0.5014347822775613,30,0.5478541736972482,0.053298464589966746,0.5453455624900421,0.4327999556242801,0.6701923114976686,30,0.4729862825735639,0.057758296061159176,0.47415720449193016,0.366792919467847,0.6163868879620815
pipeline_01,ILF_right,MD,30,0.00094871118529865,9.210228612050153e-05,0.0009357268782568,0.0008033579353746,0.0011864093843927,30,0.0009110453340525633,7.485040195760872e-05,0.0008911888703943,0.0007949526864135,0.00116642550517,30,0.00011408155284047133,6.739697377615512e-05,0.0001006767049328081,3.31001564226939e-05,0.000362805200221,30,0.0008623459199124867,5.458864279687572e-05,0.00085377288709845,0.0007655340160016,0.0010072785179043,30,0.0009436385121660634,9.623976358403395e-05,0.00091818307669735,0.0008134852055735,0.0011989938275595,30,0.0010430065593961299,0.00018163952865924714,0.0010450049845668,0.000780658169351,0.0016664959529602
pipeline_01,ILF_right,RD,30,0.00068013318045157,9.17207235402155e-05,0.0006612003569304,0.0005422840265922,0.00088919726517,30,0.0006533414081658699,7.525677548182138e-05,0.0006540246651487,0.0005280478948898,0.0008548991420855,30,0.00011174736243050865,6.070856023701629e-05,9.974308569033797e-05,5.137046441754401e-05,0.0003673202970867,30,0.0006517744487118634,5.692993113009781e-05,0.0006435077367231,0.0005486820581455,0.0008018435029565,30,0.0006270517766529733,0.00010068524722932508,0.0006138397032745,0.0004782981409376,0.0008952516443495,30,0.0007641183202254366,0.00017836685825999298,0.0007487622498649001,0.0005157980413474,0.00137796256573
pipeline_01,UF_left,AD,30,0.00123751466514347,5.179279715436148e-05,0.001225953067334,0.0011628064722239,0.0013733261966031,30,0.0012255007963140566,5.417846557158518e-05,0.00120995657313675,0.0011415288368027,0.001370508609137,30,7.583696786013774e-05,2.005196978379359e-05,7.577772507021371e-05,4.071308868567496e-05,0.000136136657464,30,0.00121129331630447,5.483157780487659e-05,0.00120801284963845,0.0010936488436613,0.0013522628979929,30,0.0012997820814614732,6.120013105241878e-05,0.00128737907734965,0.001202778044275,0.0014614444948419,30,0.0012003421580557268,6.481894021289226e-05,0.00117711975788215,0.0011290564187957,0.0014330123576512
pipeline_01,UF_left,FA,30,0.42333858481272924,0.037204206103307935,0.4237141746215237,0.3450584272019938,0.4807113922073735,30,0.41927274105029416,0.03802674130546583,0.41769779001746965,0.3386396441489125,0.4850488403088955,30,0.07061419915485696,0.014683527552962967,0.0707128552514954,0.0396662119771698,0.0994811784825259,30,0.40849688055658784,0.04275331272291682,0.40761775040605297,0.3268714936527145,0.4936725878549435,30,0.4930464351704673,0.04560306481669057,0.5003331113713818,0.4018285508086175,0.5614723258757797,30,0.36675787164545776,0.03859041409623173,0.3628493470828475,0.2767586354449594,0.4340750050005583
pipeline_01,UF_left,MD,30,0.0008259240665015834,5.333235562550649e-05,0.0008220603015467499,0.0007641191642447,0.0009971108114273,30,0.0008241037576440301,4.8426541962502905e-05,0.0008181661762064,0.0007635626015149,0.0009573300419515,30,3.915863497967752e-05,2.1325977298926695e-05,3.450022845493476e-05,2.0005044738658093e-05,0.0001366208464395,30,0.0008183591824888899,4.143696040416046e-05,0.0008167554995809,0.0007553122352334,0.000925826190079,30,0.0008119698705309266,5.555079129842472e-05,0.00080296533816945,0.0007401506806321,0.0009942082866538,30,0.0008481156177344366,7.352975238757101e-05,0.0008304616222594,0.0007655831303034,0.0011096400770042
pipeline_01,UF_left,RD,30,0.00062012876647022,6.172339902329336e-05,0.000615566124643,0.0005372631433432,0.0008090031211388,30,0.0006197591278940567,5.839905806626605e-05,0.0006148772640536999,0.0005259572406899,0.000764682352897,30,6.330372960449536e-05,2.403861539356953e-05,5.89220665597975e-05,2.620032379882527e-05,0.0001532450356248,30,0.0006218921147113601,5.036742946293251e-05,0.0006248739645528,0.0005233847469662,0.0007226758733845,30,0.00056806376362762,6.694702404922379e-05,0.00056224356309105,0.0004775593008644,0.0007605901793253,30,0.0006720023477779699,8.116905381194123e-05,0.0006507332541936001,0.0005677396865108,0.0009479539416304
pipeline_01,UF_right,AD,30,0.00124536967551937,3.906044298759547e-05,0.0012433048248391,0.0011872706557946,0.0013433528951577,30,0.0012303621580924866,4.53605035083627e-05,0.00123183896021435,0.0011251635605874,0.001336939239069,30,9.07752938296596e-05,1.8832091758353915e-05,8.91096539586436e-05,6.046099706845739e-05,0.0001361288154663,30,0.00119940286374158,5.964293594254814e-05,0.0011863153339460998,0.0011169707727273,0.0014170445972676,30,0.0013212618101146399,4.373567216287256e-05,0.0013155469505543,0.0012316479379093,0.0014118642657266,30,0.00121450918636384,6.401860407063581e-05,0.0012142325508789,0.0010952599337139,0.0013648011691429
pipeline_01,UF_right,FA,30,0.4148034141328061,0.03433299285242697,0.41375132355134137,0.3480927637728095,0.4673396174720697,30,0.41623065212223287,0.03955241990553443,0.42433081177399723,0.3298808092437335,0.4870059667334093,30,0.07396679443720745,0.016536300715622225,0.07310897176023365,0.0444984937521291,0.106166304396621,30,0.3399470617736345,0.03491681680154537,0.34704775065060034,0.2696256597343321,0.4156132442918219,30,0.48484151308410883,0.044373683537434684,0.4957291742349126,0.3819029233174415,0.558453874087518,30,0.41977223795967084,0.04005525033828414,0.42008763184093456,0.3465757939113063,0.5147659020484656
pipeline_01,UF_right,MD,30,0.0008372978143903266,4.5267184098712144e-05,0.0008338980486870999,0.000776005909097,0.0009515957222741,30,0.0008348550770561733,4.432420506018853e-05,0.0008322164476242499,0.0007674613011616,0.0009601223257838,30,4.275983028315399e-05,1.903939760011603e-05,3.777351231320632e-05,2.141768623191382e-05,0.0001086387784886,30,0.0008690613160724667,6.269305062804084e-05,0.0008542907805089001,0.0007950106694482,0.0010663833732682,30,0.0008318899879195,4.8707785073758776e-05,0.0008247610230452,0.0007625056157284,0.0009424114401365,30,0.0008101185243287034,4.1460728365876645e-05,0.0008075430621984,0.0007382751281025,0.0009244996106517
pipeline_01,UF_right,RD,30,0.00063326188339111,5.4903935287997345e-05,0.00062402836629055,0.0005560410890953,0.0007557171367167,30,0.00062247358431316,5.13639921976374e-05,0.00061674612107315,0.0005493079132648,0.0007525729849397,30,6.592442853904194e-05,2.0695385210204908e-05,6.276575283445585e-05,3.373304195681113e-05,0.0001297694193145,30,0.00070389054228659,6.947074838127974e-05,0.00069680528399785,0.0006104614802719,0.0008910527612395,30,0.0005872040758872134,6.380208752142394e-05,0.0005844291134701001,0.000496111787489,0.0007312486032891,30,0.0006079231928935534,4.624772752414396e-05,0.0006106079245001999,0.0005252681989112,0.0007043488355794
pipeline_02,CC_2,AD,30,0.0014086648838858734,6.639069932606927e-05,0.0014027569582430498,0.0012980366931099,0.0015383036681804,30,0.00127319229285027,0.00010162487240791442,0.00124280779794525,0.0011020981250726,0.001545760251329,30,0.00031644665734462997,3.9813111070998366e-05,0.0003127150949123,0.0002515596016486,0.0004388864779526,30,0.0012182544131988666,6.726424781960673e-05,0.0012011910204979999,0.001106864310867,0.001426182689274,30,0.0018082129736992068,0.00010054747857653258,0.001798276042606,0.001616492828638,0.0020550399612239,30,0.0011929917141618733,5.872827766125004e-05,0.0011932839369347,0.0010933346319423,0.0013301089100427
pipeline_02,CC_2,FA,30,0.4439868744748365,0.03673581667059712,0.4528766994184986,0.3721238363456334,0.5099529458818489,30,0.37355629642812804,0.036842261630791615,0.3723442135976036,0.3133643847390589,0.4487021982766418,30,0.13173651056652466,0.017371737020628747,0.1351440901457029,0.0793194510420401,0.1569964819084645,30,0.36571915341793776,0.03152635124335215,0.3703830689825305,0.304603549359645,0.4266505889604704,30,0.6116883235349564,0.05186935252266966,0.61530196638325,0.4696407197667619,0.6894020406321885,30,0.35175834247151455,0.03680689431363564,0.3487147916620431,0.2896257191429811,0.4194904313324574
pipeline_02,CC_2,MD,30,0.00091662410354579,7.51057683200734e-05,0.0008950452874063499,0.0008095120562339,0.0010583144497399,30,0.0009032630971434166,8.468294962728886e-05,0.00087204263923545,0.000780683449098,0.0010705889161783,30,9.4110346612522e-05,4.1004770969013724e-05,8.358953879247158e-05,2.857443198149402e-05,0.0002451893596094,30,0.0008674787934189366,6.884758379014123e-05,0.0008537884394604,0.0007804173436491,0.0010753049588501,30,0.0010168561789636067,0.0001090991024587247,0.00100320031724355,0.0008544200304167,0.0013586583156392,30,0.0008639408768394967,6.785892371396378e-05,0.00084478058911585,0.0007674401217682,0.0010115940430691
pipeline_02,CC_2,RD,30,0.0006706037134844467,8.269382933316333e-05,0.00064286275759555,0.0005451500744892,0.0008407572391302,30,0.0006787186607255934,6.572096127615114e-05,0.0006690556888229,0.0005756616731478,0.0008083638175694,30,7.426614224682774e-05,2.4760810309517175e-05,7.422261962114235e-05,3.764836619669128e-05,0.0001576258279383,30,0.0006920909832155134,7.226592153357405e-05,0.00067244039757075,0.0005874098321248,0.0008998660906699,30,0.0006211777822929499,0.00012100069534467759,0.00060204004824125,0.0004635083914791,0.0010104674956142,30,0.0006994154581155266,7.543748867506622e-05,0.00068422603685815,0.0005857626850318,0.0008612277531542
pipeline_02,CC_7,AD,30,0.00167287981720107,7.254315549948534e-05,0.0016871579873431498,0.0015444003437534,0.0019110075051612,30,0.0016904143753205566,8.837946683244064e-05,0.0016943070861442,0.001492437759838,0.0019220032378723,30,0.00023868033296930668,4.803446733311136e-05,0.0002373340634305,0.0001739329089115,0.0003938415344995,30,0.0015820666806742466,0.0001204924028863079,0.00157592401793915,0.0013872100606083,0.0019003399226565,30,0.0018123070625847835,9.281127425254085e-05,0.0018003930432674,0.0016311816988991,0.0020243458667959,30,0.00162274651744239,0.00013097597747444391,0.0016247509295512,0.0014081514394733,0.0018688358397435
pipeline_02,CC_7,FA,30,0.5971820981973774,0.03400503751944834,0.5982389369580053,0.5181380756124737,0.667125344659544,30,0.6010867231255979,0.043924741937025655,0.6021146650364944,0.501086878073362,0.6918377637260149,30,0.11591827651660873,0.023645127428523826,0.11864096070922306,0.0563818949082012,0.1624810596330052,30,0.5523560537761248,0.07216185413319803,0.5411128217545713,0.3686317032041991,0.7368642993410947,30,0.7066664413755949,0.047001144102451375,0.7120846142667011,0.6099214542000714,0.7781289872491179,30,0.5305032276042574,0.05053144297165355,0.5413647460419515,0.4048632310784238,0.6137648962716435
pipeline_02,CC_7,MD,30,0.0009563608185466601,6.857904183028344e-05,0.00094411638799255,0.0008468577104839,0.0011463737395884,30,0.0009240602410212067,7.469175012797721e-05,0.00090727746865635,0.0008030098949772,0.0011496006157506,30,0.00013166526386610406,3.584805855536903e-05,0.0001215781561683,8.910759735245338e-05,0.0002207826858292,30,0.0009354130581144433,7.075130189752674e-05,0.0009200066853728,0.000836908824155,0.0011296077667208,30,0.0009426876087931333,8.78218899959866e-05,0.0009412268605437,0.000791701899813,0.0011622333349155,30,0.00099206369405067,0.00010886020375467552,0.00097516864731805,0.0008202045090873,0.0012289823158434
pipeline_02,CC_7,RD,30,0.0005981013187623,7.420240913806271e-05,0.00059356382585315,0.0004773036709683,0.0007812298020032,30,0.0005943431822947467,7.552277871461261e-05,0.0005801258910405999,0.0004865876214509,0.0008153777520585,30,0.00014835086568614332,2.9117118689601847e-05,0.00014699045197515002,0.0001055322227003,0.0002078147498654,30,0.0006120862472957933,9.195696353959249e-05,0.00059378885154315,0.0004156820430272,0.0008635702955788,30,0.0005078778808898034,0.00010062830413734027,0.00048940269728945,0.000353472904821,0.0007494050633232,30,0.0006767222815181466,0.00011006603355404854,0.00065735980717685,0.0005141003298499,0.0009409093358692
pipeline_02,CG_left,AD,30,0.0011975530468419533,4.9937593107631916e-05,0.00120567670274095,0.0010955675381228,0.0012992323801828,30,0.0011948890572403268,5.2115775189384524e-05,0.0012047207058950501,0.0010822742967694,0.001304357281618,30,4.846138409855297e-05,1.0705277503843211e-05,4.607388145697775e-05,3.1900162935752675e-05,6.843343812343376e-05,30,0.0011942513196714901,5.507018754066503e-05,0.0012030501427577498,0.0010746490340565,0.0012962560702387,30,0.0012042729705948865,5.6008191113910745e-05,0.0012113049811459998,0.0010755714034688,0.0013042101905639,30,0.0011940280316162634,6.0122375323538157e-05,0.0011968141403543501,0.0010965321670274,0.0013096931851193
pipeline_02,CG_left,FA,30,0.42805993289080113,0.03026312968431422,0.42554907121033514,0.3740061791971487,0.4921879384605865,30,0.4250144237711327,0.030505962002077523,0.4240135623719423,0.3639277728949674,0.4798918632755026,30,0.042982908234519605,0.011096331496635232,0.04467509530447705,0.0176111518833705,0.0592005961257071,30,0.41646306821958845,0.03497467623090319,0.41173036511366123,0.3537283709245124,0.4859616156376957,30,0.44242285540474113,0.042982834555720974,0.4421933919809033,0.3588305820721455,0.5186693475248498,30,0.42520743574048864,0.043886305188642255,0.4247869216580086,0.3412758970978284,0.5377269862181981
pipeline_02,CG_left,MD,30,0.0007941312387987633,3.1891895528316735e-05,0.00079287124897625,0.0007353967136854,0.0008539039680952,30,0.0007918355437226567,3.2316383437287476e-05,0.0007911164478413,0.0007331142545527,0.0008506113529428,30,2.8374340155824633e-05,7.812188680311466e-06,2.773832126314214e-05,1.2151751457524208e-05,5.077628203674373e-05,30,0.0008044788648078267,3.446838691462397e-05,0.0008000746248584499,0.0007353518941507,0.0008789620035518,30,0.0007851515313491033,3.4955703803247764e-05,0.00078390331304695,0.0007379288139999,0.0008618979791321,30,0.0007927205727844233,4.0381291874470196e-05,0.00078267780906875,0.0007328317053813,0.0008703723935188
pipeline_02,CG_left,RD,30,0.0005924203341078567,3.587623314711192e-05,0.00059081508861985,0.0005340955071569,0.0006557629729057,30,0.0005935774010533667,3.611754990132397e-05,0.00058850405654955,0.0005309828139003,0.0006535403776291,30,4.490817380723776e-05,1.1925569650853154e-05,4.601942104541809e-05,1.5118325836081837e-05,6.89124333881913e-05,30,0.00060959263680207,4.067552257524574e-05,0.0006132142482516,0.0005330346672563,0.0006940173444115,30,0.0005755908112511866,4.563995128835657e-05,0.00056713525359255,0.000503782199154,0.0006520097207136,30,0.0005920668424004,5.33449366515307e-05,0.0005877502847909,0.00049449933807,0.0006914858502865
pipeline_02,CG_right,AD,30,0.00118583775237549,5.510140997760902e-05,0.0011842522663535501,0.0010680198149343,0.0012966840428586,30,0.0011806476508808,5.40783237719035e-05,0.0011719350250856,0.0010605749427195,0.0012972279365702,30,5.8804435141605265e-05,1.2270412501746603e-05,6.135462764339e-05,3.657673593938597e-05,7.765447148568686e-05,30,0.0011531182008830266,5.74609513903448e-05,0.0011490824453256,0.001044807830931,0.0012577836573659,30,0.0012102678175427734,6.828443684319325e-05,0.0012109405585318,0.0010528620018537,0.0013612454980788,30,0.0011943862851483632,6.456200917358711e-05,0.00118749207768925,0.0010455604120883,0.001322426105289
pipeline_02,CG_right,FA,30,0.4352940872399528,0.029158897181502542,0.4335228806864042,0.3760533499448743,0.4881369648685444,30,0.4309344456136431,0.034270687903770095,0.4328579599600846,0.3481199422966706,0.4972603719339067,30,0.05535350367077742,0.01499798868252264,0.056053214629586554,0.0256429591377826,0.084545398892702,30,0.38775480333334433,0.03059449981371928,0.3906172311979515,0.3232790704724994,0.4429654801146797,30,0.46533438113174236,0.04744113466443619,0.4635082245428279,0.3380168872019631,0.5415052595016174,30,0.45333992069273477,0.0404476575169594,0.45083778450938294,0.3674357435644882,0.5361896378085953
pipeline_02,CG_right,MD,30,0.0007837797672590667,3.424168875651204e-05,0.000782630460312,0.0007208283649582,0.0008456000909021,30,0.00078146964933384,3.3820204259799536e-05,0.0007788996367203999,0.000721449203503,0.0008413669198881,30,2.7341455684943587e-05,8.439262471496496e-06,2.5808879703388206e-05,1.40516317351947e-05,4.682340342077989e-05,30,0.00080377041252344,4.144204343460236e-05,0.0008025592100886,0.0007323994580384,0.0008948890060581,30,0.0007741988437346567,3.182426368445966e-05,0.0007702320951925501,0.0007223856568143,0.0008342079299617,30,0.00077304474171476,3.7004510992062425e-05,0.00076301642042555,0.0007072897179927,0.0008358381673275
pipeline_02,CG_right,RD,30,0.00058275077473704,3.593456196359471e-05,0.00057575870926715,0.0005180557079449,0.0006693999475845,30,0.0005798951558913934,3.974549170584523e-05,0.00057104508110255,0.0005058169951716,0.0006851501735837,30,5.058055282597842e-05,1.5115601940563615e-05,4.952847924174724e-05,2.983449420073486e-05,8.934905947260733e-05,30,0.0006290965188035166,4.373264618024223e-05,0.0006283246989289501,0.0005594001162145,0.0007406117434072,30,0.0005561643567850333,4.356226163709783e-05,0.00055044239350535,0.0004970969373147,0.0006837529376623,30,0.0005623739696814999,4.2775694016376835e-05,0.00055250985536335,0.0004895588069231,0.0006434638225748
pipeline_02,IFO_left,AD,30,0.0014010731665399132,7.426272100570601e-05,0.0013813848521497,0.0012984083786235,0.001611211740282,30,0.0013709654998876831,7.39765593213005e-05,0.00136466192759385,0.0012597092894576,0.0015916376496972,30,0.00017532970200012665,4.932153365459181e-05,0.00016081895641545,0.0001041634564212,0.0003310433544814,30,0.0012681421339881367,4.031697437142325e-05,0.00126483486730425,0.0011911698653565,0.0013530513631194,30,0.0014710697816588967,7.387648125262531e-05,0.0014774843817484998,0.0013223223171904,0.0016041302800963,30,0.0014659742845175166,0.0001578258709919061,0.0014147126634416,0.0012857968867811,0.0019679087918865
pipeline_02,IFO_left,FA,30,0.4800245536237571,0.02855578559023277,0.4817538958141099,0.4139869783248168,0.5306516821303765,30,0.4896542219464719,0.030956253470043025,0.4867474617145996,0.4178295851661854,0.5487500748671459,30,0.07772151351891703,0.011033090568621624,0.07735353118748894,0.0464753277078658,0.0962157301841043,30,0.4671160187880698,0.03318620890671071,0.46844964370377173,0.4046223431725934,0.5381747328396209,30,0.53354604428534,0.03516798515028382,0.538921360416204,0.4568398020549705,0.5804493624844824,30,0.4381424429283022,0.043982406091892884,0.4374101836095094,0.3315351036535898,0.5346571139291665
pipeline_02,IFO_left,MD,30,0.0008987899054204901,7.16737890438353e-05,0.00087805206147545,0.0008039306239632,0.0011104089842067,30,0.0008746015590389867,6.506215744237514e-05,0.0008581641976081,0.0007838054303918,0.001099626891444,30,0.00011182315011266893,5.3428598044203566e-05,9.773406785934909e-05,4.936960337813627e-05,0.0002997080091778,30,0.0008113616458024466,4.0017966665252774e-05,0.0008052559744898501,0.0007502506886169,0.0009087473474009,30,0.0008983902314660367,5.9924670809570195e-05,0.00089806423199885,0.0007849767839666,0.0010507690917074,30,0.0009893624619171334,0.00014306717089162562,0.0009447769529473,0.0008166797474865,0.0014621613367981
pipeline_02,IFO_left,RD,30,0.0006476482751671067,7.332577783895105e-05,0.000630255301272,0.0005458930684703,0.000860007606461,30,0.00062438220383067,6.443181540985053e-05,0.0006084260300868,0.0005307534152011,0.0008270438317951,30,0.00011035658864389837,5.1986829553153214e-05,9.989134031493775e-05,5.131771142254073e-05,0.0002982277587501,30,0.00058297140275798,4.7427635035920576e-05,0.00057921176589365,0.000500607800651,0.0006886639900212,30,0.0006120504559981333,6.165606957179501e-05,0.0006027145354866501,0.0005052158681639,0.0007740884953332,30,0.0007510565508570434,0.0001403212313216059,0.0007042157113838999,0.0005821211760632,0.0012092876102409
pipeline_02,IFO_right,AD,30,0.0013717001726902232,6.0240506350552144e-05,0.0013598019529445999,0.0012682771119737,0.0014963735060547,30,0.0013566425662540934,5.7858370467715276e-05,0.0013576294553026501,0.0012428443922032,0.0014721687376483,30,0.00015043590615896333,3.343852543242895e-05,0.00015095668935765,0.0001007665218919,0.0002329921212756,30,0.0012656902564824467,4.196975899086161e-05,0.0012653397738323,0.0011888575002478,0.0013778001713863,30,0.0014477452644194866,8.319638513048853e-05,0.00145842759823355,0.0012641040255162,0.0015783527119703,30,0.0014026013979336832,0.00010274098561118638,0.0014018959443984,0.0012494805351062,0.0016320724351226
pipeline_02,IFO_right,FA,30,0.4724493558890842,0.025185605766295523,0.472646730129861,0.4134116094844087,0.5171874913000156,30,0.47632845440587057,0.02812550423371693,0.4787467540745059,0.4143332049356957,0.5214776284697948,30,0.06548675669230261,0.009731527681946626,0.0670704425806726,0.0470924631454294,0.0828084712416505,30,0.44958143239579357,0.01970211197754912,0.44619710627154685,0.4068676992100364,0.4884916028475528,30,0.5096574894969259,0.03328923622859325,0.5195778802525685,0.4426063555339662,0.5604766169421859,30,0.45766101420845323,0.04526235731430918,0.4617130896033344,0.3498447597666024,0.5461332301370758
pipeline_02,IFO_right,MD,30,0.0008804876120605833,5.7229706499278246e-05,0.0008805058508653,0.0007822157157006,0.0010178215324125,30,0.0008699393819704133,5.137717205086351e-05,0.00086709191187415,0.0007857069836863,0.0010058748714045,30,7.434611701326198e-05,3.476937375335732e-05,7.415676837305355e-05,2.379890372228936e-05,0.0001705187030954,30,0.0008231405892714733,3.7682442931879145e-05,0.00081968720764115,0.0007661286968785,0.0009154356397207,30,0.0009028327383259567,6.503560861774385e-05,0.00090558180036685,0.0008014117147807,0.0010474300959929,30,0.0009165833178506834,9.188874105074357e-05,0.0009230564268806,0.0007767589185919,0.001174401814898
pipeline_02,IFO_right,RD,30,0.0006348813321279766,5.808738308851095e-05,0.0006415275854441,0.0005338466893178,0.0007785455458653,30,0.0006276206606638067,5.4934256388167275e-05,0.00062621214759865,0.0005245073458911,0.000775996230677,30,6.682581169966919e-05,3.1213032652055844e-05,5.9610938912152026e-05,2.878180697522681e-05,0.0001651430716864,30,0.0006018657558016168,3.8833641977363006e-05,0.0006039631420338999,0.0005347072411051,0.0006842533826373,30,0.0006303764755535967,6.381097261069867e-05,0.00063092392861515,0.0005199107324778,0.000781968791659,30,0.0006735742785568367,9.466740798962594e-05,0.0006669004976829,0.0005349380676288,0.0009455665058772
pipeline_02,ILF_left,AD,30,0.0014135580308071568,0.0001149313520419937,0.0014000746158892,0.0012407149768533,0.0017303764560221,30,0.00142214524170866,0.00011718194075369734,0.00140658976109885,0.0012577623601236,0.0017673512880446,30,0.00019169502946123667,7.585307706502227e-05,0.00017665195734195002,0.0001013227832122,0.0004189814130355,30,0.00123167078399013,4.825307829917228e-05,0.00123215109373385,0.0011357272145487,0.001331808169524,30,0.0015119628256235267,0.00011132486168890592,0.00150142184070415,0.0013429972176837,0.0017475085109792,30,0.0014996493094328366,0.0002463310555990969,0.0014039908424651,0.0012061450438379,0.0022081379532124
pipeline_02,ILF_left,FA,30,0.45559862960184466,0.03523472929849576,0.4615122406009513,0.3911879187475803,0.5168734371630918,30,0.45941734553741165,0.038164044790787555,0.46254323027538224,0.3763358085191839,0.5352223211911001,30,0.08104622736113186,0.013761253091350213,0.0791631123515634,0.0504811809265342,0.1135333181988634,30,0.4370709465635631,0.03556135743288206,0.4375576805437758,0.3583404291443105,0.5218134336936324,30,0.5151558116537639,0.046175117430202695,0.519354900177966,0.4228781186817871,0.5990087731684743,30,0.4132869587440309,0.04661176730927535,0.42742177738650744,0.2981028543114334,0.4899844224761069
pipeline_02,ILF_left,MD,30,0.0009272915251464034,0.00010757037209929495,0.0008985054772706,0.0007876497720355,0.0012233370486042,30,0.0009023975461343434,0.00010050174340628056,0.0008622491190709,0.0007826339157292,0.001167735787524,30,0.0001290902963544072,8.183712317753413e-05,0.00010756046715805,2.231692542301008e-05,0.0003542674895286,30,0.0008107364383416,4.068548354090714e-05,0.00080110215625345,0.0007422448326381,0.0009037758540967,30,0.0009373424466733866,9.850887295974673e-05,0.0009090723990356499,0.0008055448272087,0.0011520074885726,30,0.00103712394558915,0.00022061513610208573,0.00097697094769095,0.0007795605918629,0.0016675236802793
pipeline_02,ILF_left,RD,30,0.0006841582722569634,0.00010715181751891445,0.00064989871356695,0.0005591180589891,0.0009698173461682,30,0.0006594750342192333,9.42300608922531e-05,0.0006249344316027,0.0005438784073091,0.0008937697841271,30,0.0001314840799849963,7.536488161423437e-05,0.00011054465223055,4.427377117383127e-05,0.0003350350406524,30,0.0006002692650111234,4.908713047556094e-05,0.0005860205067498,0.000498607587113,0.000728229706882,30,0.00065003225716034,0.00010211488739631318,0.0006245488458293,0.0005247078534676,0.0008626829365524,30,0.0008058612640476366,0.00021083057040706215,0.0007519038075113,0.000566268363764,0.0013972165412115
pipeline_02,ILF_right,AD,30,0.00140147377676967,9.348388328983307e-05,0.0013859716389878,0.0012509271758584,0.0016773933918948,30,0.0014343475968210835,9.925310203573862e-05,0.00143425409153705,0.0012763048922327,0.0017783082485616,30,0.00017140251743878957,4.6487781181719976e-05,0.00015640784222835,9.45116047835871e-05,0.0003013991628709,30,0.0012190511090077833,7.131400351679378e-05,0.00121801262862255,0.0010883787103205,0.0014062218444994,30,0.0015027445946017633,0.00010412354388566156,0.0014892430971959,0.0013253994278107,0.0017954248933303,30,0.0014851616220097966,0.00016423024828641646,0.0014665913863343,0.0012198490301581,0.0019229438777968
pipeline_02,ILF_right,FA,30,0.4645660457985997,0.03456856036018759,0.4633393301753109,0.3895230937506104,0.5398351028792489,30,0.4841720798405744,0.04426289298502987,0.48201812254884235,0.3803620105294371,0.5747759998443447,30,0.08185966690822702,0.01620910957372766,0.0798343421119415,0.0481609716021831,0.1156455537499385,30,0.4016199940964731,0.03664983713962448,0.3993641322127124,0.3363353330587788,0.4952988900013833,30,0.5290085691819422,0.043412640907838605,0.528108794353269,0.4248232070764237,0.6141816468776597,30,0.4630228093773458,0.04384526078267182,0.44899194775118256,0.3806491273761562,0.5813555176014267
pipeline_02,ILF_right,MD,30,0.0009048520058057733,7.465019321166288e-05,0.00089080972740755,0.000795931339062,0.0011596887239542,30,0.0008912074716362868,8.085126935188914e-05,0.00087085186703155,0.0007857250990936,0.0011969966525531,30,8.671279898266187e-05,3.809342302842075e-05,8.106934887368167e-05,2.828804600921677e-05,0.0001868135607438,30,0.0008367158942946501,5.465673602918774e-05,0.0008299010775508001,0.000747999677913,0.001014456555111,30,0.00091244436026739,8.65413434271171e-05,0.0008861373454397,0.0008029706229887,0.0012050901817248,30,0.0009672877552630966,0.0001233227353742778,0.00093655759575615,0.0007775350498438,0.0013424895204342
pipeline_02,ILF_right,RD,30,0.00065654112090694,7.273940966414393e-05,0.0006600432882445,0.0005653267662635,0.000900836389442,30,0.0006444427648727433,7.686659706613388e-05,0.0006522643148757,0.0005469566214916,0.0009013765522684,30,8.80361876936325e-05,2.8891542103994576e-05,8.180709280778901e-05,4.723551124413895e-05,0.0001475226623316,30,0.0006455482875541433,5.811264918241894e-05,0.0006502721828932,0.0005135419646773,0.0008185739125612,30,0.0006172942434985699,8.702436567856699e-05,0.0006018283204233001,0.0004922905978765,0.0009099228293356,30,0.0007083508226294,0.00011239708332122825,0.00070274193782625,0.0005273233813028,0.0010522623379635
pipeline_02,UF_left,AD,30,0.0012209716946385432,4.34774864643034e-05,0.0012095612534744,0.0011566528916372,0.0013339066577043,30,0.0012092380103604,4.224819699585989e-05,0.0011964311898728,0.0011410993685333,0.0013188151793846,30,7.28421860213352e-05,2.090105405658809e-05,7.2532932979166e-05,3.386689712618172e-05,0.0001354901780684,30,0.0011952015687841469,5.497216338636172e-05,0.0011864415581053001,0.0010971455080909,0.0013376130579159,30,0.0012774583074153167,5.269633667141474e-05,0.0012707028415396,0.0011913060139164,0.0013931771473109,30,0.0011892953174998332,4.5126873958044065e-05,0.0011907221623064998,0.0011233380704649,0.0013235501375669
pipeline_02,UF_left,FA,30,0.41359285032087734,0.0358911225849627,0.41848743608630523,0.3256924471627754,0.4633418597489059,30,0.4074109590050124,0.03508454636267829,0.4091752927320028,0.3318859890697302,0.4641342966857073,30,0.06999549229989595,0.016854185417484385,0.06963819890131605,0.0400060827841408,0.1071977369786477,30,0.38890577727602693,0.03176052904639812,0.3889212796600775,0.3142072292052389,0.4573800290727169,30,0.4859966248311932,0.046037384971351174,0.49242049941792965,0.3948749243530816,0.5594706427354194,30,0.36438500193461604,0.04764938349776711,0.3684935150128537,0.2399920398984299,0.4405669978639027
pipeline_02,UF_left,MD,30,0.0008233091820132933,5.0055354138075447e-05,0.00081731136277825,0.0007647729657066,0.0009668991615148,30,0.00082452268382192,5.113320789584853e-05,0.00081004040152925,0.0007644993117451,0.0009738447398071,30,3.982248636707872e-05,1.8269402034094533e-05,3.613254613520875e-05,1.9702710558825566e-05,0.0001081488086945,30,0.0008230602014275934,4.501774624146114e-05,0.0008148505030757,0.000764587358344,0.0009395304480801,30,0.0008057449538992733,5.0085612252424614e-05,0.00079599336236145,0.0007409851870918,0.0009358220304855,30,0.0008416790534848533,6.341906035562422e-05,0.00083346734685545,0.0007678309073426,0.0010271714386182
pipeline_02,UF_left,RD,30,0.0006244779262363833,5.949889859245912e-05,0.000619101242836,0.000554723581289,0.0007964123752452,30,0.00062779149243115,5.808079136295874e-05,0.000618538841898,0.0005498504488411,0.0007938363539301,30,6.342060049995643e-05,1.9605440680572782e-05,6.002893685658622e-05,2.5569585643062737e-05,0.0001119850433737,30,0.0006369895181452166,4.8842759891519925e-05,0.00062691963874865,0.0005605311527421,0.0007748047190476,30,0.0005698882778532233,6.403557917003029e-05,0.00055551677510275,0.0004833875153665,0.0007265193780268,30,0.00066787092197552,7.780853724597932e-05,0.00065950921826895,0.0005746172269422,0.0008907724240805
pipeline_02,UF_right,AD,30,0.0012293656738769899,3.7764035527713834e-05,0.0012227464193174,0.0011715887340341,0.0013317900788284,30,0.0012149915530468966,4.196299740839972e-05,0.00121124618646365,0.0011352132055212,0.0013144337738787,30,8.304080368455519e-05,2.1935916657285463e-05,7.632943301581687e-05,5.3125638476930645e-05,0.0001584083171648,30,0.0011912124453192668,4.203337079417936e-05,0.0012024633818214,0.0011132127417691,0.0012682392729012,30,0.0012965577008398268,4.357865490668053e-05,0.00129722479730935,0.0012121530176286,0.001371953826661,30,0.0011994194130217134,6.249989834092292e-05,0.00119633473386025,0.0011063251275504,0.0014058191750961
pipeline_02,UF_right,FA,30,0.40306078773621223,0.025754279430254906,0.4062984489619399,0.3521141459948296,0.4445143488003016,30,0.3945026645361504,0.029293645803238396,0.3983836633859119,0.3253018222099721,0.4446485235797286,30,0.06875995034468277,0.013343866653403704,0.06503484173378025,0.0486550406995819,0.1015620612682772,30,0.34030548345234496,0.035634934050531,0.3491814238112809,0.2643140533909716,0.4069457837252042,30,0.4668348566623131,0.03907900271057208,0.47426851014028015,0.3818707251986412,0.5444382878712424,30,0.4020101866989087,0.02729373507552745,0.40080018406757484,0.3521865727316494,0.4589207175067407
pipeline_02,UF_right,MD,30,0.0008356038135045867,4.080971526917686e-05,0.00083511045180475,0.0007718093537161,0.0009508467479684,30,0.0008312190536703533,3.943051726535876e-05,0.00083285921732045,0.0007712855776669,0.0009485917634891,30,3.756261690657612e-05,1.8353328810674752e-05,3.429226586174961e-05,1.5459809541793547e-05,9.322296762003264e-05,30,0.00086176603813404,5.210253150293598e-05,0.0008521185262458501,0.000781770286479,0.0009645009872314,30,0.0008316092071639833,4.526311473007584e-05,0.00082951918198495,0.0007588755641314,0.0009439313325797,30,0.0008127434571442067,4.1666867499293805e-05,0.0008132072043562501,0.0007403242648092,0.0009500103009463
pipeline_02,UF_right,RD,30,0.0006387228830819566,4.629239890831142e-05,0.00063134122273335,0.0005624683846194,0.0007603750842419,30,0.0006368209126331834,4.73096137732226e-05,0.0006351065975211,0.0005571801889977,0.0007678668502926,30,5.90252075042526e-05,1.9195767071100166e-05,5.423207821526928e-05,3.329571651315539e-05,0.0001155886508985,30,0.0006970428345095266,6.255675545339623e-05,0.00069226730223035,0.0006021121771488,0.0008355969030256,30,0.0005991349598992467,5.7744352685975376e-05,0.0005896129912988,0.0005128212770029,0.0007486584094015,30,0.0006194054789544501,3.9014812414164536e-05,0.0006145243669775,0.0005523918170804,0.0007221058704572
pipeline_03,CC_2,AD,30,0.0014019923622023399,6.783258681442432e-05,0.0013924706045267,0.0012903059960101,0.0015435626147567,30,0.0012596437580906033,9.9982841613294e-05,0.0012424434245461,0.001086316562494,0.0015145950805877,30,0.00032449896355674334,3.8339234874846745e-05,0.00032322968993055,0.0002506048047115,0.0004083559796809,30,0.00120629665258478,6.873601670178054e-05,0.0011869282206327,0.0010997742813713,0.0013966583941229,30,0.0018116026916577368,0.00010152571157708949,0.0018169929094949,0.0016062807227656,0.0020058955670668,30,0.0011813929104945535,5.843156746201298e-05,0.0011795413401585,0.0010835705488547,0.0013231312782815
pipeline_03,CC_2,FA,30,0.43449416356323034,0.038876011004611924,0.4400941899569595,0.3523907322102549,0.501391105687722,30,0.3637480512518229,0.0380684822517191,0.3638537504643323,0.2999679011935856,0.4366314474994289,30,0.13311107275508338,0.018135760477747256,0.13781237519446005,0.0845849993737039,0.159067627781009,30,0.3556774052955067,0.0334227052547311,0.35982979239870727,0.2876556333527241,0.4157696944414479,30,0.6035700122573312,0.05541053364786874,0.6079454850197414,0.4629977917123779,0.6879060916882414,30,0.3414144765610288,0.036968331480079046,0.33807891853136773,0.2747609672306064,0.404858824271113
pipeline_03,CC_2,MD,30,0.0009189724703751834,7.743542450852651e-05,0.00089948196469035,0.0008015944969419,0.0010648966394531,30,0.0009008774319189067,8.805722472659916e-05,0.00086896457056155,0.0007737044119167,0.0010947729997795,30,9.735712271902996e-05,3.909386160964721e-05,9.254243038301176e-05,2.153887351040913e-05,0.0002134250859959,30,0.00086641727184374,7.155346913787064e-05,0.00084656659087035,0.0007725516077371,0.0010553905782714,30,0.00102519601840455,0.00010994624599781414,0.0010234788426368002,0.0008387809536077,0.0013002119448897,30,0.0008636269849554733,6.879133501547664e-05,0.0008458971576768,0.0007635207519109,0.0010155094984195
pipeline_03,CC_2,RD,30,0.00067746252435341,8.570096583512811e-05,0.0006599384776069,0.0005439561105556,0.0008476182535698,30,0.0006848990677112434,7.211921245762062e-05,0.0006719181355116499,0.0005681564446915,0.0008529646751925,30,7.222345613974459e-05,2.121254738821537e-05,6.993830351597938e-05,3.672706896536216e-05,0.0001254987376099,30,0.0006964775813321466,7.58700257198627e-05,0.0006721339931471499,0.0005873571684457,0.0008847566687695,30,0.0006319926813502933,0.00012298342820074665,0.00061935327066675,0.0004550310689236,0.0009612435494788,30,0.00070474402244104,7.654823096224905e-05,0.00068507154966665,0.0005888663823184,0.0008742517458274
pipeline_03,CC_7,AD,30,0.0016743240567959467,0.00010036657654907037,0.00168196137028815,0.0015414440362136,0.0020294927692883,30,0.00168763964117377,0.00010773925088580408,0.00168836653875865,0.001479440092551,0.0020385114169443,30,0.00024410098588990332,4.1766249918340335e-05,0.00024295793367845,0.0001704167371201,0.0003821778553948,30,0.0015919245793753435,0.00014334581119944284,0.0015874218135764999,0.0013579126704343,0.0020273269296422,30,0.00180916675038951,0.00010011330578867122,0.00178198367299535,0.0016293818069207,0.0021328680776774,30,0.0016202419901176,0.0001515639059086017,0.00158235181975195,0.0013924084640371,0.0019353097128576
pipeline_03,CC_7,FA,30,0.5709894815075738,0.03299693081205786,0.5675208573902926,0.5116730554846575,0.6464957204012765,30,0.5694384075031012,0.04140597126615306,0.5724917264343532,0.4688071484108187,0.6512033208529723,30,0.11267965743256177,0.021305030481498167,0.1135732591779474,0.0722286373616677,0.1576482601700805,30,0.5360052680537298,0.05328025186444999,0.5256233184072054,0.459025933822513,0.664880546006469,30,0.6810846454557956,0.04286041906123124,0.6782640142043629,0.5739633298210822,0.7561799515775582,30,0.4935313138102467,0.04848624857285148,0.49801151047753306,0.4124653821233003,0.6160791536447154
pipeline_03,CC_7,MD,30,0.00098349852573551,8.573774908021337e-05,0.00096851266189035,0.0008677119769333,0.0012563737151427,30,0.00095346309707681,9.287476409590198e-05,0.0009460948073374499,0.0008240014563018,0.0012597666429902,30,0.000138805791180824,3.453803629219772e-05,0.0001379590779591,7.694026575998442e-05,0.0002023578412725,30,0.0009586184212021266,9.624445986365685e-05,0.0009340134191006999,0.0008201644105552,0.0013071177448996,30,0.0009641907956648134,8.292569406546487e-05,0.00096824174887665,0.0008142559511839,0.0011539534689272,30,0.0010290672301709468,0.0001294922999659845,0.0009858491016193,0.000872984979981,0.0013631522504936
pipeline_03,CC_7,RD,30,0.0006380857600941767,8.522274628385552e-05,0.0006143112090172,0.0005299663951032,0.0008698141850444,30,0.00063064210433325,8.676664266700937e-05,0.00061518357494755,0.0005127506855908,0.0009199144873181,30,0.00015003336773833457,3.395383213144359e-05,0.00014638030825825,9.44398957435968e-05,0.0002284386076333,30,0.0006419653425561368,9.491756571461591e-05,0.00061970884548255,0.0005211224283908,0.0009470131500092,30,0.0005417028176081167,9.07498128813229e-05,0.0005498249817117999,0.0003700632840087,0.0007358588911966,30,0.0007334798501190333,0.00012809701419838897,0.0006830736812788001,0.0005275710652797,0.0010770735218459
pipeline_03,CG_left,AD,30,0.0011820581120805332,4.926484958213751e-05,0.00118937393151065,0.0010900351172661,0.00130291757322,30,0.0011802839526225601,5.1274884530968745e-05,0.00118753846536735,0.0010785228278919,0.0013001091581761,30,5.061614395323217e-05,1.1483965541121035e-05,4.8704273634119215e-05,3.477306883879664e-05,7.596845014140556e-05,30,0.0011822222610666266,5.4675211963433494e-05,0.0011876633844758499,0.001063474362,0.0013033286421795,30,0.0011971228885458,5.7598509225596294e-05,0.0012028058513881999,0.0010939856650943,0.0013210356670255,30,0.0011663532827088,5.5104418052851207e-05,0.0011625605584137,0.0010653445659702,0.0012864279974859
pipeline_03,CG_left,FA,30,0.41521740906262,0.031637120224318756,0.4116344235562578,0.3632081369129671,0.4738283659295225,30,0.4117641789776414,0.02891835024635416,0.40954297296291975,0.3621858092441656,0.4706420345811995,30,0.04535253931457427,0.009696069287946509,0.04499562645706005,0.0237753158512131,0.0646910061091684,30,0.4021985177150767,0.042477580921513644,0.3993216223305551,0.3348443554236023,0.5056034563232082,30,0.44085771393150897,0.041752436357248075,0.4364842116561404,0.3570362194499044,0.5273814825824867,30,0.4022015763687322,0.03339109868973123,0.4001992830504318,0.3282312968000002,0.4899468217008356
pipeline_03,CG_left,MD,30,0.00079307170384286,3.229144759089348e-05,0.0007860942262799,0.0007371695524326,0.0008639114222015,30,0.0007891131458021133,3.139049546723871e-05,0.000782829989426,0.000734036695277,0.0008567575766933,30,2.9718479739560752e-05,1.0835288785756856e-05,2.7922843683122664e-05,1.400162786945993e-05,7.210823620638242e-05,30,0.0008067547283157633,3.727701763374018e-05,0.000806889581953,0.0007398028928818,0.0008850562421585,30,0.0007798636047620701,3.212397634953327e-05,0.00077197002261065,0.0007341781189616,0.0008577968285504,30,0.0007925819370322433,4.003478404845179e-05,0.0007890620710789,0.0007375388358614,0.0009077760625452
pipeline_03,CG_left,RD,30,0.0005985784998184133,3.7719295453748404e-05,0.0005922643616537,0.0005381984194906,0.0006812265180369,30,0.0005983066482539333,3.5703001269985616e-05,0.00059672114699135,0.0005378755371569,0.0006827664079068,30,4.6545460385436116e-05,1.4102394610442321e-05,4.7031046834794714e-05,2.1389821694383e-05,9.67401029282817e-05,30,0.0006190209618765967,4.927461989115953e-05,0.0006222482635803,0.000504429935057,0.0007268519768916,30,0.00057123396304024,4.159885379639021e-05,0.00055934841876295,0.0005017755271954,0.0006752004990806,30,0.0006056962643734133,4.690633487470096e-05,0.00060276274948715,0.0005377462874095,0.0007447721323582
pipeline_03,CG_right,AD,30,0.0011743503523160565,5.269024773955178e-05,0.001172480318422,0.0010486179581189,0.0012811090500215,30,0.0011686862813792402,5.2104036394798424e-05,0.0011678295042272498,0.0010529725106076,0.0012751262205917,30,6.1015719827128586e-05,1.6086929058070285e-05,5.799773998350706e-05,3.3281164057058935e-05,9.445926713427118e-05,30,0.0011376407216761766,5.519107546363393e-05,0.00114697904696035,0.0010268935221084,0.001267475763515,30,0.0012019808018446,6.971825671253896e-05,0.0012031626178432,0.0010632517104846,0.0013414908691771,30,0.0011837132578371601,6.561791267200754e-05,0.0011749160382348001,0.0010258868887711,0.0013492885371844
pipeline_03,CG_right,FA,30,0.42616060979423637,0.036943926324805726,0.4341857906694909,0.3250179925868392,0.4874807408572666,30,0.4222714049428699,0.042390481022139964,0.4212825243842976,0.3168213972177567,0.493230125098832,30,0.05822437371315286,0.016389184507113963,0.057047839429290495,0.0259224757266959,0.1005347968496196,30,0.3780719686700289,0.035688842484199436,0.3812068510539462,0.298280433824919,0.4556964354108576,30,0.45864922582817386,0.05399490197064855,0.4613270725684513,0.2880506853191605,0.5422004218146738,30,0.44224813566857724,0.05382912637866217,0.44147556391075593,0.3230310023361215,0.5301037997183193
pipeline_03,CG_right,MD,30,0.0007822692898505533,3.393314764825958e-05,0.0007767525788231,0.0007234739119053,0.0008527810050216,30,0.0007800332663258933,3.462075529856616e-05,0.00077260700724515,0.0007231056100286,0.0008477881996615,30,2.640008485643891e-05,6.702247214163422e-06,2.7032505343714274e-05,1.2972255831513936e-05,3.653357638624776e-05,30,0.0008001632632220801,3.9180578850098904e-05,0.0008035333537042999,0.0007297921566137,0.0008873061481462,30,0.00077266035652335,3.3919704362888536e-05,0.000767457739344,0.0007206394018895,0.00084740000252,30,0.0007737253423048567,3.581480954983742e-05,0.00076604950669905,0.0007192241423596,0.0008453433150388
pipeline_03,CG_right,RD,30,0.0005862287586389433,4.087819998095169e-05,0.0005800936929375,0.000517833030823,0.0007054357185839,30,0.0005831698393128033,4.365135311364639e-05,0.0005721881705602,0.0005195223948922,0.0007066638684529,30,5.166500351145969e-05,1.400735241165071e-05,4.928431703843108e-05,2.9428450174190463e-05,8.549026677619433e-05,30,0.00063142453441489,4.440815883707681e-05,0.0006264168174625,0.000554509492741,0.0007351077890701,30,0.000558000133682,4.905986576715395e-05,0.0005515153979193,0.0004820026314692,0.0007215020916227,30,0.0005687313843568334,5.180146811882486e-05,0.00056100956926605,0.000490390224672,0.0006833571652357
pipeline_03,IFO_left,AD,30,0.0013766197790711333,7.149064820541718e-05,0.0013566180265548499,0.0012822991001805,0.0015714115104263,30,0.00134723460586967,7.257202626428042e-05,0.0013244275821664,0.001234225742767,0.0015274486897206,30,0.00017221978997055998,4.951206704457298e-05,0.0001619773977955,0.0001018979888281,0.0003099491872427,30,0.0012521435003501702,4.268765283158807e-05,0.0012449371556575001,0.0011786079339437,0.0013414707593091,30,0.0014346650097169867,7.533798766871004e-05,0.0014156406316981,0.0012425031304554,0.0015762737110345,30,0.0014451267973986,0.0001649648996212785,0.0014012580879044,0.0012448305879842,0.0018995620112976
pipeline_03,IFO_left,FA,30,0.46286043119582077,0.028955544753301,0.46563741946182,0.4008408932529748,0.5143077055070044,30,0.47231029133063535,0.032993816689718077,0.47403228394286523,0.4013538166898451,0.5343952996241889,30,0.0769684861820205,0.011075248670002103,0.07757112924118614,0.0503269584566113,0.0956162757923617,30,0.4536936305499101,0.029412445349711002,0.4514040112961004,0.3939941602485842,0.5238593469357179,30,0.5155135009451612,0.03760590590746688,0.5228468823170584,0.4153274020702586,0.5714043442860746,30,0.4180152161829089,0.04409437820698835,0.42193970995493024,0.3162179415043166,0.4966671292892948
pipeline_03,IFO_left,MD,30,0.00089736858387687,7.08252105023747e-05,0.0008769763730411999,0.0007973837595621,0.0010928959824805,30,0.0008694639267955367,6.078612856841436e-05,0.0008526539771082,0.0007907334928454,0.0010439106882627,30,0.00011269828099281833,5.4668381732836224e-05,0.00010272964263435,3.7646249392510615e-05,0.0002794505385912,30,0.0008107992068476066,3.8703990152497474e-05,0.0008101844824146001,0.0007466218987461,0.00089874238946,30,0.0008923200213810434,6.492896537403487e-05,0.00088804754507005,0.0007738476378012,0.0010640961030031,30,0.0009918495840121366,0.00014186773514355413,0.0009601468551752501,0.0008206829674192,0.0014250617334079
pipeline_03,IFO_left,RD,30,0.00065774298616258,7.327487088148238e-05,0.00063984992107035,0.0005450629651278,0.0008536382174804,30,0.00063358010686777,6.136616547051421e-05,0.0006233627632268,0.0005325287028648,0.0008009954730421,30,0.00011217735975280267,5.2206414215213156e-05,9.902735100425112e-05,4.706549932551517e-05,0.0002787800035967,30,0.0005901270603674433,4.368826632250652e-05,0.0005892176122256499,0.0005102766234989,0.0006784131218045,30,0.0006211475268728367,6.858518795618867e-05,0.00061442389120285,0.0005025488638958,0.0008279477162808,30,0.00076521097703137,0.00013710944668843093,0.000739316371005,0.0006003212576308,0.0011878115959636
pipeline_03,IFO_right,AD,30,0.00135319702730466,6.2404471201339e-05,0.0013393965453520002,0.0012430294662228,0.0014699559964228,30,0.00133382734419232,5.918880909770355e-05,0.0013351767987071499,0.0012058808216442,0.0014541952065374,30,0.00015352841882053953,4.394252580134089e-05,0.00014264642225220002,9.0125836669387e-05,0.0002749445927097,30,0.0012500104629891002,3.991221508072192e-05,0.00124128302594665,0.0011741505879968,0.0013370747350532,30,0.0014235139797761467,9.09118169313338e-05,0.0014105992474262499,0.0012211825519479,0.0016425623799507,30,0.0013870938145188535,0.00012364813972391616,0.00135502706436055,0.0012373373787504,0.0016575093340991
pipeline_03,IFO_right,FA,30,0.4527166199719426,0.026248732272770525,0.4488723566945376,0.3899314334575729,0.5018963329009544,30,0.45785746137101174,0.02895101025568493,0.4554607252982019,0.3968086788995446,0.5037284274648539,30,0.0647700172853176,0.008743597727596718,0.06629685760029419,0.0464596513784617,0.0812024677335056,30,0.4337511169062848,0.021146513079386847,0.4341107829971758,0.3956576348163693,0.4720428408567219,30,0.48924904549633047,0.03413012417351365,0.4932215418569619,0.4192559638213211,0.5465580760927843,30,0.4346007311863771,0.04561125636157291,0.43881869829950204,0.333062216160969,0.5329502644639685
pipeline_03,IFO_right,MD,30,0.0008856775765782567,6.104362318730714e-05,0.0008837539249699,0.0007858239971026,0.001002942395398,30,0.0008704212084707667,5.049041195550556e-05,0.0008740166995897,0.0007888304984021,0.0009723960171736,30,8.083066863567186e-05,4.188219781071494e-05,6.642850652626252e-05,1.804848683699202e-05,0.0001927761049915,30,0.0008245109142575501,3.9407003854053894e-05,0.00081874555859515,0.0007642879060466,0.0009136028635164,30,0.0009068043541436266,7.20815782029981e-05,0.00089930096819465,0.0007929411368331,0.0010594016392053,30,0.0009269687077322033,0.00010192330650755442,0.0009085237345645,0.0007832810328684,0.001179327308527
pipeline_03,IFO_right,RD,30,0.0006519178512222533,6.270981094810481e-05,0.0006517534811561,0.0005450131202279,0.0007831081272347,30,0.00064085718165725,5.422814238147693e-05,0.00064627422327695,0.0005351260776698,0.0007587016692968,30,7.231564308895892e-05,3.5901300922639414e-05,5.7391961201301854e-05,2.5262390461865263e-05,0.0001659533612249,30,0.00061176114024919,4.18145819429653e-05,0.000609908247209,0.0005422184813791,0.0007018669296811,30,0.0006484495412327634,7.05895145859691e-05,0.0006357165638163501,0.0005226795612774,0.0008180992454766,30,0.0006969061540898966,0.00010024421054380831,0.00069898075545345,0.0005455423937504,0.0009612298621591
pipeline_03,ILF_left,AD,30,0.0014183625287802698,0.00011797657630560537,0.0014002013563904,0.001259844698115,0.0016946700032289,30,0.0014239544232921202,0.00011591308714979588,0.00139114454165545,0.0012576458680101,0.0016851324711448,30,0.0002046839262679533,7.708424885868334e-05,0.00018264623697505,0.0001134838964115,0.0004299991279305,30,0.0012219547271095867,4.8432670104050977e-05,0.0012196162059747002,0.00111829998994,0.001328759744117,30,0.00153334508542765,0.00013085408043403226,0.00154748796944105,0.0013569475884619,0.0018146540469561,30,0.00150233231271054,0.000246539474076347,0.0014010989765029,0.0012259637073184,0.0021963714185042
pipeline_03,ILF_left,FA,30,0.443515429335159,0.03904197521238152,0.4437306588273615,0.3777247212288365,0.5044851924738615,30,0.4458580682085672,0.04377346143789512,0.4489564764718234,0.3440800703256349,0.5314950345292311,30,0.08546756560876734,0.01647329069542011,0.0840433435355584,0.0596303074749886,0.1261411985651436,30,0.42168143105496125,0.035751939303642476,0.42864506092623006,0.3466565910538735,0.4954188823314632,30,0.5071678879549818,0.05071123657006171,0.5062655480226999,0.3972608395616113,0.6133287136964817,30,0.4003901421099206,0.055783161499868096,0.4122763995336275,0.2733580810561836,0.5041541676111053
pipeline_03,ILF_left,MD,30,0.0009407741384348967,0.00011446898714549636,0.0009259462418203,0.00079906565898,0.0012044662969534,30,0.0009046156694946634,9.396995127259814e-05,0.000874895648244,0.0007913357034675,0.0011768487472667,30,0.0001363127376044416,8.667902323284981e-05,0.0001168690620269,1.9832180875982465e-05,0.0003795940083188,30,0.0008164421665124034,4.5030654810597374e-05,0.0008045159749005,0.0007411421585498,0.0009161249304546,30,0.0009585996596625367,0.00011417691027519754,0.0009313475563547001,0.0008190347442791,0.0011903802458949,30,0.00105060891571394,0.00023037095866638397,0.0009795985429484001,0.000791913196971,0.0017004211326864
pipeline_03,ILF_left,RD,30,0.0007019799434445501,0.00011614249359645257,0.0006784409781085501,0.000551139838271,0.00095936444172,30,0.0006691658552239134,9.101589827706029e-05,0.0006455859436192,0.0005371427949065,0.0008960014859179,30,0.00013817566968045945,8.075432829202493e-05,0.00011539966353175,5.119191956027829e-05,0.0003750117494627,30,0.0006136858862924733,5.3248860281594614e-05,0.00059948858533685,0.0005144067279873,0.0007431881318661,30,0.0006712269466158633,0.00011681771696469823,0.00063099513780745,0.0005313598494192,0.0009128904851641,30,0.0008247472178622133,0.00022647262240134107,0.0007748030175728,0.0005723131086974,0.0014524460155325
pipeline_03,ILF_right,AD,30,0.0014000881930885667,9.437683236491199e-05,0.0013832489575859499,0.00124139191995,0.001600706509487,30,0.0014197014929090868,9.960106859305861e-05,0.0013966155315822998,0.0012614369099949,0.0016822949080915,30,0.00018533612034680002,4.647046915132053e-05,0.00018247424045179998,0.0001002502922377,0.0003180633083685,30,0.00120563321028781,7.586762296513596e-05,0.00120657802045675,0.0010533138697601,0.0014321448379121,30,0.0015151087805651766,0.00010884397372441825,0.001508429491788,0.0013117706387916,0.0017532534785321,30,0.0014820049132665866,0.00016922950386524474,0.0014483558601547002,0.001235486019526,0.0018846025009939
pipeline_03,ILF_right,FA,30,0.4522910797304392,0.03965689152504241,0.44961757865453766,0.3897220341034107,0.5491499261641472,30,0.4727738367827744,0.0479567157627717,0.4709101764824192,0.3816233703785066,0.585097227735421,30,0.08459576199451282,0.014941130690705282,0.08584776700252106,0.0485255812074752,0.1132861174573898,30,0.3850647072008907,0.033585221570237474,0.3834171782204891,0.3191370855954334,0.4580547661376316,30,0.5216219493708729,0.049302531724426356,0.5185470788654487,0.4099612302697092,0.6268447764163168,30,0.45012081708483886,0.05027399890670968,0.4377401243206456,0.3743655603541795,0.5987436962193375
pipeline_03,ILF_right,MD,30,0.0009138461058994067,7.712623888042563e-05,0.00089987370440545,0.0007982156697785,0.0011041590390097,30,0.0008901046846689267,7.376224205719231e-05,0.0008687622222258501,0.0007898626839015,0.0011388509002651,30,9.142510695549234e-05,4.261999288071547e-05,8.121200753931331e-05,3.672615230167895e-05,0.0001940268242053,30,0.0008405776510271933,5.665023968086629e-05,0.0008376772663683,0.0007458339618009,0.0010240392029765,30,0.00092668343996387,8.991443202686644e-05,0.00090637145870205,0.00080420359822,0.0011908452175943,30,0.00097616569923242,0.00013233556309210381,0.0009362747414416,0.0007695123519943,0.0013123464277335
pipeline_03,ILF_right,RD,30,0.0006707250623587233,7.85533643797309e-05,0.0006714914858226,0.0005628602831204,0.0008558853040407,30,0.0006603242457009333,8.145276604849781e-05,0.0006664681095597501,0.0005450963298386,0.0008721440565147,30,8.832596256098713e-05,3.2538387064066914e-05,8.281991220900754e-05,4.832420359581743e-05,0.0001709902852709,30,0.00065804987186713,5.632183536265879e-05,0.00066137748702325,0.0005671550533641,0.0008199863864375,30,0.0006324707692104167,9.34267236761292e-05,0.0006066884635168,0.0005176392466626,0.0009096410878344,30,0.0007232460923623501,0.00012571441270624645,0.00070634224612215,0.0005278127016989,0.0010329805491148
pipeline_03,UF_left,AD,30,0.0012029469832380668,5.3220804293622096e-05,0.0011898621224812,0.0011223866177837,0.0013536224550928,30,0.0011902859329186999,5.440642784319049e-05,0.00117954463234655,0.001089364257401,0.001330878864777,30,7.329811280476304e-05,2.233461513753326e-05,7.221443421469233e-05,3.3617475154473994e-05,0.0001402052549543,30,0.0011833003003354067,5.97662426126752e-05,0.0011729638500068001,0.0011030034264727,0.0013450493902574,30,0.0012550635335017801,6.745836345534032e-05,0.001255528168069,0.0010914505657933,0.0014125525465006,30,0.0011694624325219968,5.352346433617881e-05,0.00115686017506325,0.0010917772619828,0.0013444151915218
pipeline_03,UF_left,FA,30,0.39531932880901083,0.03827737069698248,0.3971412006578574,0.3047241997579399,0.4633893746510182,30,0.3902841524705774,0.04044457704067924,0.39394958079156106,0.2930720015304586,0.4566838985192534,30,0.07069241246318099,0.01631829350041342,0.06861682762880655,0.0410859865267974,0.1135633948883538,30,0.37644679054581304,0.032485408061513135,0.3814631216892729,0.2867739173185847,0.4424962851104266,30,0.4643375216628941,0.05293205922925763,0.4712323848940875,0.3565014456947284,0.5640564275982618,30,0.34360662251236646,0.044799654632044036,0.34387336849141603,0.2482766644225032,0.4130042143075256
pipeline_03,UF_left,MD,30,0.0008246765559547034,5.7073771979329136e-05,0.0008139825048332501,0.0007601652738088,0.0010307146363579,30,0.0008239871324517867,5.863435632509974e-05,0.00081193390670405,0.0007607977432312,0.0010374812333083,30,3.932016756263662e-05,1.6996724757414698e-05,3.325950263146761e-05,2.023243720375628e-05,0.0001054848358955,30,0.0008240928715380033,5.6234892968783644e-05,0.0008115416365723,0.0007499088679475,0.0010413209518943,30,0.0008081213470010133,6.0154090155314e-05,0.0008081693380112,0.0007363525971364,0.0010165403590582,30,0.0008423510397429134,6.60260671290273e-05,0.00082731354292875,0.0007648454816549,0.0010343940969261
pipeline_03,UF_left,RD,30,0.0006355413424244534,6.580374771833642e-05,0.0006287561577951,0.0005465037690564,0.0008692607253078,30,0.0006362108656303501,6.259608604294825e-05,0.0006235546756334499,0.0005606120641272,0.0008758619108133,30,6.240084104189852e-05,1.8070596429653687e-05,5.9808518022570674e-05,3.20351977058593e-05,0.0001008800129214,30,0.0006444891574048933,6.10907058813031e-05,0.0006378297269388,0.0005657814786789,0.0008894567333069,30,0.00058465025361825,7.381265657173739e-05,0.00057682282872065,0.0004732658717936,0.0008185342598593,30,0.00067879534355725,7.734586136017161e-05,0.00066727634729365,0.0005787770414532,0.0009007452595524
pipeline_03,UF_right,AD,30,0.0012108377162319268,4.02526114579458e-05,0.00120082742014755,0.0011598851975922,0.0013299443022619,30,0.00119474411235199,4.615291845909115e-05,0.0011893244469612,0.001106332319297,0.0013123864267342,30,8.771661943825594e-05,2.0621725457197297e-05,8.511698992886153e-05,5.8875572211104686e-05,0.000164423449541,30,0.0011678139622288068,4.788446182841965e-05,0.001165705008006,0.001070090423809,0.0012640577045265,30,0.0012801394380638734,3.909480190254579e-05,0.0012789959164404,0.0012161726236948,0.0013606933446091,30,0.00118373856190849,6.36458800953086e-05,0.00117521993811865,0.0010835463307549,0.0013964076896381
pipeline_03,UF_right,FA,30,0.384382347140431,0.02695864183986796,0.3814210877387514,0.3325456537950984,0.4289232489521565,30,0.37575074925656093,0.02837094520723384,0.3742120792482375,0.3204071639792006,0.4263614469248078,30,0.07043577394413683,0.013822406787220907,0.0672123943448682,0.0440889608346095,0.0972117794995751,30,0.31892513059886324,0.03671964293761364,0.31890193883910356,0.2428405378192174,0.3964678741510038,30,0.44593029260872463,0.04291634837722745,0.4543329732160257,0.3443798288754546,0.516085049488674,30,0.38841378293474516,0.025647780688422182,0.382390121524424,0.3475524230113084,0.4324269513776173
pipeline_03,UF_right,MD,30,0.0008373720756338933,4.4574890971129635e-05,0.00083852315819755,0.0007707791161894,0.0009635349992833,30,0.0008353573066756733,4.2639008715647354e-05,0.0008313483163904501,0.0007701118537025,0.0009590825328894,30,3.843620866024362e-05,1.944657861196194e-05,3.4222528003619964e-05,1.169166422572686e-05,0.0001022463953626,30,0.0008615609003815466,5.702266780304697e-05,0.0008504091267508499,0.0007799615352454,0.001005527922271,30,0.00083826516620081,4.836410265782704e-05,0.0008292906198223,0.0007620321084683,0.0009609442440877,30,0.00081150635046574,4.505211651369806e-05,0.0008102440096145499,0.0007232178266772,0.0009573605919442
pipeline_03,UF_right,RD,30,0.0006506392554276333,5.039707320803856e-05,0.0006457509756170501,0.0005700979884412,0.0007803303447728,30,0.0006491097100849566,5.099600507538339e-05,0.00064216349389695,0.0005642109183195,0.0007853675635487,30,5.8360220253194776e-05,2.082815219514251e-05,5.384867233066822e-05,2.6286985159581817e-05,0.0001261033364945,30,0.0007084343688631567,6.713060499877391e-05,0.00070227785456385,0.0006087146901723,0.0008834505260215,30,0.0006173280303502067,6.318034843876128e-05,0.00060770389809105,0.0005254590087227,0.0007757255862104,30,0.00062539024555831,4.1871933030619494e-05,0.00062109257127855,0.000535394037336,0.0007378370374219
