tract,metric,pair,delta_g,boot_ci_lo,boot_ci_hi,half_width,equivalent_0.2
CC_2,FA,02-01,0.06813595265485389,-0.10683038689179808,0.30623883461706963,0.20653461075443386,False
CC_2,FA,03-01,0.03165844705009624,-0.13717496260855483,0.244170435007163,0.19067269880785892,False
CC_2,FA,03-02,-0.036477505604757654,-0.1320578308026373,0.035643882724611976,0.08385085676362464,True
CC_2,MD,02-01,-0.13449504231416592,-0.3142912800436218,0.0007657492431062671,0.157528514643364,False
CC_2,MD,03-01,-0.08831601947766221,-0.23946102393822702,0.04269862523805574,0.1410798245881414,False
CC_2,MD,03-02,0.046179022836503714,-0.042381331733189434,0.15381651069853783,0.09809892121586364,True
CC_2,RD,02-01,-0.11881103675854299,-0.34139271338328586,0.02042636099900484,0.18090953719114536,False
CC_2,RD,03-01,-0.07919608579088205,-0.2598197208514875,0.05106661488282971,0.15544316786715862,False
CC_2,RD,03-02,0.039614950967660933,-0.0463287534673287,0.1531568455057448,0.09974279948653675,True
CC_2,AD,02-01,-0.13011671582556916,-0.29233094851168256,0.004191360779640317,0.14826115464566145,False
CC_2,AD,03-01,-0.07191976962719182,-0.2604152166323288,0.07716873424075091,0.16879197543653984,False
CC_2,AD,03-02,0.05819694619837734,-0.0474320885452331,0.17033590255495662,0.10888399555009486,True
CC_7,FA,02-01,0.19386238596917604,-0.12343640805166177,0.4887446588060809,0.3060905334288713,False
CC_7,FA,03-01,-0.03765528314161504,-0.34745475333180803,0.2416581091938809,0.2945564312628445,False
CC_7,FA,03-02,-0.23151766911079108,-0.44386555200291467,-0.04587169636862318,0.19899692781714573,False
CC_7,MD,02-01,0.0993753099515855,-0.19903706621349335,0.446013595329274,0.3225253307713837,False
CC_7,MD,03-01,0.1257657962136907,-0.14900698244164406,0.5509570221403226,0.3499820022909833,False
CC_7,MD,03-02,0.02639048626210519,-0.19537160487453833,0.33294488738689043,0.26415824613071437,False
CC_7,RD,02-01,0.02384811846498444,-0.25846581549228864,0.347911347883607,0.3031885816879478,False
CC_7,RD,03-01,0.10931618630516463,-0.11746254538242085,0.41239730929479607,0.26492992733860843,False
CC_7,RD,03-02,0.08546806784018018,-0.1198381174215616,0.3181672265542559,0.21900267198790874,False
CC_7,AD,02-01,0.25562179202053026,-0.04164101261739558,0.6276433411704614,0.3346421768939285,False
CC_7,AD,03-01,0.13446698748348693,-0.21601772453500923,0.6482014565210699,0.43210959052803954,False
CC_7,AD,03-02,-0.12115480453704335,-0.3983924467975186,0.21509947421076359,0.3067459605041411,False
CG_left,FA,02-01,-0.2807129645062031,-0.5895826409422747,0.09369564344074684,0.3416391421915108,False
CG_left,FA,03-01,-0.07869776942870943,-0.3024820630433444,0.18688603631733386,0.24468404968033913,False
CG_left,FA,03-02,0.20201519507749366,-0.11142324378737888,0.49287065711911976,0.3021469504532493,False
CG_left,MD,02-01,0.05780325092821939,-0.043087237190179734,0.15744321345663162,0.10026522532340568,True
CG_left,MD,03-01,0.13520054581896168,-0.005239187114261971,0.29808733568976886,0.15166326140201541,False
CG_left,MD,03-02,0.07739729489074229,-0.05115826373182912,0.22045991576678844,0.13580908974930878,False
CG_left,RD,02-01,0.1775611857903382,-0.0376678525667248,0.38856356285466914,0.21311570771069696,False
CG_left,RD,03-01,0.11012865824393725,-0.04648688632522834,0.276455527711994,0.16147120701861117,False
CG_left,RD,03-02,-0.06743252754640094,-0.2819948242550084,0.17348967154622838,0.22774224790061837,False
CG_left,AD,02-01,-0.13200279967046674,-0.40714577934182217,0.1428810305112759,0.275013404926549,False
CG_left,AD,03-01,0.07189478290062123,-0.15650697746719394,0.34992803590674554,0.25321750668696974,False
CG_left,AD,03-02,0.20389758257108798,0.028535252431076123,0.3940363101821972,0.18275052887556054,False
CG_right,FA,02-01,-0.1228344559175244,-0.48322664844631663,0.22273124515931472,0.35297894680281566,False
CG_right,FA,03-01,0.18106884927828537,-0.08103741610853206,0.5198679659565184,0.30045269103252525,False
CG_right,FA,03-02,0.30390330519580977,0.07084584002747832,0.6638755310803642,0.29651484552644297,False
CG_right,MD,02-01,-0.026929636393535267,-0.15647655759908632,0.09178997416436865,0.12413326588172749,True
CG_right,MD,03-01,0.018754888190559704,-0.09392785690685113,0.11555297856855455,0.10474041773770285,True
CG_right,MD,03-02,0.04568452458409497,-0.04488867598952977,0.13093999821688254,0.08791433710320615,True
CG_right,RD,02-01,-0.011349598864436206,-0.26629484764326655,0.1881335104216091,0.22721417903243785,False
CG_right,RD,03-01,-0.1335644027166083,-0.389281863967832,0.03200971834816517,0.21064579115799859,False
CG_right,RD,03-02,-0.1222148038521721,-0.3172333098414434,0.019051911045091675,0.16814261044326753,False
CG_right,AD,02-01,-0.022284095139290916,-0.3122523139158528,0.1920707807897933,0.25216154735282303,False
CG_right,AD,03-01,0.09048352392675019,-0.21201613519291176,0.3233810411944015,0.2676985881936566,False
CG_right,AD,03-02,0.1127676190660411,-0.07197103898167775,0.31403101718024995,0.19300102808096387,False
IFO_left,FA,02-01,-0.02890203775974981,-0.17396791668839645,0.11991707850370271,0.14694249759604958,True
IFO_left,FA,03-01,-0.05865125277057298,-0.21175375923052855,0.11270435949021958,0.16222905936037407,False
IFO_left,FA,03-02,-0.02974921501082317,-0.17839654775409916,0.11328713570191984,0.1458418417280095,True
IFO_left,MD,02-01,0.18632798980857534,0.008670683521797657,0.4036688191400256,0.19749906780911397,False
IFO_left,MD,03-01,0.20213970635871883,0.06797333269366188,0.3734667449460147,0.1527467061261764,False
IFO_left,MD,03-02,0.01581171655014349,-0.13548602470792404,0.16125149156144192,0.14836875813468298,True
IFO_left,RD,02-01,0.1730050456757103,0.004438620948249959,0.39616048837714024,0.19586093371444513,False
IFO_left,RD,03-01,0.18503830844443925,0.051949193004821016,0.3546917767251665,0.15137129186017273,False
IFO_left,RD,03-02,0.012033262768728958,-0.15358997581904443,0.15578815402398627,0.15468906492151535,True
IFO_left,AD,02-01,0.2008598857844893,0.0050469057649385664,0.4284888817955383,0.21172098801529987,False
IFO_left,AD,03-01,0.21707166282887475,0.05887524070209492,0.4070537278949336,0.17408924359641934,False
IFO_left,AD,03-02,0.01621177704438545,-0.14713691338511023,0.18000442163473943,0.16357066750992483,True
IFO_right,FA,02-01,0.14954591941071715,-0.01657273290855721,0.36958405877824657,0.1930783958434019,False
IFO_right,FA,03-01,0.037932996755848436,-0.17190524267707075,0.25614945986643367,0.2140273512717522,False
IFO_right,FA,03-02,-0.1116129226548687,-0.3103020202186932,0.028489129707538304,0.16939557496311575,False
IFO_right,MD,02-01,-0.040208315990514124,-0.19628941932323224,0.10798271333480279,0.15213606632901752,True
IFO_right,MD,03-01,0.026155409219637077,-0.15516257133571687,0.18779952217648227,0.17148104675609957,True
IFO_right,MD,03-02,0.0663637252101512,-0.09481140075147018,0.2219573355735887,0.15838436816252943,False
IFO_right,RD,02-01,-0.05533451478529958,-0.2246386606339471,0.08914629049421678,0.15689247556408195,False
IFO_right,RD,03-01,0.023031986529994185,-0.1714856071861127,0.20071428457124757,0.18609994587868012,False
IFO_right,RD,03-02,0.07836650131529375,-0.07953926314682054,0.23917360824372708,0.1593564356952738,False
IFO_right,AD,02-01,-0.00712619040661195,-0.17799468035670732,0.1658117389774269,0.17190320966706713,True
IFO_right,AD,03-01,0.02987404581718389,-0.13785539596852772,0.2040354025666354,0.17094539926758157,False
IFO_right,AD,03-02,0.037000236223795835,-0.1428813635325485,0.21340132266431142,0.17814134309842994,False
ILF_left,FA,02-01,-0.16002573774273932,-0.3811033834716338,0.08776654865587076,0.23443496606375228,False
ILF_left,FA,03-01,-0.1926432204269718,-0.4305300917451142,0.028537484469366017,0.2295337881072401,False
ILF_left,FA,03-02,-0.03261748268423248,-0.25116977521674094,0.13977647904053767,0.1954731271286393,False
ILF_left,MD,02-01,-0.09754844680055896,-0.5184586862688114,0.091689177070868,0.3050739316698397,False
ILF_left,MD,03-01,0.007662076109697269,-0.37477695767130914,0.19000419450153086,0.28239057608642,False
ILF_left,MD,03-02,0.10521052291025623,-0.04651254268936811,0.3065646489081711,0.1765385957987696,False
ILF_left,RD,02-01,-0.06234816114069497,-0.4989084469072053,0.1276163372487455,0.3132623920779754,False
ILF_left,RD,03-01,0.012589110989939645,-0.41107247309541206,0.2114352667672846,0.31125386993134835,False
ILF_left,RD,03-02,0.07493727213063461,-0.0786176662505331,0.2868017715520257,0.1827097189012794,False
ILF_left,AD,02-01,-0.1569678201028133,-0.5183523790476117,0.062320422269909435,0.29033640065876054,False
ILF_left,AD,03-01,-0.00950631420859116,-0.32087944760142295,0.17991426060460503,0.250396854103014,False
ILF_left,AD,03-02,0.14746150589422213,-0.009225495909891222,0.3324201044371438,0.17082280017351753,False
ILF_right,FA,02-01,0.03953497938714168,-0.20775799280210888,0.2706039045551581,0.2391809486786335,False
ILF_right,FA,03-01,-0.12466400168060088,-0.3749561921947674,0.08378403586896908,0.22937011403186824,False
ILF_right,FA,03-02,-0.16419898106774256,-0.4135586257206615,0.026760340511717384,0.22015948311618944,False
ILF_right,MD,02-01,-0.2724578478776477,-0.5241638058190111,0.027970180485428122,0.2760669931522196,False
ILF_right,MD,03-01,-0.05372698378718099,-0.24889532257294525,0.13042532083894934,0.1896603217059473,False
ILF_right,MD,03-02,0.21873086409046671,0.006063009153448389,0.388528040012705,0.19123251542962832,False
ILF_right,RD,02-01,-0.22592735533451502,-0.4693592997610465,0.04770151829101317,0.25853040902602986,False
ILF_right,RD,03-01,-0.031327270758288506,-0.20097771829282862,0.139000315398636,0.1699890168457323,False
ILF_right,RD,03-02,0.19460008457622652,-0.02839592734655135,0.3784849597320729,0.20344044353931212,False
ILF_right,AD,02-01,-0.33263650184380944,-0.624260374529306,-0.005916476334384538,0.30917194909746076,False
ILF_right,AD,03-01,-0.10989910347118315,-0.35035899233064466,0.10896671553331529,0.22966285393197997,False
ILF_right,AD,03-02,0.2227373983726263,0.008089043552650842,0.377976665080182,0.1849438107637656,False
UF_left,FA,02-01,0.16379366532658746,-0.021974908426534327,0.4238423888733571,0.22290864864994572,False
UF_left,FA,03-01,0.05366382826777838,-0.2259338210197659,0.32423131607637284,0.27508256854806934,False
UF_left,FA,03-02,-0.11012983705880908,-0.4020932308830793,0.09055233387267682,0.24632278237787805,False
UF_left,MD,02-01,-0.004106755697921738,-0.141796558086184,0.11920380048523409,0.13050017928570903,True
UF_left,MD,03-01,-0.004858489513468567,-0.11223717025673874,0.12233901357946797,0.11728809191810335,True
UF_left,MD,03-02,-0.0007517338155468289,-0.1562320702283865,0.18877097505442936,0.17250152264140795,True
UF_left,RD,02-01,-0.07444143316590301,-0.23859420391545738,0.047048260361334075,0.14282123213839573,False
UF_left,RD,03-01,-0.03258808543959235,-0.17340783636266655,0.1428253162944653,0.1581165763285659,True
UF_left,RD,03-02,0.04185334772631066,-0.11133595757562742,0.2776765945527639,0.19450627606419565,False
UF_left,AD,02-01,0.11018687346170614,-0.0736465980352786,0.356112687179766,0.2148796426075223,False
UF_left,AD,03-01,0.06569111884001883,-0.19793424068627868,0.31576266502376277,0.2568484528550207,False
UF_left,AD,03-02,-0.04449575462168731,-0.31637834538146403,0.16637672418508473,0.2413775347832744,False
UF_right,FA,02-01,0.07990533476065387,-0.17672024601777434,0.30132329245118256,0.23902176923447843,False
UF_right,FA,03-01,-0.12455522570260447,-0.4852228756536912,0.1614373440747087,0.32333010986419997,False
UF_right,FA,03-02,-0.20446056046325833,-0.44921630541792684,-0.014202527298108123,0.21750688905990936,False
UF_right,MD,02-01,0.023959721104752196,-0.1268464053806981,0.1978583140803222,0.16235235973051015,True
UF_right,MD,03-01,0.1335262003799912,-0.030021039634690903,0.376728236019209,0.20337463782694995,False
UF_right,MD,03-02,0.10956647927523899,0.020299536825019938,0.2344111113378051,0.10705578725639257,False
UF_right,RD,02-01,-0.008565619104398792,-0.16686918019943933,0.2156423658385901,0.1912557730190147,False
UF_right,RD,03-01,0.1307109505627313,-0.05826981709913588,0.4181177758339828,0.23819379646655933,False
UF_right,RD,03-02,0.1392765696671301,0.012878741882711521,0.31044517442762387,0.14878321627245616,False
UF_right,AD,02-01,0.21550051345356702,-0.030617798261060397,0.5089115534650149,0.26976467586303765,False
UF_right,AD,03-01,0.26701376353257755,-0.0055796258760519675,0.5905339259652357,0.29805677592064383,False
UF_right,AD,03-02,0.05151325007901053,-0.06213839915319792,0.17262624125324091,0.11738232020321941,True
