tract,metric,pair,shift_AD_pct,shift_CN_pct,diff_pct,mean_pct,std_AD,std_CN,diff_std
CC_2,FA,P02-P01,-1.7334968803511748,-2.51758103069399,0.7840841503428151,-2.1255389555225825,-0.19110663712263187,-0.28650585205505935,0.09539921493242748
CC_2,FA,P03-P01,-4.174041582183505,-4.406814808154345,0.23277322597084016,-4.290428195168925,-0.4546602309770516,-0.49686934143690026,0.04220911045984865
CC_2,FA,P03-P02,-2.4409862572103003,-1.8897579260746251,-0.5512283311356752,-2.1653720916424626,-0.2874068604158128,-0.22940271519403596,-0.058004145221776854
CC_2,MD,P02-P01,-0.7811758504866908,0.11453336424597114,-0.895709214732662,-0.3333212431203598,-0.09972129780271811,0.01398055334166196,-0.11370185114438007
CC_2,MD,P03-P01,-0.29011846038570416,0.12495274361198457,-0.4150712039976887,-0.0825828583868598,-0.037125981757985545,0.015253193461676636,-0.05237917521966218
CC_2,MD,P03-P02,0.4910601723685561,0.010419383093875429,0.4806407892746807,0.25073977773121575,0.06128884792092674,0.0012460780087428442,0.060042769912183894
CC_2,RD,P02-P01,-0.06675520202589323,1.3522430383500577,-1.418998240375951,0.6427439181620822,-0.005572932399951767,0.10628759498453971,-0.11186052738449148
CC_2,RD,P03-P01,1.2528320781773394,2.050271153799077,-0.7974390756217375,1.6515516159882082,0.10528475842448093,0.1617215450208534,-0.05643678659637247
CC_2,RD,P03-P02,1.319584521180997,0.6980765002637852,0.6215080209172117,1.0088305107223912,0.11058624939099282,0.05529821682062799,0.055288032570364826
CC_2,AD,P02-P01,-1.4650078300155323,-1.0350753723366448,-0.42993245767888744,-1.2500416011760884,-0.3240968642033086,-0.22217755523351662,-0.10191930896979196
CC_2,AD,P03-P01,-1.7791298620992346,-1.6753418471114132,-0.10378801498782142,-1.727235854605324,-0.39297589575248715,-0.35846823706296965,-0.034507658689517495
CC_2,AD,P03-P02,-0.31414250191681875,-0.6402942332119301,0.3261517312951114,-0.4772183675643744,-0.06748177952692053,-0.13352594448460275,0.06604416495768223
CC_7,FA,P02-P01,0.2862828069509731,-0.9632067674911551,1.2494895744421282,-0.338461980270091,0.0561100822097646,-0.18462019309492403,0.24073027530468863
CC_7,FA,P03-P01,-4.8276232335381035,-4.803574767901066,-0.024048465637037886,-4.815599000719585,-0.9225679783607833,-0.9034481851645301,-0.019119793196253232
CC_7,FA,P03-P02,-5.113729352762346,-3.8408122705955368,-1.272917082166809,-4.477270811678942,-0.8881660041295499,-0.6523479079532386,-0.23581809617631133
CC_7,MD,P02-P01,-0.6915030045555244,-1.5200594658106108,0.8285564612550864,-1.1057812351830676,-0.08993788948610201,-0.20007645895405957,0.11013856946795755
CC_7,MD,P03-P01,2.142652040078957,1.2420970139409453,0.9005550261380117,1.6923745270099513,0.28266827668599787,0.1657619353112996,0.11690634137469827
CC_7,MD,P03-P02,2.83405006785449,2.7620261078848367,0.07202395996965327,2.7980380878696636,0.39934097765652765,0.39208761232025485,0.007253365336272799
CC_7,RD,P02-P01,-0.6722033706884497,-0.8483901360285381,0.17618676534008837,-0.7602967533584939,-0.055536641871304915,-0.07209820890380178,0.016561567032496866
CC_7,RD,P03-P01,6.287593834068922,5.142005595025498,1.1455882390434233,5.71479971454721,0.538137420729613,0.45041364338666656,0.08772377734294645
CC_7,RD,P03-P02,6.959061885614095,5.989742485721489,0.9693193998926057,6.474402185667792,0.5732110575067839,0.5045016959290429,0.06870936157774099
CC_7,AD,P02-P01,-0.7050705497353748,-2.0055770091264558,1.3005064593910811,-1.3553237794309152,-0.12735657241093215,-0.3623930917390997,0.23503651932816758
CC_7,AD,P03-P01,-0.8785141427470079,-1.6586337655661656,0.7801196228191577,-1.2685739541565868,-0.15854859648390016,-0.30021860951686313,0.14167001303296298
CC_7,AD,P03-P02,-0.17344627888991743,0.34697209878139573,-0.5204183776713132,0.08676290994573915,-0.040086716613627726,0.07990410765301385,-0.11999082426664158
CG_left,FA,P02-P01,-4.080045503876666,-2.2910043229533033,-1.7890411809233626,-3.1855249134149846,-0.5716633346493291,-0.33784144313156317,-0.2338218915177659
CG_left,FA,P03-P01,-6.7207710969644445,-5.7169586427578585,-1.003812454206586,-6.218864869861152,-0.9296315656061607,-0.8290076552182708,-0.10062391038788987
CG_left,FA,P03-P02,-2.6425371217766624,-3.427076479753493,0.7845393579768305,-3.034806800765078,-0.3577952454204289,-0.49092885959753957,0.13313361417711067
CG_left,MD,P02-P01,0.4613212600766891,0.1998328245066193,0.26148843557006984,0.3305770422916542,0.12001757926466679,0.051640129215588214,0.06837745004907858
CG_left,MD,P03-P01,0.4937025587876227,-0.10118464877593082,0.5948872075635535,0.19625895500584595,0.12846276184181019,-0.026108463222214384,0.15457122506402457
CG_left,MD,P03-P02,0.032381483087444485,-0.30101732111818774,0.3333988042056322,-0.13431791901537163,0.00809691149435125,-0.07454231640687779,0.08263922790122905
CG_left,RD,P02-P01,2.4479082402315506,1.4665683539426226,0.981339886288928,1.9572382970870867,0.41570205791461967,0.24042445324801567,0.175277604666604
CG_left,RD,P03-P01,3.3765982217641657,2.6100017354864273,0.7665964862777384,2.9932999786252967,0.5761198707629933,0.4303537879716943,0.145766082791299
CG_left,RD,P03-P02,0.9288819257543861,1.1435428113278936,-0.2146608855735075,1.0362123685411397,0.15719131028189923,0.18610926340457923,-0.02891795312268
CG_left,AD,P02-P01,-1.527797762390498,-0.9990811455861837,-0.5287166168043143,-1.2634394539883407,-0.3621301654097874,-0.2418465902240406,-0.12028357518574678
CG_left,AD,P03-P01,-2.4193312220498533,-2.7039685572885572,0.28463733523870394,-2.561649889669205,-0.570922471230261,-0.6490417939241634,0.07811932269390243
CG_left,AD,P03-P02,-0.8916158505104069,-1.7050025626311105,0.8133867121207036,-1.2983092065707587,-0.21034622670500264,-0.41022572308934646,0.19987949638434382
CG_right,FA,P02-P01,-2.5577720770197607,-2.2845544944614167,-0.27321758255834405,-2.4211632857405885,-0.3389617030736507,-0.31930734446980874,-0.01965435860384196
CG_right,FA,P03-P01,-4.342042968866135,-4.7232733385097925,0.3812303696436574,-4.532658153687963,-0.5703928706274798,-0.6522978869048807,0.08190501627740088
CG_right,FA,P03-P02,-1.7847664302942363,-2.43937690105385,0.6546104707596136,-2.1120716656740433,-0.25686988896970914,-0.3695925858532659,0.11272269688355674
CG_right,MD,P02-P01,0.004496754100907841,0.08729929237544906,-0.08280253827454122,0.04589802323817845,0.001068373314154701,0.020510778674267063,-0.019442405360112363
CG_right,MD,P03-P01,-0.09206357928073022,-0.20308290898984274,0.11101932970911252,-0.1475732441352865,-0.02186261543659091,-0.0476446812666293,0.025782065830038392
CG_right,MD,P03-P02,-0.09656033238226934,-0.2903820726607394,0.19382174027847004,-0.19347120252150438,-0.022210486204539463,-0.0660139830530465,0.04380349684850703
CG_right,RD,P02-P01,1.2161069148083063,1.3471624728336213,-0.131055558025315,1.2816346938209637,0.19925966076345547,0.21172751211658306,-0.012467851353127585
CG_right,RD,P03-P01,1.6988563695537469,2.0589959189985625,-0.36013954944481563,1.8789261442761547,0.2790360172406507,0.3247669357830465,-0.045730918542395804
CG_right,RD,P03-P02,0.4827743899337944,0.7118828117147146,-0.22910842178092017,0.5973286008242544,0.08008973035195484,0.11348346001707174,-0.0333937296651169
CG_right,AD,P02-P01,-1.2075989056427197,-1.0995846029135063,-0.10801430272921331,-1.153591754278113,-0.25691478341077545,-0.23828345257487127,-0.01863133083590418
CG_right,AD,P03-P01,-1.8941914785304694,-2.3551443141947024,0.46095283566423295,-2.124667896362586,-0.4016158248609152,-0.5072005108215407,0.10558468596062554
CG_right,AD,P03-P02,-0.6866318383337918,-1.255641004004435,0.5690091656706432,-0.9711364211691134,-0.14586837723594975,-0.2710864725256555,0.12521809528970573
IFO_left,FA,P02-P01,-2.924359987446904,-2.733557410407099,-0.19080257703980497,-2.8289586989270017,-0.48441980752659825,-0.46231712849627926,-0.022102679030318984
IFO_left,FA,P03-P01,-6.712960933251855,-6.22657486880768,-0.48638606444417487,-6.469767901029767,-1.091620433963756,-1.0352423056800055,-0.05637812828375055
IFO_left,FA,P03-P02,-3.7904612202463452,-3.494504431178874,-0.29595678906747125,-3.6424828257126096,-0.6185308869157136,-0.583615863605286,-0.03491502331042762
IFO_left,MD,P02-P01,1.095495039598326,-0.44737294812138856,1.5428679877197147,0.3240610457384687,0.13249973340090884,-0.05365691865822018,0.186156652059129
IFO_left,MD,P03-P01,0.9926527343649346,-0.6619820753387436,1.6546348097036783,0.16533532951309549,0.1199989486581805,-0.07931174597082176,0.19931069462900225
IFO_left,MD,P03-P02,-0.10284510119611612,-0.2146107161568573,0.1117656149607412,-0.15872790867648673,-0.01299393897700979,-0.026666906712363173,0.013672967735353382
IFO_left,RD,P02-P01,2.9286319079069942,0.98767683768446,1.9409550702225342,1.9581543727957271,0.2501112780309796,0.08239725057018796,0.16771402746079164
IFO_left,RD,P03-P01,4.515282867141804,2.4922660799643634,2.0230167871774403,3.503774473553084,0.3887444211334749,0.20950197490343492,0.17924244623004
IFO_left,RD,P03-P02,1.5871756636961145,1.5046818386503287,0.08249382504578584,1.5459287511732216,0.1436417975099168,0.13169687036332822,0.011944927146588569
IFO_left,AD,P02-P01,-0.5969154785384211,-1.7347924013261697,1.1378769227877488,-1.1658539399322954,-0.10861276897119722,-0.3173237743175124,0.2087110053463152
IFO_left,AD,P03-P01,-2.31401313903024,-3.5387925668601885,1.2247794278299486,-2.9264028529452144,-0.41747661304509276,-0.6415696606054445,0.22409304756035175
IFO_left,AD,P03-P02,-1.717156956937738,-1.8042770801368953,0.08712012319915718,-1.7607170185373167,-0.3212818938870688,-0.33728238002099814,0.016000486133929348
IFO_right,FA,P02-P01,-1.1786518174925682,-2.054998161030322,0.8763463435377536,-1.616824989261445,-0.18771755791533923,-0.32685008728115267,0.13913252936581344
IFO_right,FA,P03-P01,-5.755822275389253,-6.0065324848962085,0.25071020950695555,-5.881177380142731,-0.8963064076906141,-0.9370216030922881,0.04071519540167401
IFO_right,FA,P03-P02,-4.57794689032282,-3.9527540857909096,-0.6251928045319102,-4.265350488056865,-0.8419636191512654,-0.7250215945654349,-0.11694202458583047
IFO_right,MD,P02-P01,-1.3294774533256977,-1.0651623693468055,-0.26431508397889214,-1.1973199113362516,-0.19335431154427413,-0.15540354721927133,-0.0379507643250028
IFO_right,MD,P03-P01,-0.516021536471679,-0.7027167513247609,0.18669521485308183,-0.60936914389822,-0.07535273133459092,-0.10270911727534099,0.027356385940750072
IFO_right,MD,P03-P02,0.813469868655362,0.3624524004800033,0.45101746817535865,0.5879611345676826,0.12538261371252216,0.055990482014911254,0.06939213169761091
IFO_right,RD,P02-P01,-0.6938758041472853,-0.1735788699062,-0.5202969342410854,-0.43372733702674265,-0.06935604014248549,-0.017413956444586872,-0.051942083697898614
IFO_right,RD,P03-P01,2.3324283415012728,2.0969704696210014,0.23545787188027134,2.214699405561137,0.23670615380090845,0.2127880444422499,0.02391810935865854
IFO_right,RD,P03-P02,3.0261817051572315,2.270528678297238,0.7556530268599935,2.6483551917272345,0.33478033116775424,0.25180209649359175,0.08297823467416249
IFO_right,AD,P02-P01,-1.913231320329568,-1.8848343341451996,-0.028396986184368478,-1.899032827237384,-0.4237013171719824,-0.4185335137124669,-0.005167803459515508
IFO_right,AD,P03-P01,-3.1889501968224643,-3.3246907586635963,0.13574056184113203,-3.2568204777430303,-0.7017860992556132,-0.7330302326563741,0.03124413340076093
IFO_right,AD,P03-P02,-1.2759134915584824,-1.4400820310560931,0.16416853949761068,-1.3579977613072878,-0.28828103770702307,-0.32602805451374023,0.03774701680671716
ILF_left,FA,P02-P01,-4.260526652908374,-2.8879555750297943,-1.3725710778785798,-3.574241113969084,-0.56744773602649,-0.39788805062745747,-0.16955968539903254
ILF_left,FA,P03-P01,-7.371001788064914,-5.16847643703954,-2.2025253510253746,-6.269739112552227,-0.9669978740838124,-0.7041716908228403,-0.2628261832609722
ILF_left,FA,P03-P02,-3.112919115158949,-2.281372174877557,-0.8315469402813918,-2.697145645018253,-0.3882485808775624,-0.29762019162363806,-0.09062838925392436
ILF_left,MD,P02-P01,-4.003548107312908,-2.507409028451459,-1.4961390788614493,-3.2554785678821836,-0.33358300700865756,-0.19181882310186377,-0.1417641839067938
ILF_left,MD,P03-P01,-1.8592901772158203,-1.8275200110708665,-0.03177016614495387,-1.8434050941433435,-0.15656512238587864,-0.14027772412488512,-0.016287398260993513
ILF_left,MD,P03-P02,2.1446570377789462,0.6799669133732205,1.4646901244057258,1.4123119755760833,0.19414680746505977,0.05652841147065322,0.13761839599440656
ILF_left,RD,P02-P01,-2.4747140126586022,-1.3818116671527878,-1.0929023455058144,-1.928262839905695,-0.16186312836512087,-0.0804307774742894,-0.08143235089083148
ILF_left,RD,P03-P01,0.8786016657765955,0.308649723573544,0.5699519422030515,0.5936256946750698,0.05843429321918718,0.018117584426461563,0.040316708792725614
ILF_left,RD,P03-P02,3.353133411503974,1.6904433665518934,1.6626900449520807,2.521788389027934,0.2298304758622764,0.10281290061504177,0.12701757524723462
ILF_left,AD,P02-P01,-5.507311482405321,-3.549034839666475,-1.9582766427388458,-4.528173161035898,-0.5945672201351676,-0.36242039060236375,-0.23214682953280386
ILF_left,AD,P03-P01,-4.585351115447417,-3.823752578127443,-0.7615985373199741,-4.20455184678743,-0.4972635915853915,-0.3899477318440593,-0.10731585974133223
ILF_left,AD,P03-P02,0.922542790289766,-0.27481097241931635,1.1973537627090824,0.3238659089352248,0.11658983098192255,-0.03298343659516461,0.14957326757708717
ILF_right,FA,P02-P01,-3.705070108266447,-3.5612702223599597,-0.1437998859064873,-3.6331701653132034,-0.4348945217461991,-0.4041963886708435,-0.03069813307535557
ILF_right,FA,P03-P01,-6.796076977759464,-5.810284051667843,-0.9857929260916212,-6.303180514713653,-0.7857879034697258,-0.6522482842176782,-0.1335396192520476
ILF_right,FA,P03-P02,-3.092953879449349,-2.250177845833682,-0.8427760336156669,-2.6715658626415157,-0.41606102510246457,-0.29411989885047707,-0.1219411262519875
ILF_right,MD,P02-P01,-6.155496410453464,-3.2707004704924625,-2.884795939961002,-4.7130984404729634,-0.6276946686496134,-0.32470686968992146,-0.30298779895969197
ILF_right,MD,P03-P01,-4.224905687274248,-3.244994434510224,-0.9799112527640239,-3.7349500608922357,-0.43489918145072654,-0.3221955849837972,-0.11270359646692935
ILF_right,MD,P03-P02,1.9318467322542696,0.025712858506651715,1.906133873747618,0.9787797953804607,0.2378681736882516,0.003098385316668642,0.23476978837158297
ILF_right,RD,P02-P01,-5.112030749915866,-1.919506386442655,-3.1925243634732112,-3.5157685681792605,-0.37580851088809075,-0.1386239670520969,-0.23718454383599386
ILF_right,RD,P03-P01,-1.7949956084891268,-0.9788186036892881,-0.8161770047998387,-1.3869071060892075,-0.13412733228762508,-0.07101972128356746,-0.06310761100405762
ILF_right,RD,P03-P02,3.3177962499204283,0.9407319700760722,2.377064279844356,2.12926410999825,0.30474776561479044,0.08524554110227599,0.21950222451251444
ILF_right,AD,P02-P01,-7.113395685588112,-4.53279130492977,-2.5806043806583423,-5.8230934952589415,-0.9482872026293734,-0.5834089918343053,-0.3648782107950681
ILF_right,AD,P03-P01,-6.485349647808001,-5.380450523019975,-1.1048991247880267,-5.932900085413988,-0.86719200158447,-0.6896518087525509,-0.17754019283191902
ILF_right,AD,P03-P02,0.6287712131105454,-0.8481763609576703,1.4769475740682156,-0.10970257392356247,0.09559261622170696,-0.1252358794739952,0.22082849569570218
UF_left,FA,P02-P01,-1.7119169414692628,-2.9016245496657205,1.1897076081964577,-2.3067707455674915,-0.1853832250219323,-0.33852175845171717,0.15313853342978487
UF_left,FA,P03-P01,-7.071130993064222,-6.637096189604332,-0.4340348034598902,-6.8541135913342774,-0.745913774250584,-0.7603275322250919,0.014413757974507835
UF_left,FA,P03-P02,-5.360836400032748,-3.737270982804787,-1.6235654172279612,-4.549053691418767,-0.5810376655490962,-0.4372376179062396,-0.1438000476428566
UF_left,MD,P02-P01,-0.4657167766860093,-0.16133867874513058,-0.3043780979408787,-0.3135277277155699,-0.0737000755755125,-0.024359890372790134,-0.04934018520272237
UF_left,MD,P03-P01,0.005088716689988315,-0.3154352935644166,0.3205240102544049,-0.15517328843721412,0.0008071894712925432,-0.047589692597153836,0.04839688206844638
UF_left,MD,P03-P02,0.47080546548194213,-0.15409681087632524,0.6249022763582673,0.15835432730280846,0.07938507327705543,-0.02475060050364437,0.10413567378069981
UF_left,RD,P02-P01,0.2580683919265672,1.1774541786075101,-0.919385786680943,0.7177612852670386,0.02708742335866678,0.1138367588796412,-0.08674933552097443
UF_left,RD,P03-P01,2.4991123116389766,2.406606963798322,0.09250534784065456,2.4528596377186496,0.26528875852717154,0.23411912237766588,0.03116963614950566
UF_left,RD,P03-P02,2.2410800538728575,1.2292398666764912,1.0118401871963663,1.7351599602746743,0.24710702897532752,0.12477939076664428,0.12232763820868324
UF_left,AD,P02-P01,-1.2243267535607172,-1.4686343764713812,0.244307622910664,-1.3464805650160492,-0.29223462001785677,-0.34657893761344033,0.05434431759558356
UF_left,AD,P03-P01,-2.657424625834797,-3.010439621965544,0.3530149961307467,-2.8339321239001705,-0.6298153530561559,-0.7050297916221325,0.07521443856597665
UF_left,AD,P03-P02,-1.4332144483631024,-1.5419756814199734,0.10876123305687102,-1.487595064891538,-0.4021449226101996,-0.42700657009513476,0.02486164748493519
UF_right,FA,P02-P01,-1.8168416999371704,-3.8624851597149354,2.0456434597777653,-2.839663429826053,-0.209656683243268,-0.4743865894808441,0.2647299062375761
UF_right,FA,P03-P01,-7.367479388562039,-7.841919369179876,0.474439980617837,-7.604699378870958,-0.8274224650081772,-0.9446960987962365,0.11727363378805933
UF_right,FA,P03-P02,-5.5524957680041656,-3.982449849640656,-1.5700459183635096,-4.7674728088224105,-0.8235426748104777,-0.6269689301726268,-0.19657374463785093
UF_right,MD,P02-P01,-0.37110327259471126,-0.026485529950218554,-0.3446177426444927,-0.19879440127246492,-0.07005641298925186,-0.004788131440373719,-0.06526828154887813
UF_right,MD,P03-P01,0.23409051362142136,-0.2272635764487019,0.4613540900701233,0.0034134685863597275,0.0443251934669662,-0.04104417455468517,0.08536936802165138
UF_right,MD,P03-P02,0.6051924718628187,-0.20077807671154957,0.8059705485743682,0.20220719757563455,0.12687501500091933,-0.040216134014195576,0.1670911490151149
UF_right,RD,P02-P01,0.20697301864253784,1.5595864300944144,-1.3526134114518766,0.8832797243684761,0.0248480398881641,0.17408122309457066,-0.14923318320640655
UF_right,RD,P03-P01,2.63603592056171,2.7837145483260226,-0.1476786277643125,2.7098752344438664,0.3203628828381138,0.3126471899506811,0.007715692887432735
UF_right,RD,P03-P02,2.429096034079279,1.2242609947280598,1.204835039351219,1.8266785144036692,0.35048794611189765,0.1643426795067374,0.18614526660516026
UF_right,AD,P02-P01,-0.9830377732165958,-1.6077753682969858,0.62473759508039,-1.2954065707567908,-0.31341888538645557,-0.5060291504416206,0.192610265055165
UF_right,AD,P03-P01,-2.3574326088897912,-3.272741306436364,0.915308697546573,-2.8150869576630777,-0.7465080371725472,-1.021621387187007,0.2751133500144598
UF_right,AD,P03-P02,-1.3744744674081375,-1.6651849862663175,0.29071051885818,-1.5198297268372274,-0.4479567367600876,-0.533292082978272,0.0853353462181844
