tract,metric,feature,n_subjects,mean_pipeline_range,median_pipeline_range,mean_relative_pipeline_range_percent,median_relative_pipeline_range_percent
CC_2,AD,mean,30,2.8777802309636658e-05,2.8410889242200038e-05,2.039187619295561,1.99231451362875
CC_2,AD,median,30,3.200966118578336e-05,2.6675001148150027e-05,2.490703423740045,2.079608606346523
CC_2,AD,sd,30,2.2898018532419997e-05,1.8855887744400013e-05,6.9460326981133305,6.187234613913294
CC_2,AD,proximal_mean,30,2.9648956028530024e-05,2.9537802878200066e-05,2.428413496754954,2.4525453313559633
CC_2,AD,middle_mean,30,5.1347461930313324e-05,4.3452626426150024e-05,2.7994224192110355,2.3603263668555456
CC_2,AD,distal_mean,30,2.1630630080626672e-05,2.44895288597e-05,1.825028129658968,2.0171939841247286
CC_2,FA,mean,30,0.022617959630509398,0.02194999532826014,5.160103410594168,4.834631064045059
CC_2,FA,median,30,0.026172741749164733,0.025965735266008344,7.036724333050218,6.209657263297549
CC_2,FA,sd,30,0.007521333089453674,0.007173344151003791,6.049551522771704,4.859544748798491
CC_2,FA,proximal_mean,30,0.021111650375262362,0.019766763461187165,5.880201160628625,5.601009418590396
CC_2,FA,middle_mean,30,0.024627026663464162,0.02284241761687167,4.139952483155791,3.630686128777058
CC_2,FA,distal_mean,30,0.02403185678086214,0.02500956836968435,6.839979788155455,7.092660446473478
CC_2,MD,mean,30,1.6336345864166667e-05,1.1616011656550012e-05,1.7333297232918758,1.246314594848228
CC_2,MD,median,30,2.4442808627796668e-05,2.0294072304900043e-05,2.661499360608042,2.289765299842576
CC_2,MD,sd,30,1.6485884911483176e-05,1.3205474844027271e-05,17.532971343317584,13.767632696294907
CC_2,MD,proximal_mean,30,1.7570161256716662e-05,1.2606874539850064e-05,1.967930350714537,1.4737428734247529
CC_2,MD,middle_mean,30,3.7937497073466656e-05,2.7404506516100083e-05,3.5973196372445253,2.817984323679062
CC_2,MD,distal_mean,30,1.5449581324950004e-05,1.2981401516450042e-05,1.7666590372672435,1.5837069225636873
CC_2,RD,mean,30,2.15582853435e-05,1.735452274875002e-05,3.131143805762863,2.406027567715902
CC_2,RD,median,30,1.901147025255667e-05,1.430938473754998e-05,2.7085095490965445,2.2577201602549204
CC_2,RD,sd,30,1.3466851587193433e-05,1.115934312553992e-05,19.077719060961645,16.3867522320531
CC_2,RD,proximal_mean,30,1.8231822183943342e-05,1.1702404575500045e-05,2.5274017330974026,1.8527798264544395
CC_2,RD,middle_mean,30,4.172743406553334e-05,2.9708369075150007e-05,6.361831327595848,5.267552483314059
CC_2,RD,distal_mean,30,2.3828323621966667e-05,2.2028187055300014e-05,3.4034242125776153,3.2435885541809073
CC_7,AD,mean,30,6.136730606571999e-05,5.2630327694500024e-05,3.624128899213145,3.133902267370553
CC_7,AD,median,30,5.596621170171003e-05,5.2153505763400006e-05,3.276028380835623,3.14777006988629
CC_7,AD,sd,30,3.505120022875333e-05,2.689928196494998e-05,14.473814511567385,11.39612434508383
CC_7,AD,proximal_mean,30,0.00010493527706910667,8.20556204601e-05,6.598629237649097,4.9965158638588285
CC_7,AD,middle_mean,30,5.9354047805333315e-05,5.346198047910002e-05,3.2255268861929864,2.943808764045217
CC_7,AD,distal_mean,30,0.00012698728876136335,0.000129004318357,7.719768915828816,7.712275655152675
CC_7,FA,mean,30,0.033448070309270314,0.0327099224237315,5.712572758764618,5.430101270848992
CC_7,FA,median,30,0.04458977639351006,0.04382292629902046,7.543289863328553,7.38495098183945
CC_7,FA,sd,30,0.012600019376408759,0.011400184998968,11.591144102953056,9.119376836966236
CC_7,FA,proximal_mean,30,0.049930258229106066,0.04057264963386298,9.169314250742417,7.54822716034912
CC_7,FA,middle_mean,30,0.03901942503428083,0.03865577289344474,5.624115383672479,5.601237847479956
CC_7,FA,distal_mean,30,0.04904023213998305,0.037256422773029485,9.564643181051302,7.184009050020687
CC_7,MD,mean,30,4.822588210139999e-05,3.7765823470799946e-05,4.874468538061959,3.878963687751052
CC_7,MD,median,30,4.8064810593496655e-05,4.610031336874993e-05,4.996516591012348,4.929285239926349
CC_7,MD,sd,30,2.864487596336579e-05,2.4008959104899997e-05,21.901466881271865,18.028927655527056
CC_7,MD,proximal_mean,30,7.711042932542e-05,5.974064148490005e-05,7.9519567033650835,6.199106775831068
CC_7,MD,middle_mean,30,5.7333427263679984e-05,5.225987909259996e-05,5.8810442093190645,5.335473772198078
CC_7,MD,distal_mean,30,8.889617677813667e-05,6.140476284584995e-05,8.603715265847843,6.554837539062644
CC_7,RD,mean,30,5.580892023560666e-05,4.902058140899998e-05,8.938551325446383,8.417849399983437
CC_7,RD,median,30,5.5946374363873325e-05,5.326872267280005e-05,9.005942972167498,8.52029311218305
CC_7,RD,sd,30,2.7906033142833106e-05,2.5277671545050005e-05,19.450681014408463,17.284877679180667
CC_7,RD,proximal_mean,30,8.045511263504002e-05,6.096805404054998e-05,12.718274763109564,10.479859861625112
CC_7,RD,middle_mean,30,6.976433196791665e-05,6.477881421174998e-05,13.217616394194199,13.851118404308624
CC_7,RD,distal_mean,30,8.700240154516e-05,5.838138345715002e-05,12.117988604541864,7.777187293950598
CG_left,AD,mean,30,3.777225713818e-05,4.091532895219999e-05,3.1672051771494703,3.4344030707879716
CG_left,AD,median,30,3.836672633049999e-05,4.129919859875014e-05,3.232604692768811,3.434971777700095
CG_left,AD,sd,30,9.576527647832426e-06,9.156858376448207e-06,19.407942119485767,19.434773568178702
CG_left,AD,proximal_mean,30,4.14083170524833e-05,3.324543614159994e-05,3.497189253995177,2.9446750765353435
CG_left,AD,middle_mean,30,4.611748158226333e-05,4.541870777345007e-05,3.8103363250011633,3.748175539982612
CG_left,AD,distal_mean,30,5.410669398172337e-05,4.779761040894998e-05,4.562555111458402,4.048230546189516
CG_left,FA,mean,30,0.03026433274867085,0.02995412236798406,7.13413262286963,6.998998595148423
CG_left,FA,median,30,0.030232302819768343,0.030361136902742586,7.151643015227371,6.932527922927342
CG_left,FA,sd,30,0.009149910735161486,0.008300908617908099,22.51053649146473,17.733159115982357
CG_left,FA,proximal_mean,30,0.04216673223393756,0.03241107925634115,10.165903890317344,7.968373305874252
CG_left,FA,middle_mean,30,0.036489371592132655,0.03707569531862959,8.19605349831853,8.361529546144864
CG_left,FA,distal_mean,30,0.052773138493045366,0.05265180536242339,12.423478055447742,12.928029304719995
CG_left,MD,mean,30,7.264504080296674e-06,5.948747988000021e-06,0.90658499969292,0.7339011698264665
CG_left,MD,median,30,8.080093460100023e-06,6.803034536800011e-06,1.0164278496696897,0.8383559850434121
CG_left,MD,sd,30,6.098866961838057e-06,3.630839976796766e-06,19.47191417845391,14.968340323073829
CG_left,MD,proximal_mean,30,2.474824850541333e-05,1.100326928345002e-05,3.053703342607764,1.3524128992807058
CG_left,MD,middle_mean,30,9.61672108822667e-06,7.213608981399976e-06,1.2231859021652505,0.9624017158568147
CG_left,MD,distal_mean,30,2.9206076654119986e-05,1.6241131969199954e-05,3.633009038385751,2.04864122376159
CG_left,RD,mean,30,2.1175832901709983e-05,2.086010845199997e-05,3.574157769018043,3.5825094200307577
CG_left,RD,median,30,2.0426865358733348e-05,1.9408862648750014e-05,3.4442827019689273,3.36138502701496
CG_left,RD,sd,30,9.062118763171448e-06,7.430869892279681e-06,19.904367832811104,18.22958624107968
CG_left,RD,proximal_mean,30,4.106882561365666e-05,2.165371213665e-05,6.76217432865759,3.6843792656607324
CG_left,RD,middle_mean,30,2.5735038426253322e-05,2.2902674473699973e-05,4.527971867449884,4.016892388397919
CG_left,RD,distal_mean,30,5.3438666272916666e-05,4.1536190047000005e-05,8.999941485838677,7.1369302092588685
CG_right,AD,mean,30,3.2055497414396683e-05,2.9738332446600053e-05,2.7013042939642666,2.5463363020414906
CG_right,AD,median,30,3.294592679112334e-05,3.267729995814995e-05,2.7788045010262543,2.6790902617189096
CG_right,AD,sd,30,1.1921528142124213e-05,9.953413222857574e-06,19.358636299113513,17.46339585497096
CG_right,AD,proximal_mean,30,3.469946056138332e-05,3.467885549920003e-05,2.999838930448917,2.9949373295596664
CG_right,AD,middle_mean,30,4.266970625398997e-05,4.174637958184995e-05,3.5361203492110462,3.6569457402429166
CG_right,AD,distal_mean,30,4.5817657328716644e-05,3.3217958638949896e-05,3.8139966361110806,2.8455117993051906
CG_right,FA,mean,30,0.02728469312813882,0.0253633660604613,6.3875766189522345,6.061868743354881
CG_right,FA,median,30,0.027008316348566385,0.02536697408616112,6.353751326813731,6.073424074983036
CG_right,FA,sd,30,0.011519033164032197,0.009989539189607849,19.932113789042123,18.908140543189116
CG_right,FA,proximal_mean,30,0.028835337950482123,0.028348615672733085,7.470141608490173,7.22245292025743
CG_right,FA,middle_mean,30,0.03369176074651132,0.03195117769325034,7.499835375559121,6.706089623764447
CG_right,FA,distal_mean,30,0.04070351327237911,0.03517707940737719,9.048602949966336,7.311368963800198
CG_right,MD,mean,30,6.112058840190013e-06,4.6885504890000125e-06,0.7787213106563646,0.6023693227481238
CG_right,MD,median,30,7.364041399980008e-06,6.969042298500051e-06,0.940653855674194,0.9220686047802286
CG_right,MD,sd,30,4.942934416321848e-06,3.8702770347475e-06,17.79551479600611,15.257149518368795
CG_right,MD,proximal_mean,30,8.136422409906667e-06,6.743198479399989e-06,1.006109510956445,0.8139695545706607
CG_right,MD,middle_mean,30,6.433766246816669e-06,5.236703498650056e-06,0.8309105524305456,0.6748476793762916
CG_right,MD,distal_mean,30,1.2701787180883337e-05,8.704017764999978e-06,1.6291282018313524,1.1146552607361742
CG_right,RD,mean,30,1.830410396510001e-05,1.6068047161900032e-05,3.120586926394014,2.921889965198483
CG_right,RD,median,30,1.8315245806266668e-05,1.6413186786050013e-05,3.158267604497769,2.877973385521933
CG_right,RD,sd,30,1.0939372512748317e-05,1.0789109817681929e-05,21.591518122926715,21.53316568582972
CG_right,RD,proximal_mean,30,1.8390795059593325e-05,1.773984035510003e-05,2.9297587503602323,2.8266275156475014
CG_right,RD,middle_mean,30,2.3375621282656664e-05,1.794971284105001e-05,4.197986968547226,3.4550588544415923
CG_right,RD,distal_mean,30,3.190648831653e-05,2.6281481414250032e-05,5.657790764908968,4.999870255442924
IFO_left,AD,mean,30,4.9060554701303344e-05,4.772097029540003e-05,3.5055576191774342,3.4210609987793905
IFO_left,AD,median,30,4.535406960858999e-05,4.631209977674997e-05,3.334863135017892,3.3811095738773376
IFO_left,AD,sd,30,2.5806805221443342e-05,2.3419360345600005e-05,14.029221289212252,11.979642875857879
IFO_left,AD,proximal_mean,30,3.48957870828767e-05,3.126812220850003e-05,2.742234932196556,2.4354613285189375
IFO_left,AD,middle_mean,30,6.195373502460999e-05,5.4776081987549974e-05,4.260732064840396,3.554766391436439
IFO_left,AD,distal_mean,30,9.812231227239332e-05,8.33603549842501e-05,6.599782776777974,5.536734047031447
IFO_left,FA,mean,30,0.03093376345017971,0.03242748554342492,6.4804321985536495,6.590876381021864
IFO_left,FA,median,30,0.030435083992778014,0.029733137993861763,6.2761230250923115,5.6847428882524955
IFO_left,FA,sd,30,0.00989535153898551,0.0081780516392767,13.136367613466332,9.546718590819317
IFO_left,FA,proximal_mean,30,0.029602520037247584,0.027989118068477453,6.336148118726098,5.976565601965131
IFO_left,FA,middle_mean,30,0.031041354174077482,0.02831687914557618,5.913172599554082,5.245361483623843
IFO_left,FA,distal_mean,30,0.04254456171116491,0.03981690484335035,9.763499562405432,9.167378946782264
IFO_left,MD,mean,30,2.3572608446306678e-05,1.7782845556250113e-05,2.617204891146973,1.9555661986009942
IFO_left,MD,median,30,2.2241658688516656e-05,1.7162287706049993e-05,2.5172777118681813,1.9944108200303665
IFO_left,MD,sd,30,2.436096395316386e-05,1.834106847465798e-05,22.47875382664562,18.128250301742046
IFO_left,MD,proximal_mean,30,1.6759612387733337e-05,1.4883946891400019e-05,2.0629780726730425,1.7696529760827682
IFO_left,MD,middle_mean,30,3.7437355083466666e-05,2.2959551405199897e-05,4.131768818772876,2.441181433309149
IFO_left,MD,distal_mean,30,5.7326464038373346e-05,4.668316301975004e-05,5.587791328769109,4.591318508090914
IFO_left,RD,mean,30,3.0167176279063342e-05,2.6715557856150018e-05,4.690103775366235,4.361446263386419
IFO_left,RD,median,30,3.149796234256666e-05,2.56495331602e-05,5.01545261084434,4.254313924683148
IFO_left,RD,sd,30,2.1718979971085072e-05,1.6935353613100003e-05,20.387346997777723,16.350797082737785
IFO_left,RD,proximal_mean,30,2.6173313316096664e-05,2.2394895044099996e-05,4.522075319350146,3.73745088177416
IFO_left,RD,middle_mean,30,4.200347390009001e-05,2.854251242115e-05,6.762339318887347,4.758088265482726
IFO_left,RD,distal_mean,30,5.3087638293383326e-05,4.676688045665003e-05,6.959344806403986,6.360835599410527
IFO_right,AD,mean,30,4.734919573109332e-05,4.6880163267999935e-05,3.446382066685484,3.401086282053785
IFO_right,AD,median,30,5.0201435779306645e-05,4.509599444860006e-05,3.696409617707017,3.413624013107333
IFO_right,AD,sd,30,2.4784855007531242e-05,1.9880534920450002e-05,15.289053599885882,15.955196140915081
IFO_right,AD,proximal_mean,30,3.069646771242669e-05,2.980851045210006e-05,2.433829639681162,2.4656282316335707
IFO_right,AD,middle_mean,30,6.037468539026004e-05,5.5509847912450024e-05,4.151152046453585,3.890169528696235
IFO_right,AD,distal_mean,30,9.186791752209336e-05,7.361520691569993e-05,6.39363681309036,5.395482356079497
IFO_right,FA,mean,30,0.02871948745096485,0.025875436805608054,6.118490982139671,5.619673453435854
IFO_right,FA,median,30,0.026741811624791483,0.023378060692965996,5.6682681931931,4.975208541993868
IFO_right,FA,sd,30,0.009431532423961475,0.007496338043501697,13.876241339347459,11.908313205409751
IFO_right,FA,proximal_mean,30,0.030900029966201052,0.02968290562967804,6.884341888412703,6.739086327198958
IFO_right,FA,middle_mean,30,0.027860301795671352,0.028075076486528905,5.56876850651828,5.62976607457371
IFO_right,FA,distal_mean,30,0.03882329454739792,0.0335357736425875,8.451041975517185,7.605873718634464
IFO_right,MD,mean,30,1.905475537657666e-05,1.3038292081100022e-05,2.12364873836968,1.4657925743295446
IFO_right,MD,median,30,1.9675600038196658e-05,1.2857992854250003e-05,2.2290094920388235,1.5774969450446659
IFO_right,MD,sd,30,2.198860444221522e-05,1.9506083317642878e-05,26.313753278627633,25.77133262852097
IFO_right,MD,proximal_mean,30,1.3817967955063328e-05,1.1095671694349963e-05,1.6780143858990844,1.3633411138210352
IFO_right,MD,middle_mean,30,2.9284625061756656e-05,2.2537894011899983e-05,3.1198124513793912,2.42428397233404
IFO_right,MD,distal_mean,30,4.749464112624334e-05,4.241457413509987e-05,4.947821714259872,3.8547417530472727
IFO_right,RD,mean,30,2.473362780623667e-05,2.1799622680550052e-05,3.8454475702045703,3.216811134332773
IFO_right,RD,median,30,2.3190555885696665e-05,1.8490340771549997e-05,3.686207165372927,2.987417741907437
IFO_right,RD,sd,30,1.9496630328815396e-05,1.753794264529932e-05,25.120030902167407,24.407808027904487
IFO_right,RD,proximal_mean,30,2.5415041144593344e-05,2.3517167047299955e-05,4.260164977815136,3.689210379210925
IFO_right,RD,middle_mean,30,3.0467178399450003e-05,2.0560425892800064e-05,4.6336072321312285,3.348400135932906
IFO_right,RD,distal_mean,30,4.5298230545596664e-05,3.8523342862049946e-05,6.42632743637502,5.643777318065628
ILF_left,AD,mean,30,7.693042794719333e-05,5.931099598320002e-05,5.2466033657681175,4.222887517378012
ILF_left,AD,median,30,8.487122253487671e-05,6.453601126195005e-05,5.7618807067825,4.73663518445898
ILF_left,AD,sd,30,3.862766552578001e-05,2.439150146320001e-05,17.347599871396,14.917980232186384
ILF_left,AD,proximal_mean,30,6.757207939514668e-05,6.58028708885001e-05,5.369848701332177,5.359365128225098
ILF_left,AD,middle_mean,30,8.200722263241e-05,6.936967587729999e-05,5.204867117199659,4.416829091943298
ILF_left,AD,distal_mean,30,0.00010398496171964003,6.501569109189993e-05,6.3740956852682,4.200197078292233
ILF_left,FA,mean,30,0.029463827360682534,0.027497448430050586,6.568001480367089,6.056408680690578
ILF_left,FA,median,30,0.02663789433429813,0.028656726060947907,5.996626208685781,6.317811825119361
ILF_left,FA,sd,30,0.009756156896355868,0.008664058572806048,11.90335637071595,10.19841684918345
ILF_left,FA,proximal_mean,30,0.04447458981503789,0.042362635664043746,10.159590977063536,9.308222568312532
ILF_left,FA,middle_mean,30,0.03134745800704712,0.025325965527754263,6.134997201798399,5.189364045584352
ILF_left,FA,distal_mean,30,0.027703751800631813,0.02493884259978249,7.101611648173706,6.151963573177062
ILF_left,MD,mean,30,4.211845627554667e-05,2.7437835938299974e-05,4.275838122338279,2.9046829412914867
ILF_left,MD,median,30,2.8394420232846662e-05,1.5225027567550026e-05,2.9587494561397927,1.7693202213636121
ILF_left,MD,sd,30,4.130733150087955e-05,2.5786178373887648e-05,28.468253799131254,25.740908126944117
ILF_left,MD,proximal_mean,30,1.720922702061667e-05,1.2716441660349967e-05,2.08874499894134,1.4819505163163358
ILF_left,MD,middle_mean,30,5.116272660971999e-05,3.4298252548399934e-05,5.081282048457662,3.2599622310635477
ILF_left,MD,distal_mean,30,7.981707495834332e-05,4.1180357938050004e-05,6.909836227488389,4.234646453564958
ILF_left,RD,mean,30,3.677245428929334e-05,2.6420344363900007e-05,4.94713446126261,3.6437585176573313
ILF_left,RD,median,30,2.9442042416216668e-05,2.127790474095001e-05,4.298124229620981,3.2023325224202965
ILF_left,RD,sd,30,4.059391731063666e-05,2.303259525306592e-05,26.550903376548636,21.02798449905741
ILF_left,RD,proximal_mean,30,2.7346379027253345e-05,2.2611523849900054e-05,4.489027706802819,3.935757082628624
ILF_left,RD,middle_mean,30,5.029283437420332e-05,3.219221392744998e-05,7.125305360817786,4.898962145375423
ILF_left,RD,distal_mean,30,7.626282646321336e-05,5.041993616915002e-05,8.475752626236707,6.400096394850051
ILF_right,AD,mean,30,9.652118278994666e-05,8.919209330164992e-05,6.693870572812756,6.121712182195024
ILF_right,AD,median,30,8.874803510858665e-05,8.788632564640006e-05,6.137370176619083,5.807369422858242
ILF_right,AD,sd,30,3.922011426724375e-05,2.6570688240749993e-05,19.54387634409028,13.006894614034156
ILF_right,AD,proximal_mean,30,8.453308684088333e-05,8.283007163915001e-05,6.873040663964243,6.468055241215692
ILF_right,AD,middle_mean,30,8.6326311153e-05,7.828259411695002e-05,5.587900167656358,5.132696008276487
ILF_right,AD,distal_mean,30,0.00014217358235673333,0.00011893040714365001,9.04871420714524,8.324124987253626
ILF_right,FA,mean,30,0.0316352752578999,0.030550585031489136,6.803137433335999,6.144816720079087
ILF_right,FA,median,30,0.031803229097357666,0.029428957638393816,6.609629089356591,6.007729736849521
ILF_right,FA,sd,30,0.009742777699546557,0.007835472084252698,11.777651731337881,9.56857346323869
ILF_right,FA,proximal_mean,30,0.0486009266423157,0.04147441108464561,12.05523802246256,10.89860307954467
ILF_right,FA,middle_mean,30,0.031064582539770038,0.030593869849770194,5.762067935220044,5.394078182552193
ILF_right,FA,distal_mean,30,0.03948604385126228,0.03481055737509475,8.551708587503606,7.673872284987354
ILF_right,MD,mean,30,5.0003621660040024e-05,4.300353169955012e-05,5.255775642183285,4.6346858346768505
ILF_right,MD,median,30,3.0365947851680016e-05,2.617462583445003e-05,3.3441278250652866,3.108540482273952
ILF_right,MD,sd,30,4.1164362459260015e-05,2.621572716934812e-05,37.10641369857653,31.41032745298191
ILF_right,MD,proximal_mean,30,3.222267800718e-05,2.434022227984999e-05,3.815305321964166,2.8925496452763984
ILF_right,MD,middle_mean,30,4.401837059158002e-05,3.3599546178649984e-05,4.600688678191881,3.7699252879540515
ILF_right,MD,distal_mean,30,9.425016788216665e-05,7.298370949870001e-05,8.739816926485062,7.288388943818817
ILF_right,RD,mean,30,3.7329757634566664e-05,2.7519967775699956e-05,5.335759462354639,4.2470846536093525
ILF_right,RD,median,30,3.3763117752523344e-05,2.7149496793149933e-05,5.128100221034656,4.480639396521435
ILF_right,RD,sd,30,3.923801295254478e-05,2.694809799222277e-05,34.854690503146486,33.98965909314702
ILF_right,RD,proximal_mean,30,3.240409556323666e-05,2.187988334980003e-05,5.050647960942697,3.4298464663946358
ILF_right,RD,middle_mean,30,4.0941212935069994e-05,2.897682481520003e-05,6.418676748098437,4.9842242244821255
ILF_right,RD,distal_mean,30,8.268472288760001e-05,4.770796902329999e-05,10.131063661883722,7.132600331116443
UF_left,AD,mean,30,3.824383114097002e-05,3.5104821794100104e-05,3.1314694501047478,2.930276198618204
UF_left,AD,median,30,4.054332465463666e-05,3.295446377264992e-05,3.3496229435544955,2.7421442136342233
UF_left,AD,sd,30,1.1027095914061996e-05,9.183314463858236e-06,16.159587114039674,13.896603321819011
UF_left,AD,proximal_mean,30,4.3466778561863315e-05,3.691530334065001e-05,3.623188542551808,3.2328986062778995
UF_left,AD,middle_mean,30,4.9091558056896654e-05,4.384962670450003e-05,3.8553212083151394,3.4406640508121993
UF_left,AD,distal_mean,30,4.060015588295333e-05,3.5365561245e-05,3.3933784497561006,2.98791401942048
UF_left,FA,mean,30,0.029444241234822862,0.028761603871177016,7.256742182485816,6.873111151805925
UF_left,FA,median,30,0.03338347359937676,0.02556383527894973,8.329406692372467,5.952864797993626
UF_left,FA,sd,30,0.010213530672754175,0.009453729305558198,14.784468225780692,12.988635768831191
UF_left,FA,proximal_mean,30,0.03806340894832901,0.03548732758334866,9.631380726579826,8.65839780001619
UF_left,FA,middle_mean,30,0.03287393637935597,0.031121374898497617,7.008299076041355,6.200013416894039
UF_left,FA,distal_mean,30,0.03155214795337136,0.0303777813731754,9.146554264444843,8.154731752342608
UF_left,MD,mean,30,1.149470219503e-05,7.856001253949947e-06,1.3518047515112193,0.9897507966606572
UF_left,MD,median,30,1.4273075958683337e-05,8.98083876590001e-06,1.6809820952066938,1.0831180608307993
UF_left,MD,sd,30,7.611711187148127e-06,5.182444998734187e-06,18.10733139670396,15.649020891705062
UF_left,MD,proximal_mean,30,2.248757023479668e-05,1.4838949011050011e-05,2.6545028512581172,1.8943734482890953
UF_left,MD,middle_mean,30,1.7689039817970003e-05,1.2697622282550024e-05,2.137670013288056,1.6032934441933224
UF_left,MD,distal_mean,30,1.7401335322590012e-05,1.1984368844050015e-05,1.991334135578403,1.4029114335450314
UF_left,RD,mean,30,2.010342363121667e-05,1.7030386346500058e-05,3.1553247751653184,2.544855361377043
UF_left,RD,median,30,2.5481611444056667e-05,1.8265211772499983e-05,4.001996848210925,3.088766504381886
UF_left,RD,sd,30,1.0570639980532111e-05,8.093964344096898e-06,16.43635699519526,14.427969019720688
UF_left,RD,proximal_mean,30,3.5199621822880004e-05,2.6599213952900028e-05,5.445844117159422,4.105602069272209
UF_left,RD,middle_mean,30,2.6036256368020013e-05,2.18247672048e-05,4.419581594911191,3.745582173730613
UF_left,RD,distal_mean,30,2.2702842175873334e-05,1.9055456793350026e-05,3.2991962106524837,2.907791757612925
UF_right,AD,mean,30,3.5957611814463303e-05,3.581622412320007e-05,2.9357528471569236,2.9335652542060253
UF_right,AD,median,30,3.838627147689667e-05,2.9150093346450067e-05,3.171273047774762,2.4240399937414128
UF_right,AD,sd,30,1.4994450878279283e-05,1.3021422847053863e-05,17.260245383382347,14.312010265531171
UF_right,AD,proximal_mean,30,3.876475803106999e-05,3.484308724914997e-05,3.2444191631317745,2.9368085458170112
UF_right,AD,middle_mean,30,4.4547822711170015e-05,4.664690070244992e-05,3.4218185222898447,3.5573338689350864
UF_right,AD,distal_mean,30,5.301011488556004e-05,4.599335875625e-05,4.4238834597690975,4.056291154331887
UF_right,FA,mean,30,0.033159993995585085,0.03388955346396219,8.24398521043244,8.102588272533664
UF_right,FA,median,30,0.045117490007198904,0.04097581282580873,11.373229120887073,10.123085954674007
UF_right,FA,sd,30,0.011644060806977071,0.0092790488019644,16.43496216885523,12.16653898393525
UF_right,FA,proximal_mean,30,0.027156661556149517,0.027336097375563403,8.279531425161528,8.357232023433776
UF_right,FA,middle_mean,30,0.04330429985699045,0.037699717369838154,9.425029684555655,7.823220164787936
UF_right,FA,distal_mean,30,0.04140661963951318,0.03908904265036445,10.207129209687,9.631656139418949
UF_right,MD,mean,30,1.1420086746116677e-05,1.0896076890550064e-05,1.3473280465966095,1.2741440121020537
UF_right,MD,median,30,1.284986713889666e-05,1.0136616597200001e-05,1.5271767792261832,1.1988130791532314
UF_right,MD,sd,30,1.080193329018092e-05,7.805242875218266e-06,28.368366014125375,21.181919416223344
UF_right,MD,proximal_mean,30,1.8016990700986666e-05,1.2823058787700045e-05,2.0213935886328342,1.5517877948449728
UF_right,MD,middle_mean,30,1.792968451521666e-05,1.3046141929950008e-05,2.1118469882129056,1.5932300791006266
UF_right,MD,distal_mean,30,1.659519182221333e-05,1.3030348275799993e-05,2.030982607300787,1.5705042138368444
UF_right,RD,mean,30,2.3536041365543335e-05,2.136614680215001e-05,3.6591811485676695,3.181095729289465
UF_right,RD,median,30,3.236144337910332e-05,2.9622700417949966e-05,5.083367456609085,4.404627870593086
UF_right,RD,sd,30,1.1559325172454647e-05,8.895117808083007e-06,19.905883672553905,16.041192741726874
UF_right,RD,proximal_mean,30,2.2587531955903337e-05,1.904248313565007e-05,3.11063820003454,2.6078077260140575
UF_right,RD,middle_mean,30,3.9345711063400005e-05,3.705933287089999e-05,6.508677877140008,6.348714248459446
UF_right,RD,distal_mean,30,2.575296328655e-05,2.2782246483950004e-05,4.212683167139022,3.815982352970933
