tract,metric,feature,n_subjects,mean_cv_percent,median_cv_percent,max_cv_percent
CC_2,AD,mean,30,1.061774037635405,1.0538792492176379,1.7713484855402442
CC_2,AD,median,30,1.3074581963511236,1.0521125912336662,4.260197947766694
CC_2,AD,sd,30,3.625198309806987,3.1467872184571686,10.009005535188463
CC_2,AD,proximal_mean,30,1.267971679321188,1.2666328507571873,2.6362928218168586
CC_2,AD,middle_mean,30,1.4733354818037028,1.2354309125852927,3.328024046198679
CC_2,AD,distal_mean,30,0.9502654386739441,1.0453078754284721,2.1280398010642037
CC_2,FA,mean,30,2.645883077853333,2.450656209191972,5.302141143458458
CC_2,FA,median,30,3.622334792039702,3.1613124676726416,7.798737477063102
CC_2,FA,sd,30,3.1191109407333153,2.5326643266992708,12.122307265461462
CC_2,FA,proximal_mean,30,3.0397173825036123,2.810870613335297,8.558985486383177
CC_2,FA,middle_mean,30,2.196013379772575,1.8866822601694488,7.092568144611494
CC_2,FA,distal_mean,30,3.4912709112563163,3.6272796476936575,5.655309216131807
CC_2,MD,mean,30,0.9178208081181897,0.6380803471117173,3.6637450332966615
CC_2,MD,median,30,1.3858856365010108,1.1952430405079215,4.259119831182953
CC_2,MD,sd,30,9.203103793032659,7.113693300613612,34.540503383921084
CC_2,MD,proximal_mean,30,1.0162670138970211,0.7434806269583412,3.3343278958043308
CC_2,MD,middle_mean,30,1.8766590041182698,1.5065963662315958,7.186911769578619
CC_2,MD,distal_mean,30,0.9348022925098325,0.8348387304845243,3.1532532084230374
CC_2,RD,mean,30,1.6564963306444092,1.2835640780619713,5.850317733040607
CC_2,RD,median,30,1.4359060119859302,1.152983489008217,5.27887371086389
CC_2,RD,sd,30,10.117077984008741,8.347692925008698,26.219162668858342
CC_2,RD,proximal_mean,30,1.3284681527605184,0.9816551799298732,5.514971878200951
CC_2,RD,middle_mean,30,3.3423644622872666,2.812022730673613,12.717066398978641
CC_2,RD,distal_mean,30,1.7906463917720734,1.6952061308241828,3.9796653955946275
CC_7,AD,mean,30,1.9197785773276717,1.61457425131,5.785155880622682
CC_7,AD,median,30,1.712322008738723,1.6217608687669836,3.8241364646351985
CC_7,AD,sd,30,7.517161330837067,5.958513562389301,19.755109066015592
CC_7,AD,proximal_mean,30,3.504865723879049,2.586832061152693,11.687098354354518
CC_7,AD,middle_mean,30,1.6950856327782808,1.5562988725564,5.63684982762571
CC_7,AD,distal_mean,30,3.975644040326924,4.074067750139681,9.100482339333043
CC_7,FA,mean,30,3.0151283093317307,2.920423820061992,4.897385354234339
CC_7,FA,median,30,3.9383745539866677,3.789240703504272,8.075606937336776
CC_7,FA,sd,30,6.0344341779236155,4.709524380280486,16.881581857513737
CC_7,FA,proximal_mean,30,4.819402360113377,4.044447811039936,14.528520026377334
CC_7,FA,middle_mean,30,2.9704370101559965,2.949913545376755,4.9554937501572685
CC_7,FA,distal_mean,30,5.031315360620796,3.8227698321738006,16.67716843287968
CC_7,MD,mean,30,2.53821107256915,2.073447715396324,7.032130159434959
CC_7,MD,median,30,2.601087221157033,2.6678467726397903,5.730473691753883
CC_7,MD,sd,30,11.443081915504704,9.36801655898403,27.946535088785744
CC_7,MD,proximal_mean,30,4.127723682797377,3.222087824813693,12.915915829073107
CC_7,MD,middle_mean,30,3.0835488778731417,2.7950280261526155,7.388759287016542
CC_7,MD,distal_mean,30,4.524576455120674,3.5773115625029988,14.006067435033657
CC_7,RD,mean,30,4.691449449806492,4.324628962675508,8.901392724820269
CC_7,RD,median,30,4.807673173300415,4.467979777902144,9.474188275012468
CC_7,RD,sd,30,10.090968872930768,9.191651309565888,29.834928438410014
CC_7,RD,proximal_mean,30,6.715046374573773,5.547490500502002,24.39116897610761
CC_7,RD,middle_mean,30,6.949804859659023,7.307455898020413,12.617570785671909
CC_7,RD,distal_mean,30,6.379802200578067,4.19651491027986,21.655930276842657
CG_left,AD,mean,30,1.6408557602356997,1.7498729098361152,2.6891082688881367
CG_left,AD,median,30,1.6892805311631398,1.7371216769723554,2.7700482711335828
CG_left,AD,sd,30,10.09091878024811,10.450409431302834,20.043753567809734
CG_left,AD,proximal_mean,30,1.8433484678058072,1.4875784523595756,7.826324785302691
CG_left,AD,middle_mean,30,1.952826555066218,2.008137261427677,3.530262110109751
CG_left,AD,distal_mean,30,2.3642083300013055,2.1350168988781233,5.224396504814699
CG_left,FA,mean,30,3.752447073603241,3.6141199890755793,6.4728674200862955
CG_left,FA,median,30,3.774937237431709,3.4744678845656853,7.181303865777249
CG_left,FA,sd,30,11.809447720932285,9.31625384567333,35.6527966162109
CG_left,FA,proximal_mean,30,5.396826957680757,4.137837488198302,16.319495453339496
CG_left,FA,middle_mean,30,4.248591466860402,4.488654249216123,7.255519156003268
CG_left,FA,distal_mean,30,6.482180397615545,6.733771138288322,14.877381153223931
CG_left,MD,mean,30,0.4733928020897572,0.3745771590442417,2.4005202627356574
CG_left,MD,median,30,0.5336580163985861,0.450878323959617,2.0082907478517473
CG_left,MD,sd,30,10.15393217777323,8.106722577085563,34.36502751776484
CG_left,MD,proximal_mean,30,1.6491652224292495,0.6905202766964365,6.065672844310276
CG_left,MD,middle_mean,30,0.640643260251063,0.4986133662458421,2.114310639547792
CG_left,MD,distal_mean,30,1.9766617116587237,1.0536669198526138,5.561511141786607
CG_left,RD,mean,30,1.870929233305632,1.8585837463813295,3.598913583485716
CG_left,RD,median,30,1.801657917570515,1.7386770688132671,3.3428147187523427
CG_left,RD,sd,30,10.32024549757455,9.362646620372871,29.081613048899563
CG_left,RD,proximal_mean,30,3.677127229327527,1.9933406754503864,12.422229620514958
CG_left,RD,middle_mean,30,2.3683783563969545,2.061810765946271,4.532344543414169
CG_left,RD,distal_mean,30,4.706239263499352,3.5739007794145206,14.14448702855331
CG_right,AD,mean,30,1.3973373115612653,1.3787036675391344,4.394873994855726
CG_right,AD,median,30,1.459077367746899,1.3694249578005904,4.4173901021533615
CG_right,AD,sd,30,10.288849294538851,8.844304660277604,31.52314786174838
CG_right,AD,proximal_mean,30,1.5620512073874415,1.5987077948292483,3.0042104739479334
CG_right,AD,middle_mean,30,1.8583971164751496,1.9216730673912839,4.1839981680928595
CG_right,AD,distal_mean,30,1.9789321908519786,1.4942362212070979,8.278555437399822
CG_right,FA,mean,30,3.304565234200508,3.1017742840038904,12.695652705434632
CG_right,FA,median,30,3.3472594641550155,3.2343970819418617,8.011163877522344
CG_right,FA,sd,30,10.585045734662888,9.9906703593545,23.469045055190886
CG_right,FA,proximal_mean,30,3.928657043941492,3.7027679657565358,7.888788904548756
CG_right,FA,middle_mean,30,3.926578792762693,3.459572371855182,14.765988506282573
CG_right,FA,distal_mean,30,4.70370344189796,4.032041874943515,21.144903670485814
CG_right,MD,mean,30,0.4141282660584307,0.31029548243910404,1.2571424414565535
CG_right,MD,median,30,0.4967102876858603,0.4741014895659401,1.522054426390583
CG_right,MD,sd,30,9.357174109387241,8.071085420248622,27.874823963182582
CG_right,MD,proximal_mean,30,0.5349882822363725,0.4619416120703284,1.2572258208787466
CG_right,MD,middle_mean,30,0.43847699282396124,0.3683857699781078,1.2391980605821946
CG_right,MD,distal_mean,30,0.8489901334428226,0.5777489173411667,3.0816343094761973
CG_right,RD,mean,30,1.628327256208625,1.5535238801135443,4.650323254432536
CG_right,RD,median,30,1.6402965501370135,1.4615141618672536,3.0701858571680307
CG_right,RD,sd,30,11.236127233386727,11.186294864660836,28.404814660948063
CG_right,RD,proximal_mean,30,1.5406575111979488,1.4912878079025722,4.241665644865064
CG_right,RD,middle_mean,30,2.1875826284515045,1.8119887828779282,4.841957344450116
CG_right,RD,distal_mean,30,2.907848569013595,2.5417686711339207,10.17368652123463
IFO_left,AD,mean,30,1.8134166620995253,1.7853106439175455,2.8339411346856838
IFO_left,AD,median,30,1.7536679893909666,1.7614754834809307,3.4604408249713288
IFO_left,AD,sd,30,7.35058852168969,6.120720842757942,30.22156003914184
IFO_left,AD,proximal_mean,30,1.432779029459597,1.2770847565781422,3.5392189443970876
IFO_left,AD,middle_mean,30,2.220575050916362,1.8477515589301956,5.294822111852349
IFO_left,AD,distal_mean,30,3.4985902404136726,3.0786874245821325,8.318287569487074
IFO_left,FA,mean,30,3.3111117172725915,3.3526863477523596,4.732349148408786
IFO_left,FA,median,30,3.285006393744551,2.989863639509966,6.956776072812519
IFO_left,FA,sd,30,6.978911389659756,5.2697548585356575,30.931399973006098
IFO_left,FA,proximal_mean,30,3.340974787695772,3.027745809686365,8.355875695541162
IFO_left,FA,middle_mean,30,3.0361456643927345,2.7328805886472063,6.865337856357319
IFO_left,FA,distal_mean,30,5.090985576243798,4.669649460681923,11.139950501597525
IFO_left,MD,mean,30,1.36712971874151,1.0507156040647376,3.800728163640368
IFO_left,MD,median,30,1.3104239851215511,1.0030782043750142,4.714192327419039
IFO_left,MD,sd,30,11.843858894731307,9.52719599192202,38.19772586202757
IFO_left,MD,proximal_mean,30,1.0857000157280046,0.9294375404550494,3.9491804269159325
IFO_left,MD,middle_mean,30,2.1446957228639882,1.2343332295127125,8.170732653429482
IFO_left,MD,distal_mean,30,2.928076227709668,2.4319039565231924,8.359275739388202
IFO_left,RD,mean,30,2.4584433120851332,2.2020526725958955,6.4882959372061215
IFO_left,RD,median,30,2.5970369379904974,2.146022572499087,6.304410091450219
IFO_left,RD,sd,30,10.72007873392508,8.527686080208092,33.76404564906592
IFO_left,RD,proximal_mean,30,2.367496889131222,1.9492163792205015,6.36909963894407
IFO_left,RD,middle_mean,30,3.5076802412797914,2.4850444822974196,12.285428107734662
IFO_left,RD,distal_mean,30,3.6867124513621836,3.2593178493766803,13.030093717912262
IFO_right,AD,mean,30,1.7907004930141608,1.8466483867385672,3.066215593723244
IFO_right,AD,median,30,1.9206986632717788,1.7588332864959277,4.84694736102496
IFO_right,AD,sd,30,8.04296701009301,8.070518377820886,17.478799774528785
IFO_right,AD,proximal_mean,30,1.2671422427943162,1.268845356905841,2.2564797240549814
IFO_right,AD,middle_mean,30,2.171516573585898,2.0652327329146254,4.462687723700423
IFO_right,AD,distal_mean,30,3.3486208731839944,2.976874664857259,7.712115424884082
IFO_right,FA,mean,30,3.1868962301625516,2.864990689203859,5.325021113141054
IFO_right,FA,median,30,2.9752689154537264,2.6379402060106383,6.706805671472865
IFO_right,FA,sd,30,7.27137135006883,6.023734751896957,23.211245787009467
IFO_right,FA,proximal_mean,30,3.5625882735925294,3.474872866451709,7.5197835440401235
IFO_right,FA,middle_mean,30,2.8880647002370705,2.9148595587804724,4.892532416143185
IFO_right,FA,distal_mean,30,4.426117646435092,4.088951554966045,9.649246887071108
IFO_right,MD,mean,30,1.1271241602431976,0.7816923976576284,2.8236699898462616
IFO_right,MD,median,30,1.1686510515460864,0.8313658373409578,4.608389733576631
IFO_right,MD,sd,30,13.913471575955437,14.496027493713402,36.57042604786325
IFO_right,MD,proximal_mean,30,0.8816168783797296,0.7293218488331938,2.1326223977696728
IFO_right,MD,middle_mean,30,1.6046581984441786,1.2432830191734605,6.8039662554320035
IFO_right,MD,distal_mean,30,2.627339314478285,1.9547299129862572,7.7446196542600685
IFO_right,RD,mean,30,2.009642314089914,1.7661332076143137,4.858027206519458
IFO_right,RD,median,30,1.9288776262437015,1.5526820582642964,5.250891614203888
IFO_right,RD,sd,30,13.373213450337902,13.63669742600246,26.489965806869765
IFO_right,RD,proximal_mean,30,2.2529827927353683,2.003806661182475,6.227355555853379
IFO_right,RD,middle_mean,30,2.432082582242624,1.7086817289433436,9.480930953858802
IFO_right,RD,distal_mean,30,3.3644241281874505,3.160939728933636,10.182190935646855
ILF_left,AD,mean,30,2.7607297916252564,2.2369389177726733,6.856062227358348
ILF_left,AD,median,30,3.0360097072419694,2.493955787910062,7.548655650008285
ILF_left,AD,sd,30,9.135747571925233,8.065446774746974,24.090281781739485
ILF_left,AD,proximal_mean,30,2.883339505824366,2.971788001664156,4.859599441988991
ILF_left,AD,middle_mean,30,2.712756074671047,2.2466703782738424,6.153089378564366
ILF_left,AD,distal_mean,30,3.371895538622689,2.1772317907818786,10.697632287896637
ILF_left,FA,mean,30,3.4053720343943206,3.1107554430302944,8.41087802515805
ILF_left,FA,median,30,3.127914179549032,3.4166680106517857,8.400862887703436
ILF_left,FA,sd,30,6.193651969570321,5.595503283919312,13.924926647920993
ILF_left,FA,proximal_mean,30,5.371068251542042,5.207052613254588,12.852929752968068
ILF_left,FA,middle_mean,30,3.215556406355491,2.736134428916216,7.049764172339322
ILF_left,FA,distal_mean,30,3.6953721100609536,3.210471476394099,11.792671022354972
ILF_left,MD,mean,30,2.2607048991431586,1.525217886919614,6.129547592996744
ILF_left,MD,median,30,1.6014714812948976,0.9069146595447309,11.426247547027451
ILF_left,MD,sd,30,14.806946258638822,13.726183404709506,53.37761914823731
ILF_left,MD,proximal_mean,30,1.125382824159535,0.8049764666027241,3.4616654458729057
ILF_left,MD,middle_mean,30,2.637693152399589,1.7252737063772958,9.870322310077375
ILF_left,MD,distal_mean,30,3.668778340027508,2.1777363454770087,11.528949965139681
ILF_left,RD,mean,30,2.5828010956826972,1.8270107162649465,7.7212891337256755
ILF_left,RD,median,30,2.2278155995039484,1.7128856509977977,10.161103730849238
ILF_left,RD,sd,30,13.92409819368961,11.385548863379332,49.66610194883741
ILF_left,RD,proximal_mean,30,2.371687043569329,2.0638075214649843,5.298285764402033
ILF_left,RD,middle_mean,30,3.6718998567226406,2.5050197458349155,14.686854663577423
ILF_left,RD,distal_mean,30,4.467903211684099,3.213354145364563,13.66004561527914
ILF_right,AD,mean,30,3.5684425926517154,3.3313284732455144,9.656505731841028
ILF_right,AD,median,30,3.283986177801572,3.1554227173508638,11.118035764170415
ILF_right,AD,sd,30,9.946996459863852,6.941861227412981,32.77482770703198
ILF_right,AD,proximal_mean,30,3.6384426319847925,3.4814046156456824,9.65929785846028
ILF_right,AD,middle_mean,30,2.9587417314164393,2.7711700271728743,10.181736498621873
ILF_right,AD,distal_mean,30,4.771093000375961,4.339401184467468,15.257884733781463
ILF_right,FA,mean,30,3.5595326374109835,3.268234274986459,7.65218658238826
ILF_right,FA,median,30,3.5016886516984016,3.094731197143849,8.989463695262396
ILF_right,FA,sd,30,6.087508200177087,4.8614494989337285,15.480790632873752
ILF_right,FA,proximal_mean,30,6.3150185215333945,5.7448050140543785,22.75586102621346
ILF_right,FA,middle_mean,30,3.030084969216495,2.863226848130724,7.1256397086507315
ILF_right,FA,distal_mean,30,4.508996900146545,3.9990670580106116,13.57694993220891
ILF_right,MD,mean,30,2.7312999733571766,2.365328970282949,10.549606096618264
ILF_right,MD,median,30,1.7726496950725705,1.6050150093726865,4.4570994668693515
ILF_right,MD,sd,30,19.31876438095291,16.096841889039258,64.97205360975428
ILF_right,MD,proximal_mean,30,2.0327273097905776,1.4911766404937854,7.352792971644105
ILF_right,MD,middle_mean,30,2.371445122740519,1.9279149418109525,11.024223570470708
ILF_right,MD,distal_mean,30,4.604654026121265,3.8806057508217355,22.255567606794187
ILF_right,RD,mean,30,2.7783229455697875,2.184064442580509,11.93149754913308
ILF_right,RD,median,30,2.690055199703617,2.3690463379315174,9.067896376838421
ILF_right,RD,sd,30,18.46484558379179,17.10489824434425,63.4703601123777
ILF_right,RD,proximal_mean,30,2.6554254737111105,1.7940545185710164,13.518463171704525
ILF_right,RD,middle_mean,30,3.337690302437721,2.5243239623529945,12.14180709899937
ILF_right,RD,distal_mean,30,5.284031865508215,3.7882972932040473,28.638855702877624
UF_left,AD,mean,30,1.6115144823181717,1.5018780133021923,4.779777683226835
UF_left,AD,median,30,1.7332556168537203,1.4011789821538239,4.641098122828917
UF_left,AD,sd,30,8.454318730692826,7.514356426945729,20.559010878160915
UF_left,AD,proximal_mean,30,1.8791748269088506,1.7304571950903038,4.661790829515006
UF_left,AD,middle_mean,30,2.0110755564919365,1.8205780740275772,8.563295721598733
UF_left,AD,distal_mean,30,1.7869124816727402,1.5335611384979424,5.674810137644764
UF_left,FA,mean,30,3.764113657915887,3.4565374574528356,11.071665947355559
UF_left,FA,median,30,4.306894199689425,3.1649705199853306,12.863119956634703
UF_left,FA,sd,30,7.666256815603822,6.507441428725845,20.522244282458743
UF_left,FA,proximal_mean,30,4.990855046799464,4.60866985970688,11.292212454894177
UF_left,FA,middle_mean,30,3.681166445649003,3.227129567139598,14.208406314931835
UF_left,FA,distal_mean,30,4.766728416507776,4.271352748713596,14.211051689602758
UF_left,MD,mean,30,0.688752778874407,0.503036286260601,3.1978993983913786
UF_left,MD,median,30,0.8716999240350698,0.5536795272022182,4.276813620024115
UF_left,MD,sd,30,9.452232361917735,8.244962565474538,25.841484367884515
UF_left,MD,proximal_mean,30,1.3718633022757891,0.9513438386429067,8.019097122734058
UF_left,MD,middle_mean,30,1.1063157411878037,0.8476862401350936,4.2435345133438105
UF_left,MD,distal_mean,30,1.0506483291063242,0.7246001788779333,4.320560950312162
UF_left,RD,mean,30,1.6635722939966129,1.27851630900194,4.746730548539054
UF_left,RD,median,30,2.0705679707568576,1.611896529454632,7.104103670746789
UF_left,RD,sd,30,8.49207683478442,7.360279779732448,22.609328912849193
UF_left,RD,proximal_mean,30,2.8471544009780425,2.1066287930442638,10.72352963617728
UF_left,RD,middle_mean,30,2.2886345847766174,1.9062926029223393,6.053069138598083
UF_left,RD,distal_mean,30,1.7054318105267066,1.4615464137028746,5.1115989875231715
UF_right,AD,mean,30,1.4949490783893518,1.4700503104479066,3.2036653594637663
UF_right,AD,median,30,1.6396838383853576,1.2927016843455201,4.451693755302709
UF_right,AD,sd,30,9.07063841704518,7.312764802771673,32.52010062443751
UF_right,AD,proximal_mean,30,1.7099770195717556,1.5172576553715875,6.833998079733142
UF_right,AD,middle_mean,30,1.762837228688757,1.8084589952845507,3.4289318339337154
UF_right,AD,distal_mean,30,2.2902743765007254,2.0887267722098555,5.47372747936219
UF_right,FA,mean,30,4.210094180957963,4.174268479255362,7.440993135470624
UF_right,FA,median,30,5.892624612259996,5.1269286046783265,13.365603114692773
UF_right,FA,sd,30,8.667524659640435,6.731952336090253,30.642096840318377
UF_right,FA,proximal_mean,30,4.348681349707012,4.3235815456041955,8.174257986831407
UF_right,FA,middle_mean,30,4.828963756684052,4.069301808736101,14.939957891031671
UF_right,FA,distal_mean,30,5.308364520599105,4.966208143869899,12.290270741020814
UF_right,MD,mean,30,0.7039414310450173,0.6522541585969055,3.4071179448755524
UF_right,MD,median,30,0.8073703602156019,0.6339598699667757,2.5616752160120884
UF_right,MD,sd,30,14.91189063300325,11.00286492697703,40.55738751891293
UF_right,MD,proximal_mean,30,1.072933674880025,0.7806777638737996,6.500125108591844
UF_right,MD,middle_mean,30,1.1150452915299263,0.8454542871144588,2.9860475420035555
UF_right,MD,distal_mean,30,1.0698128629691672,0.829247882265767,3.430967711696921
UF_right,RD,mean,30,1.8859553740069004,1.6905595492499683,4.5679762998655855
UF_right,RD,median,30,2.6299444967058383,2.2724765004174907,6.402077084109162
UF_right,RD,sd,30,10.761152250385491,8.338953201993647,39.312318235991064
UF_right,RD,proximal_mean,30,1.6227864702647516,1.3664507547237494,6.292887155899771
UF_right,RD,middle_mean,30,3.366907929058684,3.336307600560737,8.536977155902695
UF_right,RD,distal_mean,30,2.2385228592194952,2.0226090307976516,6.005789731734624
