pipeline,tract,metric,feature,n_AD,n_CN,mean_AD,mean_CN,hedges_g_AD_minus_CN,abs_g,direction
pipeline_03,UF_right,FA,proximal_mean,15,15,0.29691425071065886,0.34093601048706745,-1.4460015513993447,1.4460015513993447,AD_lower_CN
pipeline_03,CC_2,AD,sd,15,15,0.00034646837801054,0.00030252954910294665,1.348371200959356,1.348371200959356,AD_greater_CN
pipeline_01,UF_right,FA,proximal_mean,15,15,0.31998483486294965,0.35990928868431926,-1.3436797754963083,1.3436797754963083,AD_lower_CN
pipeline_02,UF_right,FA,proximal_mean,15,15,0.3202883625369274,0.36032260436776264,-1.3087036633519513,1.3087036633519513,AD_lower_CN
pipeline_01,UF_right,RD,proximal_mean,15,15,0.0007423593881749467,0.0006654216963982334,1.2813631889778,1.2813631889778,AD_greater_CN
pipeline_03,UF_right,MD,sd,15,15,4.9103468223831574e-05,2.7768949096655667e-05,1.2638547000689422,1.2638547000689422,AD_greater_CN
pipeline_03,UF_right,RD,middle_mean,15,15,0.0006519229380509601,0.0005827331226494533,1.260567961074815,1.260567961074815,AD_greater_CN
pipeline_03,UF_right,RD,proximal_mean,15,15,0.0007446276938242867,0.0006722410439020267,1.2327873381388403,1.2327873381388403,AD_greater_CN
pipeline_01,UF_right,MD,sd,15,15,5.3010399977895594e-05,3.250926058841237e-05,1.2303025578162645,1.2303025578162645,AD_greater_CN
pipeline_01,CC_2,AD,middle_mean,15,15,0.0019036722426297933,0.001788730175832,1.2285925525758805,1.2285925525758805,AD_greater_CN
pipeline_01,CC_2,AD,sd,15,15,0.0003583830131525533,0.0003093015337891466,1.21418674558922,1.21418674558922,AD_greater_CN
pipeline_02,CC_2,AD,sd,15,15,0.0003375005079881067,0.0002953928067011533,1.1994168246752535,1.1994168246752535,AD_greater_CN
pipeline_03,UF_right,MD,middle_mean,15,15,0.0008635391030352135,0.0008129912293664068,1.1796426055836644,1.1796426055836644,AD_greater_CN
pipeline_03,CC_2,AD,middle_mean,15,15,0.0018646194795858403,0.0017585859037296332,1.178460912952753,1.178460912952753,AD_greater_CN
pipeline_03,ILF_right,FA,sd,15,15,0.09228107688441736,0.0769104471046083,1.1540692921379327,1.1540692921379327,AD_greater_CN
pipeline_03,UF_left,FA,distal_mean,15,15,0.3207450008235908,0.3664682442011422,-1.1415673875650445,1.1415673875650445,AD_lower_CN
pipeline_02,CG_right,FA,middle_mean,15,15,0.4412472060905007,0.48942155617298383,-1.1336886775386932,1.1336886775386932,AD_lower_CN
pipeline_03,UF_right,RD,mean,15,15,0.0006760534422107333,0.0006252250686445333,1.1232267929341662,1.1232267929341662,AD_greater_CN
pipeline_03,CC_7,AD,sd,15,15,0.00026515278178384003,0.00022304918999596667,1.1224998487649256,1.1224998487649256,AD_greater_CN
pipeline_02,UF_right,MD,sd,15,15,4.678493650173943e-05,2.8340297311412797e-05,1.1178223735913766,1.1178223735913766,AD_greater_CN
pipeline_02,UF_right,RD,proximal_mean,15,15,0.0007282492098537401,0.0006658364591653132,1.1069081989122076,1.1069081989122076,AD_greater_CN
pipeline_03,UF_right,FA,middle_mean,15,15,0.4246610292323726,0.46719955598507656,-1.0972268324116876,1.0972268324116876,AD_lower_CN
pipeline_01,UF_right,MD,proximal_mean,15,15,0.00089992376655256,0.0008381988655923732,1.087407711205392,1.087407711205392,AD_greater_CN
pipeline_02,CC_2,AD,middle_mean,15,15,0.0018575222477414,0.001758903699657013,1.0819031664306396,1.0819031664306396,AD_greater_CN
pipeline_03,UF_right,FA,mean,15,15,0.3713809761705456,0.3973837181103164,-1.0582010910002468,1.0582010910002468,AD_lower_CN
pipeline_02,CG_right,RD,middle_mean,15,15,0.00057705740592522,0.0005352713076448467,1.0505425347253843,1.0505425347253843,AD_greater_CN
pipeline_02,UF_right,MD,middle_mean,15,15,0.0008532839806870733,0.0008099344336408935,1.048383223728283,1.048383223728283,AD_greater_CN
pipeline_02,UF_right,RD,middle_mean,15,15,0.00062651535014994,0.0005717545696485533,1.0349658849843708,1.0349658849843708,AD_greater_CN
pipeline_03,UF_right,MD,proximal_mean,15,15,0.0008882574942131267,0.0008348643065499667,1.0180241080475432,1.0180241080475432,AD_greater_CN
pipeline_03,UF_right,MD,mean,15,15,0.0008581403610088001,0.0008166037902589868,1.011692934071418,1.011692934071418,AD_greater_CN
pipeline_01,CG_right,FA,proximal_mean,15,15,0.3806865515624231,0.41330362231067647,-1.0008308428102963,1.0008308428102963,AD_lower_CN
pipeline_03,UF_left,RD,distal_mean,15,15,0.0007144012588738467,0.0006431894282406533,0.9961698215725786,0.9961698215725786,AD_greater_CN
pipeline_01,ILF_right,FA,sd,15,15,0.08946302655776632,0.07360569902153301,0.9945099725377468,0.9945099725377468,AD_greater_CN
pipeline_01,UF_right,RD,mean,15,15,0.0006584642592227133,0.0006080595075595069,0.9925158423714349,0.9925158423714349,AD_greater_CN
pipeline_02,ILF_right,FA,sd,15,15,0.089278065691392,0.07444126812506206,0.9887650183236619,0.9887650183236619,AD_greater_CN
pipeline_01,UF_left,FA,mean,15,15,0.4063322994658047,0.4403448701596538,-0.9872158555375224,0.9872158555375224,AD_lower_CN
pipeline_02,UF_right,RD,mean,15,15,0.0006598285143967666,0.0006176172517671466,0.9839502232670361,0.9839502232670361,AD_greater_CN
pipeline_01,UF_left,FA,proximal_mean,15,15,0.3890885151715755,0.4279052459416001,-0.978575498697165,0.978575498697165,AD_lower_CN
pipeline_03,UF_right,MD,median,15,15,0.0008540308729526267,0.0008166837403987201,0.9353083596843333,0.9353083596843333,AD_greater_CN
pipeline_01,UF_right,FA,mean,15,15,0.39978886574760886,0.42981796251800325,-0.9336458652976419,0.9336458652976419,AD_lower_CN
pipeline_03,UF_left,FA,mean,15,15,0.37858116967328964,0.41205748794473196,-0.9335520272697441,0.9335520272697441,AD_lower_CN
pipeline_01,UF_left,RD,mean,15,15,0.0006470263442060533,0.0005932311887343867,0.9295385737652295,0.9295385737652295,AD_greater_CN
pipeline_02,UF_left,FA,distal_mean,15,15,0.34373752923717665,0.3850324746320554,-0.9230346652551152,0.9230346652551152,AD_lower_CN
pipeline_02,CG_left,FA,median,15,15,0.41202021879014106,0.4380086287521243,-0.9036833392960605,0.9036833392960605,AD_lower_CN
pipeline_02,CG_left,FA,mean,15,15,0.41517187530300725,0.44094799047859495,-0.9034493539843983,0.9034493539843983,AD_lower_CN
pipeline_02,UF_left,RD,distal_mean,15,15,0.0007007196190073532,0.0006350222249436866,0.8938337772653266,0.8938337772653266,AD_greater_CN
pipeline_01,UF_left,RD,median,15,15,0.0006442972103878865,0.0005952210454002267,0.8886659383290216,0.8886659383290216,AD_greater_CN
pipeline_01,UF_right,MD,median,15,15,0.0008534636875040534,0.0008162464666082932,0.887760840286027,0.887760840286027,AD_greater_CN
pipeline_03,UF_left,FA,median,15,15,0.37333600038957265,0.4072323045515821,-0.8857366756663637,0.8857366756663637,AD_lower_CN
pipeline_03,UF_left,RD,median,15,15,0.0006618712207257735,0.0006105505105349266,0.862372034817693,0.862372034817693,AD_greater_CN
pipeline_02,UF_right,MD,median,15,15,0.0008472749233225667,0.00081516318401814,0.855406004076791,0.855406004076791,AD_greater_CN
pipeline_03,UF_left,MD,distal_mean,15,15,0.0008686969232717868,0.0008160051562140399,0.8348131586678578,0.8348131586678578,AD_greater_CN
pipeline_03,UF_right,FA,median,15,15,0.3645275683335643,0.3869739301795576,-0.8262305225141846,0.8262305225141846,AD_lower_CN
pipeline_01,UF_left,RD,distal_mean,15,15,0.0007039816744641734,0.0006400230210917667,0.822240676383222,0.822240676383222,AD_greater_CN
pipeline_01,UF_left,FA,distal_mean,15,15,0.351785614601344,0.3817301286895715,-0.8073742049162878,0.8073742049162878,AD_lower_CN
pipeline_01,UF_left,MD,median,15,15,0.0008427578162613,0.00080544969902676,0.800546753178181,0.800546753178181,AD_greater_CN
pipeline_02,UF_left,RD,median,15,15,0.00065003476157606,0.00060554822328624,0.7950755428008036,0.7950755428008036,AD_greater_CN
pipeline_02,UF_left,MD,distal_mean,15,15,0.0008654981552652533,0.0008178599517044533,0.7770854255282208,0.7770854255282208,AD_greater_CN
pipeline_01,ILF_left,RD,distal_mean,15,15,0.0009306483616441534,0.0007589913594322533,0.729191038096246,0.729191038096246,AD_greater_CN
pipeline_01,ILF_left,MD,distal_mean,15,15,0.0011820480886583868,0.0009978128795645933,0.7229176477445963,0.7229176477445963,AD_greater_CN
