pipeline,tract,metric,feature,n,auc_oriented,auc_raw,auc_abs_minus_0_5,direction
pipeline_01,UF_right,MD,sd,30,0.9022222222222223,0.9022222222222223,0.40222222222222226,higher_values_AD
pipeline_03,CC_2,AD,sd,30,0.8622222222222222,0.8622222222222222,0.3622222222222222,higher_values_AD
pipeline_03,UF_right,MD,sd,30,0.8622222222222222,0.8622222222222222,0.3622222222222222,higher_values_AD
pipeline_03,UF_right,FA,proximal_mean,30,0.8577777777777778,0.14222222222222222,0.35777777777777775,lower_values_AD
pipeline_02,UF_right,FA,proximal_mean,30,0.8444444444444444,0.15555555555555553,0.34444444444444444,lower_values_AD
pipeline_02,UF_right,MD,sd,30,0.8444444444444444,0.8444444444444444,0.34444444444444444,higher_values_AD
pipeline_01,UF_right,RD,proximal_mean,30,0.84,0.84,0.33999999999999997,higher_values_AD
pipeline_02,CC_2,AD,sd,30,0.8355555555555555,0.8355555555555555,0.3355555555555555,higher_values_AD
pipeline_01,UF_right,FA,proximal_mean,30,0.8311111111111111,0.16888888888888892,0.33111111111111113,lower_values_AD
pipeline_03,UF_right,RD,middle_mean,30,0.8266666666666667,0.8266666666666667,0.32666666666666666,higher_values_AD
pipeline_03,ILF_right,FA,sd,30,0.8266666666666667,0.8266666666666667,0.32666666666666666,higher_values_AD
pipeline_01,CC_2,AD,middle_mean,30,0.8133333333333334,0.8133333333333334,0.31333333333333335,higher_values_AD
pipeline_03,CC_2,AD,middle_mean,30,0.8133333333333334,0.8133333333333334,0.31333333333333335,higher_values_AD
pipeline_03,UF_right,MD,middle_mean,30,0.8133333333333334,0.8133333333333334,0.31333333333333335,higher_values_AD
pipeline_01,CC_2,AD,sd,30,0.8133333333333334,0.8133333333333334,0.31333333333333335,higher_values_AD
pipeline_03,UF_right,RD,proximal_mean,30,0.8088888888888889,0.8088888888888889,0.3088888888888889,higher_values_AD
pipeline_02,CG_right,FA,middle_mean,30,0.8088888888888889,0.19111111111111112,0.3088888888888889,lower_values_AD
pipeline_02,CG_right,RD,middle_mean,30,0.8088888888888889,0.8088888888888889,0.3088888888888889,higher_values_AD
pipeline_02,UF_right,RD,proximal_mean,30,0.8044444444444445,0.8044444444444445,0.3044444444444445,higher_values_AD
pipeline_02,ILF_right,FA,sd,30,0.8044444444444445,0.8044444444444445,0.3044444444444445,higher_values_AD
pipeline_03,UF_right,RD,mean,30,0.8,0.8,0.30000000000000004,higher_values_AD
pipeline_03,CC_7,AD,sd,30,0.7955555555555556,0.7955555555555556,0.29555555555555557,higher_values_AD
pipeline_01,UF_right,MD,proximal_mean,30,0.7911111111111111,0.7911111111111111,0.2911111111111111,higher_values_AD
pipeline_03,UF_left,FA,distal_mean,30,0.7866666666666666,0.21333333333333332,0.2866666666666666,lower_values_AD
pipeline_01,CG_right,FA,proximal_mean,30,0.7866666666666666,0.21333333333333332,0.2866666666666666,lower_values_AD
pipeline_02,UF_right,RD,middle_mean,30,0.7866666666666666,0.7866666666666666,0.2866666666666666,higher_values_AD
pipeline_01,ILF_left,RD,sd,30,0.7822222222222223,0.7822222222222223,0.28222222222222226,higher_values_AD
pipeline_01,ILF_left,RD,distal_mean,30,0.7777777777777779,0.7777777777777779,0.2777777777777779,higher_values_AD
pipeline_02,CC_2,AD,middle_mean,30,0.7777777777777778,0.7777777777777778,0.2777777777777778,higher_values_AD
pipeline_02,UF_right,MD,middle_mean,30,0.7777777777777778,0.7777777777777778,0.2777777777777778,higher_values_AD
pipeline_03,UF_right,FA,middle_mean,30,0.7777777777777777,0.22222222222222227,0.2777777777777777,lower_values_AD
pipeline_01,ILF_left,MD,distal_mean,30,0.7733333333333334,0.7733333333333334,0.27333333333333343,higher_values_AD
pipeline_02,UF_right,RD,mean,30,0.7733333333333333,0.7733333333333333,0.2733333333333333,higher_values_AD
pipeline_03,UF_right,MD,mean,30,0.7733333333333333,0.7733333333333333,0.2733333333333333,higher_values_AD
pipeline_01,UF_right,RD,mean,30,0.768888888888889,0.768888888888889,0.26888888888888896,higher_values_AD
pipeline_01,ILF_left,RD,mean,30,0.768888888888889,0.768888888888889,0.26888888888888896,higher_values_AD
pipeline_01,IFO_left,FA,proximal_mean,30,0.768888888888889,0.2311111111111111,0.26888888888888896,lower_values_AD
pipeline_03,ILF_left,RD,proximal_mean,30,0.7688888888888888,0.7688888888888888,0.26888888888888884,higher_values_AD
pipeline_03,UF_left,RD,mean,30,0.7644444444444445,0.7644444444444445,0.2644444444444445,higher_values_AD
pipeline_03,UF_left,RD,distal_mean,30,0.7644444444444445,0.7644444444444445,0.2644444444444445,higher_values_AD
pipeline_03,ILF_left,RD,mean,30,0.76,0.76,0.26,higher_values_AD
pipeline_01,UF_left,RD,mean,30,0.76,0.76,0.26,higher_values_AD
pipeline_03,UF_right,FA,mean,30,0.76,0.24000000000000002,0.26,lower_values_AD
pipeline_01,ILF_left,MD,mean,30,0.7555555555555555,0.7555555555555555,0.25555555555555554,higher_values_AD
pipeline_03,UF_right,MD,median,30,0.7555555555555555,0.7555555555555555,0.25555555555555554,higher_values_AD
pipeline_01,UF_right,MD,median,30,0.7511111111111112,0.7511111111111112,0.2511111111111112,higher_values_AD
pipeline_03,ILF_left,MD,distal_mean,30,0.7511111111111111,0.7511111111111111,0.25111111111111106,higher_values_AD
pipeline_02,UF_left,RD,distal_mean,30,0.7466666666666667,0.7466666666666667,0.2466666666666667,higher_values_AD
pipeline_02,UF_left,FA,distal_mean,30,0.7422222222222222,0.2577777777777778,0.24222222222222223,lower_values_AD
pipeline_03,UF_left,FA,median,30,0.7422222222222222,0.2577777777777778,0.24222222222222223,lower_values_AD
pipeline_03,UF_left,MD,distal_mean,30,0.7422222222222222,0.7422222222222222,0.24222222222222223,higher_values_AD
pipeline_03,UF_left,RD,median,30,0.7377777777777779,0.7377777777777779,0.23777777777777787,higher_values_AD
pipeline_02,CG_left,FA,median,30,0.7377777777777778,0.26222222222222225,0.23777777777777775,lower_values_AD
pipeline_01,CG_left,FA,median,30,0.7333333333333334,0.26666666666666666,0.2333333333333334,lower_values_AD
pipeline_03,ILF_left,RD,distal_mean,30,0.7333333333333333,0.7333333333333333,0.23333333333333328,higher_values_AD
pipeline_01,UF_left,MD,median,30,0.7288888888888889,0.7288888888888889,0.22888888888888892,higher_values_AD
pipeline_01,UF_left,RD,distal_mean,30,0.7288888888888889,0.7288888888888889,0.22888888888888892,higher_values_AD
pipeline_03,UF_right,RD,median,30,0.7244444444444444,0.7244444444444444,0.22444444444444445,higher_values_AD
pipeline_02,UF_right,MD,median,30,0.7244444444444444,0.7244444444444444,0.22444444444444445,higher_values_AD
pipeline_01,UF_left,RD,median,30,0.72,0.72,0.21999999999999997,higher_values_AD
