tract,metric,P01,P02,P03,pct_P02_vs_P01,pct_P03_vs_P01
CC_2,FA,0.45355360555061036,0.4439868744748364,0.43449416356323034,-2.1092834361133574,-4.202246824659682
CC_2,MD,0.9197767129654567,0.91662410354579,0.9189724703751834,-0.3427581254479011,-0.08743889456392102
CC_2,RD,0.66644966930746,0.6706037134844464,0.6774625243534101,0.6233095113248526,1.6524661280714834
CC_2,AD,1.4264307999600703,1.4086648838858733,1.4019923622023396,-1.2454804028834885,-1.713257857192558
CC_7,FA,0.5991650166499766,0.5971820981973776,0.5709894815075738,-0.3309469674457656,-4.702466659341448
CC_7,MD,0.9670187946361198,0.9563608185466601,0.9834985257355098,-1.1021477709200327,1.704178987088983
CC_7,RD,0.6026735034984034,0.5981013187623,0.6380857600941767,-0.7586503653409055,5.875860874953359
CC_7,AD,1.6957093762094435,1.67287981720107,1.674324056795947,-1.3463131907311996,-1.2611429596090884
CG_left,FA,0.44181551291253485,0.4280599328908012,0.41521740906262,-3.113421692926572,-6.020183328234653
CG_left,MD,0.79150687525084,0.7941312387987634,0.79307170384286,0.331565477190786,0.19770246361082744
CG_left,RD,0.5808873851147501,0.5924203341078567,0.5985784998184134,1.985401867666375,3.0455326035645447
CG_left,AD,1.212745855594267,1.1975530468419535,1.1820581120805331,-1.2527611355858779,-2.530434828713249
CG_right,FA,0.4459462031889824,0.4352940872399528,0.42616060979423637,-2.388654925830933,-4.436766868572564
CG_right,MD,0.7834219223541268,0.7837797672590667,0.7822692898505534,0.04567716255177567,-0.14712793587773676
CG_right,RD,0.5753374459622866,0.58275077473704,0.5862287586389433,1.2885183863452723,1.8930303864439562
CG_right,AD,1.1995908745180233,1.18583775237549,1.1743503523160566,-1.1464843918606085,-2.104094215630639
IFO_left,FA,0.49379419464600055,0.48002455362375707,0.46286043119582077,-2.788538458236613,-6.264505290985873
IFO_left,MD,0.8958529589238399,0.8987899054204899,0.89736858387687,0.3278380081679966,0.1691823348834786
IFO_left,RD,0.6350171152494468,0.6476482751671065,0.6577429861625799,1.989105429496654,3.578780849742283
IFO_left,AD,1.4175246453762897,1.401073166539913,1.3766197790711334,-1.160577975842506,-2.885654682518617
IFO_right,FA,0.4801488801689579,0.4724493558890842,0.45271661997194257,-1.603570183723918,-5.713282136024621
IFO_right,MD,0.8910914973571034,0.8804876120605833,0.8856775765782567,-1.1899883825589352,-0.6075605922516056
IFO_right,RD,0.6376379187468799,0.6348813321279766,0.6519178512222532,-0.4323122163626527,2.239504906395299
IFO_right,AD,1.3979986539921496,1.3717001726902232,1.3531970273046598,-1.881152118911415,-3.2046974122295095
ILF_left,FA,0.47212425644788963,0.4555986296018447,0.443515429335159,-3.5002706639939225,-6.059596964573317
ILF_left,MD,0.9582847925510732,0.9272915251464033,0.9407741384348967,-3.2342438955085546,-1.8272912449712404
ILF_left,RD,0.6977011275942001,0.6841582722569632,0.7019799434445501,-1.9410682886431743,0.6132734606727831
ILF_left,AD,1.4794521219585266,1.413558030807157,1.4183625287802701,-4.453952255253652,-4.129203795887968
ILF_right,FA,0.4817626292668116,0.4645660457985998,0.4522910797304392,-3.569513786152966,-6.117442023517849
ILF_right,MD,0.94871118529865,0.9048520058057734,0.9138461058994068,-4.623027552802582,-3.6749940276363247
ILF_right,RD,0.6801331804515698,0.6565411209069401,0.6707250623587233,-3.4687411558080403,-1.3832758587957812
ILF_right,AD,1.4858671945054136,1.4014737767696699,1.4000881930885665,-5.67974163827171,-5.7729924810271855
UF_left,FA,0.4233385848127294,0.41359285032087734,0.3953193288090109,-2.3021134480721255,-6.618639785956029
UF_left,MD,0.8259240665015836,0.8233091820132932,0.8246765559547032,-0.31660107682373584,-0.15104421792240993
UF_left,RD,0.6201287664702201,0.6244779262363832,0.6355413424244533,0.7013317235577718,2.485383163558397
UF_left,AD,1.23751466514347,1.220971694638543,1.2029469832380668,-1.3367898555779305,-2.793314930243333
UF_right,FA,0.41480341413280597,0.4030607877362122,0.3843823471404311,-2.830889524172094,-7.333851640535208
UF_right,MD,0.8372978143903267,0.8356038135045867,0.8373720756338933,-0.2023176051132318,0.008869155310126643
UF_right,RD,0.63326188339111,0.6387228830819563,0.6506392554276333,0.8623603968713199,2.7441051628542144
UF_right,AD,1.2453696755193702,1.2293656738769898,1.2108377162319266,-1.2850804027893112,-2.7728280177564355
