tract,metric,feature,n_subjects,n_pipelines,icc_3_1,icc_category
CC_2,AD,mean,30,3,0.9781085448257293,excellent
CC_2,AD,median,30,3,0.9649510101351201,excellent
CC_2,AD,sd,30,3,0.9290244709825874,excellent
CC_2,AD,proximal_mean,30,3,0.970794563458688,excellent
CC_2,AD,middle_mean,30,3,0.9549484600290814,excellent
CC_2,AD,distal_mean,30,3,0.9648349966443129,excellent
CC_2,FA,mean,30,3,0.9577891819969448,excellent
CC_2,FA,median,30,3,0.943493564536045,excellent
CC_2,FA,sd,30,3,0.9269843422077406,excellent
CC_2,FA,proximal_mean,30,3,0.9455448911708502,excellent
CC_2,FA,middle_mean,30,3,0.9415691209454485,excellent
CC_2,FA,distal_mean,30,3,0.9687655483467853,excellent
CC_2,MD,mean,30,3,0.9755667849322199,excellent
CC_2,MD,median,30,3,0.9687405132330429,excellent
CC_2,MD,sd,30,3,0.9308117668842134,excellent
CC_2,MD,proximal_mean,30,3,0.9732228663848987,excellent
CC_2,MD,middle_mean,30,3,0.9485336175537398,excellent
CC_2,MD,distal_mean,30,3,0.9812781531063242,excellent
CC_2,RD,mean,30,3,0.9710146313191799,excellent
CC_2,RD,median,30,3,0.9640604531939243,excellent
CC_2,RD,sd,30,3,0.8658893632391502,good
CC_2,RD,proximal_mean,30,3,0.968682885849176,excellent
CC_2,RD,middle_mean,30,3,0.944166742237713,excellent
CC_2,RD,distal_mean,30,3,0.9814188036598929,excellent
CC_7,AD,mean,30,3,0.8316123701820034,good
CC_7,AD,median,30,3,0.897299393371603,good
CC_7,AD,sd,30,3,0.8202459030439755,good
CC_7,AD,proximal_mean,30,3,0.7536836869311712,good
CC_7,AD,middle_mean,30,3,0.8755741053903989,good
CC_7,AD,distal_mean,30,3,0.7309028900622047,moderate
CC_7,FA,mean,30,3,0.9052044200617274,excellent
CC_7,FA,median,30,3,0.8672855326021979,good
CC_7,FA,sd,30,3,0.881891531979052,good
CC_7,FA,proximal_mean,30,3,0.8105850222801411,good
CC_7,FA,middle_mean,30,3,0.8538292023811014,good
CC_7,FA,distal_mean,30,3,0.7216043428268032,moderate
CC_7,MD,mean,30,3,0.8734216713738944,good
CC_7,MD,median,30,3,0.9050645184710723,excellent
CC_7,MD,sd,30,3,0.7728124527470274,good
CC_7,MD,proximal_mean,30,3,0.643243073976164,moderate
CC_7,MD,middle_mean,30,3,0.8351363710281661,good
CC_7,MD,distal_mean,30,3,0.7625885157183597,good
CC_7,RD,mean,30,3,0.8956103094399137,good
CC_7,RD,median,30,3,0.8719383786423612,good
CC_7,RD,sd,30,3,0.7231601792289247,moderate
CC_7,RD,proximal_mean,30,3,0.6773580395765337,moderate
CC_7,RD,middle_mean,30,3,0.8372331072650392,good
CC_7,RD,distal_mean,30,3,0.76148819878423,good
CG_left,AD,mean,30,3,0.919469934807678,excellent
CG_left,AD,median,30,3,0.906768772528463,excellent
CG_left,AD,sd,30,3,0.7867929380434154,good
CG_left,AD,proximal_mean,30,3,0.775959233440076,good
CG_left,AD,middle_mean,30,3,0.8728359143895891,good
CG_left,AD,distal_mean,30,3,0.8233729038649845,good
CG_left,FA,mean,30,3,0.8900194246776559,good
CG_left,FA,median,30,3,0.8537198945845708,good
CG_left,FA,sd,30,3,0.7152137325115228,moderate
CG_left,FA,proximal_mean,30,3,0.4879948355047335,poor
CG_left,FA,middle_mean,30,3,0.8264398404934706,good
CG_left,FA,distal_mean,30,3,0.6243065244561808,moderate
CG_left,MD,mean,30,3,0.9742132440344253,excellent
CG_left,MD,median,30,3,0.9733555431025341,excellent
CG_left,MD,sd,30,3,0.7356564526143832,moderate
CG_left,MD,proximal_mean,30,3,0.7157117517224401,moderate
CG_left,MD,middle_mean,30,3,0.9709992374869297,excellent
CG_left,MD,distal_mean,30,3,0.6813052755883487,moderate
CG_left,RD,mean,30,3,0.9528560097197656,excellent
CG_left,RD,median,30,3,0.9395920679879848,excellent
CG_left,RD,sd,30,3,0.7667192764332216,good
CG_left,RD,proximal_mean,30,3,0.5185501417169797,moderate
CG_left,RD,middle_mean,30,3,0.908232058666597,excellent
CG_left,RD,distal_mean,30,3,0.5818267161094832,moderate
CG_right,AD,mean,30,3,0.9300021521567183,excellent
CG_right,AD,median,30,3,0.9117562403797613,excellent
CG_right,AD,sd,30,3,0.7317251130842873,moderate
CG_right,AD,proximal_mean,30,3,0.9225094215955106,excellent
CG_right,AD,middle_mean,30,3,0.8913109315709906,good
CG_right,AD,distal_mean,30,3,0.8497070308494005,good
CG_right,FA,mean,30,3,0.8548945096259372,good
CG_right,FA,median,30,3,0.8948215286810229,good
CG_right,FA,sd,30,3,0.8030879408107277,good
CG_right,FA,proximal_mean,30,3,0.8298632338965892,good
CG_right,FA,middle_mean,30,3,0.8486660559470997,good
CG_right,FA,distal_mean,30,3,0.7653947476619254,good
CG_right,MD,mean,30,3,0.9853613540130122,excellent
CG_right,MD,median,30,3,0.9814656082732609,excellent
CG_right,MD,sd,30,3,0.8028579120728566,good
CG_right,MD,proximal_mean,30,3,0.9851045415945244,excellent
CG_right,MD,middle_mean,30,3,0.9838248821267235,excellent
CG_right,MD,distal_mean,30,3,0.9432923930587004,excellent
CG_right,RD,mean,30,3,0.9378907601047206,excellent
CG_right,RD,median,30,3,0.9449905528894579,excellent
CG_right,RD,sd,30,3,0.785361396681081,good
CG_right,RD,proximal_mean,30,3,0.9443071174832931,excellent
CG_right,RD,middle_mean,30,3,0.9021142372280011,excellent
CG_right,RD,distal_mean,30,3,0.8492583374948698,good
IFO_left,AD,mean,30,3,0.9502530872109582,excellent
IFO_left,AD,median,30,3,0.9357070777325632,excellent
IFO_left,AD,sd,30,3,0.8772838848196889,good
IFO_left,AD,proximal_mean,30,3,0.9122647665223217,excellent
IFO_left,AD,middle_mean,30,3,0.7969738988714807,good
IFO_left,AD,distal_mean,30,3,0.9101346854651841,excellent
IFO_left,FA,mean,30,3,0.9696237392434112,excellent
IFO_left,FA,median,30,3,0.9378795284435832,excellent
IFO_left,FA,sd,30,3,0.686246589535963,moderate
IFO_left,FA,proximal_mean,30,3,0.8437782313741486,good
IFO_left,FA,middle_mean,30,3,0.940759463616887,excellent
IFO_left,FA,distal_mean,30,3,0.8956798929506015,good
IFO_left,MD,mean,30,3,0.9593547519204888,excellent
IFO_left,MD,median,30,3,0.9462260345667747,excellent
IFO_left,MD,sd,30,3,0.9154722833070918,excellent
IFO_left,MD,proximal_mean,30,3,0.9271048316050781,excellent
IFO_left,MD,middle_mean,30,3,0.8453051196354184,good
IFO_left,MD,distal_mean,30,3,0.938144099984736,excellent
IFO_left,RD,mean,30,3,0.962338439723822,excellent
IFO_left,RD,median,30,3,0.9575928784153965,excellent
IFO_left,RD,sd,30,3,0.9323980206775051,excellent
IFO_left,RD,proximal_mean,30,3,0.9032510023663125,excellent
IFO_left,RD,middle_mean,30,3,0.8817040838587314,good
IFO_left,RD,distal_mean,30,3,0.944231656484906,excellent
IFO_right,AD,mean,30,3,0.9562863750335614,excellent
IFO_right,AD,median,30,3,0.916403193634581,excellent
IFO_right,AD,sd,30,3,0.8907855968256665,good
IFO_right,AD,proximal_mean,30,3,0.9112599101821687,excellent
IFO_right,AD,middle_mean,30,3,0.8749998173156057,good
IFO_right,AD,distal_mean,30,3,0.9145357691060798,excellent
IFO_right,FA,mean,30,3,0.9432849098445067,excellent
IFO_right,FA,median,30,3,0.8936187295212638,good
IFO_right,FA,sd,30,3,0.6647347536112984,moderate
IFO_right,FA,proximal_mean,30,3,0.7477748365979072,moderate
IFO_right,FA,middle_mean,30,3,0.9303005043405546,excellent
IFO_right,FA,distal_mean,30,3,0.9188064152636815,excellent
IFO_right,MD,mean,30,3,0.9636399744912901,excellent
IFO_right,MD,median,30,3,0.9246182605059297,excellent
IFO_right,MD,sd,30,3,0.9097265411988338,excellent
IFO_right,MD,proximal_mean,30,3,0.9542653952154327,excellent
IFO_right,MD,middle_mean,30,3,0.8965765500921485,good
IFO_right,MD,distal_mean,30,3,0.9296410306960207,excellent
IFO_right,RD,mean,30,3,0.9614228272129717,excellent
IFO_right,RD,median,30,3,0.9634603562771948,excellent
IFO_right,RD,sd,30,3,0.9049006309482683,excellent
IFO_right,RD,proximal_mean,30,3,0.9069028010143143,excellent
IFO_right,RD,middle_mean,30,3,0.9117847989152912,excellent
IFO_right,RD,distal_mean,30,3,0.9301386812634749,excellent
ILF_left,AD,mean,30,3,0.93800195466659,excellent
ILF_left,AD,median,30,3,0.8571516784035137,good
ILF_left,AD,sd,30,3,0.9075964641293454,excellent
ILF_left,AD,proximal_mean,30,3,0.8810007188784654,good
ILF_left,AD,middle_mean,30,3,0.9110569614800766,excellent
ILF_left,AD,distal_mean,30,3,0.9425806980209297,excellent
ILF_left,FA,mean,30,3,0.9338681984598766,excellent
ILF_left,FA,median,30,3,0.9197747804262931,excellent
ILF_left,FA,sd,30,3,0.8653638087190889,good
ILF_left,FA,proximal_mean,30,3,0.8659058350432685,good
ILF_left,FA,middle_mean,30,3,0.9010384622587662,excellent
ILF_left,FA,distal_mean,30,3,0.9212908306553694,excellent
ILF_left,MD,mean,30,3,0.9529558218788863,excellent
ILF_left,MD,median,30,3,0.9233054621699426,excellent
ILF_left,MD,sd,30,3,0.9123562834566491,excellent
ILF_left,MD,proximal_mean,30,3,0.9475856885171187,excellent
ILF_left,MD,middle_mean,30,3,0.8968113247732894,good
ILF_left,MD,distal_mean,30,3,0.946771269469121,excellent
ILF_left,RD,mean,30,3,0.955013535542289,excellent
ILF_left,RD,median,30,3,0.9531792072644079,excellent
ILF_left,RD,sd,30,3,0.9022462434611538,excellent
ILF_left,RD,proximal_mean,30,3,0.9308391767818356,excellent
ILF_left,RD,middle_mean,30,3,0.891056117258219,good
ILF_left,RD,distal_mean,30,3,0.9455568765086301,excellent
ILF_right,AD,mean,30,3,0.8953296110943992,good
ILF_right,AD,median,30,3,0.8951859046348004,good
ILF_right,AD,sd,30,3,0.8025081302361504,good
ILF_right,AD,proximal_mean,30,3,0.8255528323284705,good
ILF_right,AD,middle_mean,30,3,0.8940547408387918,good
ILF_right,AD,distal_mean,30,3,0.8702508782919004,good
ILF_right,FA,mean,30,3,0.9310547237336351,excellent
ILF_right,FA,median,30,3,0.9104202022106012,excellent
ILF_right,FA,sd,30,3,0.8684460281192584,good
ILF_right,FA,proximal_mean,30,3,0.5558237440113266,moderate
ILF_right,FA,middle_mean,30,3,0.9328268767568272,excellent
ILF_right,FA,distal_mean,30,3,0.8170692056142405,good
ILF_right,MD,mean,30,3,0.9026512332720287,excellent
ILF_right,MD,median,30,3,0.9616758186181233,excellent
ILF_right,MD,sd,30,3,0.6552997291491178,moderate
ILF_right,MD,proximal_mean,30,3,0.896970398817842,good
ILF_right,MD,middle_mean,30,3,0.9060944654267964,excellent
ILF_right,MD,distal_mean,30,3,0.8223089221717538,good
ILF_right,RD,mean,30,3,0.9108157577431238,excellent
ILF_right,RD,median,30,3,0.9306426671863983,excellent
ILF_right,RD,sd,30,3,0.5099323705243649,moderate
ILF_right,RD,proximal_mean,30,3,0.7993927350029727,good
ILF_right,RD,middle_mean,30,3,0.9152849816750824,excellent
ILF_right,RD,distal_mean,30,3,0.7858217447601413,good
UF_left,AD,mean,30,3,0.924210011375353,excellent
UF_left,AD,median,30,3,0.8891768504094895,good
UF_left,AD,sd,30,3,0.9075653374573874,excellent
UF_left,AD,proximal_mean,30,3,0.8353824480031614,good
UF_left,AD,middle_mean,30,3,0.8706683521470391,good
UF_left,AD,distal_mean,30,3,0.8666344282330981,good
UF_left,FA,mean,30,3,0.935040613035419,excellent
UF_left,FA,median,30,3,0.8410343274870036,good
UF_left,FA,sd,30,3,0.8593267808729413,good
UF_left,FA,proximal_mean,30,3,0.8058245442484612,good
UF_left,FA,middle_mean,30,3,0.9114197794668452,excellent
UF_left,FA,distal_mean,30,3,0.9158434159126376,excellent
UF_left,MD,mean,30,3,0.9732642194968912,excellent
UF_left,MD,median,30,3,0.9573723429906438,excellent
UF_left,MD,sd,30,3,0.9101038770465277,excellent
UF_left,MD,proximal_mean,30,3,0.8583547521599273,good
UF_left,MD,middle_mean,30,3,0.9521650383432462,excellent
UF_left,MD,distal_mean,30,3,0.9664822564462067,excellent
UF_left,RD,mean,30,3,0.9702796834441062,excellent
UF_left,RD,median,30,3,0.9272787777660242,excellent
UF_left,RD,sd,30,3,0.8723069917644501,good
UF_left,RD,proximal_mean,30,3,0.8432102752750231,good
UF_left,RD,middle_mean,30,3,0.954791374925877,excellent
UF_left,RD,distal_mean,30,3,0.9718004344170337,excellent
UF_right,AD,mean,30,3,0.9305220911534611,excellent
UF_right,AD,median,30,3,0.8909098574738216,good
UF_right,AD,sd,30,3,0.8093751731468692,good
UF_right,AD,proximal_mean,30,3,0.858704282941777,good
UF_right,AD,middle_mean,30,3,0.8702171772557296,good
UF_right,AD,distal_mean,30,3,0.7944365200127825,good
UF_right,FA,mean,30,3,0.9025161373976724,excellent
UF_right,FA,median,30,3,0.7616590289685479,good
UF_right,FA,sd,30,3,0.7617819948331461,good
UF_right,FA,proximal_mean,30,3,0.9411386172149722,excellent
UF_right,FA,middle_mean,30,3,0.8386987424757822,good
UF_right,FA,distal_mean,30,3,0.6309687506041115,moderate
UF_right,MD,mean,30,3,0.9653043545954593,excellent
UF_right,MD,median,30,3,0.9585223193552732,excellent
UF_right,MD,sd,30,3,0.8447409020384211,good
UF_right,MD,proximal_mean,30,3,0.934444561207501,excellent
UF_right,MD,middle_mean,30,3,0.9402537095989059,excellent
UF_right,MD,distal_mean,30,3,0.9349493006348929,excellent
UF_right,RD,mean,30,3,0.9543648370537106,excellent
UF_right,RD,median,30,3,0.9253459469899392,excellent
UF_right,RD,sd,30,3,0.8905224178472412,good
UF_right,RD,proximal_mean,30,3,0.9520644999205505,excellent
UF_right,RD,middle_mean,30,3,0.9124376446042035,excellent
UF_right,RD,distal_mean,30,3,0.8943794357180642,good
