tract,metric,feature,pipeline_1,pipeline_2,n_subjects,pearson_r,pearson_p,spearman_r,spearman_p
CC_2,AD,mean,pipeline_01,pipeline_02,30,0.9752159034433767,6.944941070138953e-20,0.9724137931034482,3.058187173857792e-19
CC_2,AD,mean,pipeline_01,pipeline_03,30,0.9744102972387594,1.0814644638630728e-19,0.9750834260289211,7.477026742176401e-20
CC_2,AD,mean,pipeline_02,pipeline_03,30,0.9857727451243246,3.1260555794422635e-23,0.985761957730812,3.159194898959913e-23
CC_2,AD,median,pipeline_01,pipeline_02,30,0.9498465821022967,1.1468014539920635e-15,0.9301446051167965,1.048965988077813e-13
CC_2,AD,median,pipeline_01,pipeline_03,30,0.9638496344696136,1.2778152617098975e-17,0.9434927697441602,5.8559004840622505e-15
CC_2,AD,median,pipeline_02,pipeline_03,30,0.9814692856415632,1.2313185446218698e-21,0.9750834260289211,7.477026742176401e-20
CC_2,AD,sd,pipeline_01,pipeline_02,30,0.9350506455552237,3.902394847506765e-14,0.9110122358175751,2.7564618540786188e-12
CC_2,AD,sd,pipeline_01,pipeline_03,30,0.9241915934916181,3.175420278616296e-13,0.9052280311457174,6.4174874713391604e-12
CC_2,AD,sd,pipeline_02,pipeline_03,30,0.9576008053158023,1.1458897829841122e-16,0.957730812013348,1.0985505629969911e-16
CC_2,AD,proximal_mean,pipeline_01,pipeline_02,30,0.959983855847564,5.173977349966232e-17,0.9234705228031145,3.609065794287219e-13
CC_2,AD,proximal_mean,pipeline_01,pipeline_03,30,0.9673613075014603,3.122796456440007e-18,0.957285873192436,1.2685049691700102e-16
CC_2,AD,proximal_mean,pipeline_02,pipeline_03,30,0.9863159795662444,1.8185835914749015e-23,0.9684093437152391,1.9902478826039342e-18
CC_2,AD,middle_mean,pipeline_01,pipeline_02,30,0.9573713773794623,1.2340663743005141e-16,0.9394883203559511,1.4895551806856827e-14
CC_2,AD,middle_mean,pipeline_01,pipeline_03,30,0.9429050491521187,6.743991712646646e-15,0.921245828698554,5.315614336464894e-13
CC_2,AD,middle_mean,pipeline_02,pipeline_03,30,0.9684262480014819,1.975595230500629e-18,0.9728587319243605,2.4422195999722477e-19
CC_2,AD,distal_mean,pipeline_01,pipeline_02,30,0.9592786488544418,6.578850289294914e-17,0.9332591768631814,5.6481254211098936e-14
CC_2,AD,distal_mean,pipeline_01,pipeline_03,30,0.9509114153535434,8.548228975288628e-16,0.9261401557285873,2.232462967641192e-13
CC_2,AD,distal_mean,pipeline_02,pipeline_03,30,0.9880078718816137,2.895822745335629e-24,0.9817575083426029,9.904303577345476e-22
CC_2,FA,mean,pipeline_01,pipeline_02,30,0.9421294238956991,8.107030663234387e-15,0.9581757508342603,9.498913999882393e-17
CC_2,FA,mean,pipeline_01,pipeline_03,30,0.9454485152972517,3.6200245033966426e-15,0.9586206896551723,8.20048380526169e-17
CC_2,FA,mean,pipeline_02,pipeline_03,30,0.9930970781378291,1.3096358104348108e-27,0.9853170189098998,4.847212526013212e-23
CC_2,FA,median,pipeline_01,pipeline_02,30,0.937368687910005,2.380392234079409e-14,0.9292547274749722,1.2453933891519399e-13
CC_2,FA,median,pipeline_01,pipeline_03,30,0.9178659750453965,9.371633143846463e-13,0.9092324805339266,3.596435270992928e-12
CC_2,FA,median,pipeline_02,pipeline_03,30,0.9889394047634747,9.388370364427112e-25,0.9848720800889877,7.342123569152051e-23
CC_2,FA,sd,pipeline_01,pipeline_02,30,0.9148257000071439,1.5293098176673447e-12,0.9132369299221357,1.961163131992409e-12
CC_2,FA,sd,pipeline_01,pipeline_03,30,0.9129091489238601,2.0632055898754393e-12,0.9310344827586206,8.815126124687518e-14
CC_2,FA,sd,pipeline_02,pipeline_03,30,0.973088289097929,2.1714671667927416e-19,0.9492769744160177,1.33849880230039e-15
CC_2,FA,proximal_mean,pipeline_01,pipeline_02,30,0.9331798095719502,5.74004095458703e-14,0.9439377085650723,5.2569194365302185e-15
CC_2,FA,proximal_mean,pipeline_01,pipeline_03,30,0.9294951312133772,1.1892245450637235e-13,0.935483870967742,3.562990060341997e-14
CC_2,FA,proximal_mean,pipeline_02,pipeline_03,30,0.9822376949649044,6.837724209818444e-22,0.9844271412680755,1.0987254543946253e-22
CC_2,FA,middle_mean,pipeline_01,pipeline_02,30,0.9171086699027048,1.0605932679733433e-12,0.9301446051167965,1.048965988077813e-13
CC_2,FA,middle_mean,pipeline_01,pipeline_03,30,0.9239234332961681,3.330732647921589e-13,0.9256952169076751,2.421529832412639e-13
CC_2,FA,middle_mean,pipeline_02,pipeline_03,30,0.9863572317925627,1.743755642823405e-23,0.9866518353726361,1.2868657113266344e-23
CC_2,FA,distal_mean,pipeline_01,pipeline_02,30,0.9613463234918523,3.2125919001111484e-17,0.950166852057842,1.0505097466160646e-15
CC_2,FA,distal_mean,pipeline_01,pipeline_03,30,0.9607365878593125,3.984577109928579e-17,0.9515016685205783,7.242916743150971e-16
CC_2,FA,distal_mean,pipeline_02,pipeline_03,30,0.9944454794651296,6.299465027317288e-29,0.9870967741935484,8.027619042476033e-24
CC_2,MD,mean,pipeline_01,pipeline_02,30,0.9652554260233885,7.397260683629297e-18,0.9621802002224694,2.3795131671493664e-17
CC_2,MD,mean,pipeline_01,pipeline_03,30,0.9730047409994019,2.2666118241009176e-19,0.9764182424916574,3.4874952908904306e-20
CC_2,MD,mean,pipeline_02,pipeline_03,30,0.9898029264174142,3.0243693501650646e-25,0.9795328142380423,4.892689467906461e-21
CC_2,MD,median,pipeline_01,pipeline_02,30,0.9485085571995479,1.6442411781580422e-15,0.9305895439377085,9.61878047778942e-14
CC_2,MD,median,pipeline_01,pipeline_03,30,0.9750446483559048,7.639778561516933e-20,0.9617352614015572,2.795176150131107e-17
CC_2,MD,median,pipeline_02,pipeline_03,30,0.9836515598981505,2.159448845979429e-22,0.9822024471635149,7.028643475181757e-22
CC_2,MD,sd,pipeline_01,pipeline_02,30,0.912653345364979,2.1462189698491022e-12,0.9234705228031145,3.609065794287219e-13
CC_2,MD,sd,pipeline_01,pipeline_03,30,0.9152789083439898,1.4233034127005248e-12,0.8958843159065628,2.25594808000537e-11
CC_2,MD,sd,pipeline_02,pipeline_03,30,0.9679429280259035,2.43654063115756e-18,0.9608453837597329,3.835332200394257e-17
CC_2,MD,proximal_mean,pipeline_01,pipeline_02,30,0.9614986904567843,3.042633634922719e-17,0.9474972191323694,2.1453585722297616e-15
CC_2,MD,proximal_mean,pipeline_01,pipeline_03,30,0.9689381748902759,1.576436632511477e-18,0.9808676307007785,1.91886425666243e-21
CC_2,MD,proximal_mean,pipeline_02,pipeline_03,30,0.9901564673709787,1.849381447412869e-25,0.986206896551724,2.031047232801838e-23
CC_2,MD,middle_mean,pipeline_01,pipeline_02,30,0.9341728687457956,4.6835074082974456e-14,0.9301446051167965,1.048965988077813e-13
CC_2,MD,middle_mean,pipeline_01,pipeline_03,30,0.9357858636417455,3.3427685268923455e-14,0.9345939933259176,4.2923155785956346e-14
CC_2,MD,middle_mean,pipeline_02,pipeline_03,30,0.9755977474384856,5.601201637939987e-20,0.9804226918798665,2.6402251146361613e-21
CC_2,MD,distal_mean,pipeline_01,pipeline_02,30,0.9741443448456175,1.247865497457492e-19,0.9657397107897663,6.095692715051948e-18
CC_2,MD,distal_mean,pipeline_01,pipeline_03,30,0.9751447468881275,7.226206696035061e-20,0.9550611790878754,2.546931312906399e-16
CC_2,MD,distal_mean,pipeline_02,pipeline_03,30,0.9966277853908883,5.899641104034408e-32,0.9897664071190211,3.1788814190782504e-25
CC_2,RD,mean,pipeline_01,pipeline_02,30,0.9568085191823559,1.477685684422062e-16,0.9483870967741934,1.6980999814928685e-15
CC_2,RD,mean,pipeline_01,pipeline_03,30,0.9663395591981325,4.777826410278158e-18,0.971523915461624,4.743797189843295e-19
CC_2,RD,mean,pipeline_02,pipeline_03,30,0.9906803795720006,8.627283596038823e-26,0.9822024471635149,7.028643475181757e-22
CC_2,RD,median,pipeline_01,pipeline_02,30,0.9608372323977196,3.846332149428893e-17,0.9608453837597329,3.835332200394257e-17
CC_2,RD,median,pipeline_01,pipeline_03,30,0.9542688551705305,3.237074694076168e-16,0.9737486095661846,1.539812015822025e-19
CC_2,RD,median,pipeline_02,pipeline_03,30,0.9849261838743832,6.985237035658995e-23,0.9773081201334817,2.0464572653623558e-20
CC_2,RD,sd,pipeline_01,pipeline_02,30,0.8369994081127167,8.2023586289654e-09,0.8433815350389321,4.88846997281674e-09
CC_2,RD,sd,pipeline_01,pipeline_03,30,0.8318098560134584,1.229576168603367e-08,0.8126807563959955,4.8983397775533394e-08
CC_2,RD,sd,pipeline_02,pipeline_03,30,0.9437422517729468,5.512699113543694e-15,0.9363737486095662,2.9497129523417124e-14
CC_2,RD,proximal_mean,pipeline_01,pipeline_02,30,0.9559179864856006,1.9555834623175512e-16,0.9523915461624026,5.619668712783071e-16
CC_2,RD,proximal_mean,pipeline_01,pipeline_03,30,0.9622022151945935,2.3605152922005644e-17,0.9724137931034482,3.058187173857792e-19
CC_2,RD,proximal_mean,pipeline_02,pipeline_03,30,0.9895957336356398,4.003032959332934e-25,0.9870967741935484,8.027619042476033e-24
CC_2,RD,middle_mean,pipeline_01,pipeline_02,30,0.9238394808324473,3.380779059046353e-13,0.9127919911012237,2.100850903015918e-12
CC_2,RD,middle_mean,pipeline_01,pipeline_03,30,0.9300432016666561,1.069806859620358e-13,0.9345939933259176,4.2923155785956346e-14
CC_2,RD,middle_mean,pipeline_02,pipeline_03,30,0.978444300946577,1.0039419722925151e-20,0.9759733036707454,4.518344716163647e-20
CC_2,RD,distal_mean,pipeline_01,pipeline_02,30,0.9723151925413428,3.2128786937784363e-19,0.950611790878754,9.291117714110768e-16
CC_2,RD,distal_mean,pipeline_01,pipeline_03,30,0.9748121606700003,8.686452845154831e-20,0.9563959955506117,1.683720197009039e-16
CC_2,RD,distal_mean,pipeline_02,pipeline_03,30,0.997529257322146,7.620371564144884e-34,0.9964404894327029,1.2559793499276464e-31
CC_7,AD,mean,pipeline_01,pipeline_02,30,0.8665809785595104,6.021376704804542e-10,0.8224694104560623,2.4646086265286426e-08
CC_7,AD,mean,pipeline_01,pipeline_03,30,0.8100506450429594,5.851565220512053e-08,0.7357063403781979,3.615016450799329e-06
CC_7,AD,mean,pipeline_02,pipeline_03,30,0.898398663421229,1.6279200352043856e-11,0.8189098998887653,3.178865362889628e-08
CC_7,AD,median,pipeline_01,pipeline_02,30,0.8904844477227515,4.4242151708147256e-11,0.8295884315906562,1.4561742417216857e-08
CC_7,AD,median,pipeline_01,pipeline_03,30,0.8922556539981207,3.5612172160609905e-11,0.8487208008898777,3.1143392525566432e-09
CC_7,AD,median,pipeline_02,pipeline_03,30,0.9382255311854493,1.9733984770029565e-14,0.9252502780867631,2.625289032084569e-13
CC_7,AD,sd,pipeline_01,pipeline_02,30,0.8478529905794777,3.3550224987692337e-09,0.8278086763070076,1.664618060681794e-08
CC_7,AD,sd,pipeline_01,pipeline_03,30,0.8077319525913315,6.829294243377575e-08,0.761067853170189,1.0466200217974872e-06
CC_7,AD,sd,pipeline_02,pipeline_03,30,0.8439950281538281,4.645632782588319e-09,0.7628476084538376,9.540305908684081e-07
CC_7,AD,proximal_mean,pipeline_01,pipeline_02,30,0.7570178435228054,1.2884359826417527e-06,0.6898776418242492,2.468224953950943e-05
CC_7,AD,proximal_mean,pipeline_01,pipeline_03,30,0.730875845126387,4.506452397860134e-06,0.6743047830923248,4.392270180978965e-05
CC_7,AD,proximal_mean,pipeline_02,pipeline_03,30,0.7992418880188813,1.1820286385370357e-07,0.7490545050055617,1.9169956345358683e-06
CC_7,AD,middle_mean,pipeline_01,pipeline_02,30,0.8477082900309484,3.396774616142551e-09,0.8162402669632925,3.8336033631658516e-08
CC_7,AD,middle_mean,pipeline_01,pipeline_03,30,0.8691550621872515,4.660619922262539e-10,0.8060066740823137,7.651142214336148e-08
CC_7,AD,middle_mean,pipeline_02,pipeline_03,30,0.9169825737632417,1.0825457116323182e-12,0.8838709677419355,9.638580004262777e-11
CC_7,AD,distal_mean,pipeline_01,pipeline_02,30,0.7585941410276855,1.1888695491568935e-06,0.7232480533926585,6.323558556708515e-06
CC_7,AD,distal_mean,pipeline_01,pipeline_03,30,0.6934571003360275,2.151231450276774e-05,0.5937708565072302,0.0005420805357617058
CC_7,AD,distal_mean,pipeline_02,pipeline_03,30,0.7577102378592764,1.243805453754345e-06,0.6858731924360401,2.8720266156349245e-05
CC_7,FA,mean,pipeline_01,pipeline_02,30,0.8828309686851954,1.0847594483782148e-10,0.850500556173526,2.6695072596477807e-09
CC_7,FA,mean,pipeline_01,pipeline_03,30,0.9003640975303514,1.2539528197496171e-11,0.8660734149054505,6.329389179127397e-10
CC_7,FA,mean,pipeline_02,pipeline_03,30,0.9367628875190342,2.7135273692622236e-14,0.921690767519466,4.924014648993572e-13
CC_7,FA,median,pipeline_01,pipeline_02,30,0.8555966648024305,1.697890796104125e-09,0.8255839822024471,1.963465646575878e-08
CC_7,FA,median,pipeline_01,pipeline_03,30,0.8628281003129021,8.666577569740062e-10,0.8696329254727476,4.4415362112600256e-10
CC_7,FA,median,pipeline_02,pipeline_03,30,0.8920936888003905,3.6331514753682216e-11,0.8718576195773081,3.540750489516485e-10
CC_7,FA,sd,pipeline_01,pipeline_02,30,0.8704797578789605,4.076387896939409e-10,0.8166852057842046,3.716568462936411e-08
CC_7,FA,sd,pipeline_01,pipeline_03,30,0.8836479406230565,9.886887082018112e-11,0.818020022246941,3.384774965551673e-08
CC_7,FA,sd,pipeline_02,pipeline_03,30,0.8996876841323818,1.3726337983856733e-11,0.8941045606229142,2.8279288578362313e-11
CC_7,FA,proximal_mean,pipeline_01,pipeline_02,30,0.8389167839203622,7.037721824850195e-09,0.6711902113459399,4.909009418954621e-05
CC_7,FA,proximal_mean,pipeline_01,pipeline_03,30,0.9035921965311035,8.070825597562644e-12,0.8469410456062292,3.62622688746448e-09
CC_7,FA,proximal_mean,pipeline_02,pipeline_03,30,0.7712060246693878,6.10822304473674e-07,0.7018909899888766,1.5439721947599697e-05
CC_7,FA,middle_mean,pipeline_01,pipeline_02,30,0.8322640638365655,1.1874223380206634e-08,0.8309232480533927,1.3158311116458195e-08
CC_7,FA,middle_mean,pipeline_01,pipeline_03,30,0.8483950436805845,3.2027657107168676e-09,0.8064516129032258,7.430975773522154e-08
CC_7,FA,middle_mean,pipeline_02,pipeline_03,30,0.8940929016009368,2.832080821287075e-11,0.9190211345939931,7.741983213747156e-13
CC_7,FA,distal_mean,pipeline_01,pipeline_02,30,0.7210792554772832,6.94902341760133e-06,0.6814238042269187,3.389360026961154e-05
CC_7,FA,distal_mean,pipeline_01,pipeline_03,30,0.8076651183068374,6.859567114620761e-08,0.7975528364849833,1.3142805434519077e-07
CC_7,FA,distal_mean,pipeline_02,pipeline_03,30,0.6815794973130931,3.369934611818018e-05,0.6271412680756396,0.0002082391401652329
CC_7,MD,mean,pipeline_01,pipeline_02,30,0.8645595722477623,7.336079598019727e-10,0.8082313681868742,6.606913699199895e-08
CC_7,MD,mean,pipeline_01,pipeline_03,30,0.8639081989506873,7.812862326739479e-10,0.8335928809788653,1.0715777460387836e-08
CC_7,MD,mean,pipeline_02,pipeline_03,30,0.92600466317154,2.2885413559664186e-13,0.8989988876529477,1.5040507395775443e-11
CC_7,MD,median,pipeline_01,pipeline_02,30,0.8925631567131327,3.4282410545731794e-11,0.7948832035595106,1.5510295071029603e-07
CC_7,MD,median,pipeline_01,pipeline_03,30,0.9040374912124356,7.585682642466839e-12,0.8696329254727476,4.4415362112600256e-10
CC_7,MD,median,pipeline_02,pipeline_03,30,0.9521218658733468,6.07195951274369e-16,0.9038932146829811,7.739843622813907e-12
CC_7,MD,sd,pipeline_01,pipeline_02,30,0.8434678096010383,4.853631495458603e-09,0.8607341490545051,1.05702997911381e-09
CC_7,MD,sd,pipeline_01,pipeline_03,30,0.7109313086920692,1.0683262597333188e-05,0.699666295884316,1.6869731457591468e-05
CC_7,MD,sd,pipeline_02,pipeline_03,30,0.7631575995774625,9.386861911537429e-07,0.7365962180200223,3.4693873748761958e-06
CC_7,MD,proximal_mean,pipeline_01,pipeline_02,30,0.4791649475090302,0.0073834617123621216,0.5012235817575084,0.00477957754898581
CC_7,MD,proximal_mean,pipeline_01,pipeline_03,30,0.7322230682268159,4.23975415548843e-06,0.7988876529477197,1.208714308578998e-07
CC_7,MD,proximal_mean,pipeline_02,pipeline_03,30,0.7268612848993645,5.393502166727672e-06,0.6427141268075639,0.00012819715611418699
CC_7,MD,middle_mean,pipeline_01,pipeline_02,30,0.7926525090617936,1.777978571525095e-07,0.8589543937708565,1.248245247123054e-09
CC_7,MD,middle_mean,pipeline_01,pipeline_03,30,0.8283216248626121,1.6019048728286414e-08,0.8442714126807563,4.5398878878457955e-09
CC_7,MD,middle_mean,pipeline_02,pipeline_03,30,0.8871441455832731,6.595681036366367e-11,0.9288097886540599,1.3558650883573182e-13
CC_7,MD,distal_mean,pipeline_01,pipeline_02,30,0.7668058950497705,7.741839933543254e-07,0.6738598442714127,4.462974735525557e-05
CC_7,MD,distal_mean,pipeline_01,pipeline_03,30,0.7693682240206159,6.748033344095531e-07,0.7219132369299222,6.702193102571643e-06
CC_7,MD,distal_mean,pipeline_02,pipeline_03,30,0.7685860029016269,7.038368365775654e-07,0.7174638487208009,8.116682685696063e-06
CC_7,RD,mean,pipeline_01,pipeline_02,30,0.8719241377062996,3.516608642364778e-10,0.8309232480533927,1.3158311116458195e-08
CC_7,RD,mean,pipeline_01,pipeline_03,30,0.895301670330526,2.4302475362523697e-11,0.8776418242491658,1.924795959810472e-10
CC_7,RD,mean,pipeline_02,pipeline_03,30,0.9379393488121616,2.1015608046624775e-14,0.9172413793103448,1.0379337544736647e-12
CC_7,RD,median,pipeline_01,pipeline_02,30,0.8711567618063066,3.8045404522361953e-10,0.7971078976640712,1.351294774672913e-07
CC_7,RD,median,pipeline_01,pipeline_03,30,0.8859327095130031,7.600092496645533e-11,0.8024471635150167,9.638750094697732e-08
CC_7,RD,median,pipeline_02,pipeline_03,30,0.8947313652784662,2.6127903346434953e-11,0.7846496106785317,2.8638655502680977e-07
CC_7,RD,sd,pipeline_01,pipeline_02,30,0.8429845644087698,5.051743081903975e-09,0.8629588431590656,8.558865991430918e-10
CC_7,RD,sd,pipeline_01,pipeline_03,30,0.6769598912861083,3.990800196131616e-05,0.6903225806451613,2.426663921049745e-05
CC_7,RD,sd,pipeline_02,pipeline_03,30,0.6743148049068173,4.390689241126896e-05,0.6658509454949945,5.9224902072262164e-05
CC_7,RD,proximal_mean,pipeline_01,pipeline_02,30,0.5428148532624715,0.0019396876898818824,0.6631813125695216,6.496180180026467e-05
CC_7,RD,proximal_mean,pipeline_01,pipeline_03,30,0.8236627663289793,2.260204222229216e-08,0.8585094549499442,1.30076907383914e-09
CC_7,RD,proximal_mean,pipeline_02,pipeline_03,30,0.6738410077427158,4.46599036628331e-05,0.7423804226918799,2.645078812810586e-06
CC_7,RD,middle_mean,pipeline_01,pipeline_02,30,0.8055768883822505,7.869447171707257e-08,0.8531701890989989,2.110565351567339e-09
CC_7,RD,middle_mean,pipeline_01,pipeline_03,30,0.8357193679322481,9.075411768888855e-09,0.850055617352614,2.7748862781578192e-09
CC_7,RD,middle_mean,pipeline_02,pipeline_03,30,0.8829186311156967,1.0740543562967896e-10,0.9136818687430479,1.830088373126793e-12
CC_7,RD,distal_mean,pipeline_01,pipeline_02,30,0.7519043312892825,1.6657221996851179e-06,0.6907675194660734,2.3857321385187044e-05
CC_7,RD,distal_mean,pipeline_01,pipeline_03,30,0.804145245330794,8.638285942014242e-08,0.8068965517241379,7.216606340180145e-08
CC_7,RD,distal_mean,pipeline_02,pipeline_03,30,0.7406488119649695,2.870971272879377e-06,0.7837597330367074,3.016037963142437e-07
CG_left,AD,mean,pipeline_01,pipeline_02,30,0.8947073791002768,2.620737589790621e-11,0.9176863181312569,9.651816967972287e-13
CG_left,AD,mean,pipeline_01,pipeline_03,30,0.9166463724344744,1.143141944960996e-12,0.9021134593993325,9.89462113576656e-12
CG_left,AD,mean,pipeline_02,pipeline_03,30,0.9479162472242839,1.922690657323192e-15,0.9377085650723025,2.2104713443739613e-14
CG_left,AD,median,pipeline_01,pipeline_02,30,0.8702042356624939,4.1920455563743974e-10,0.8745272525027808,2.6824791546951216e-10
CG_left,AD,median,pipeline_01,pipeline_03,30,0.9047776814009616,6.838339338681078e-12,0.8883203559510566,5.738764358101427e-11
CG_left,AD,median,pipeline_02,pipeline_03,30,0.9455426145084713,3.535643767870006e-15,0.9345939933259176,4.2923155785956346e-14
CG_left,AD,sd,pipeline_01,pipeline_02,30,0.7666776828294921,7.794892036439693e-07,0.6400444938820912,0.00013957760813906728
CG_left,AD,sd,pipeline_01,pipeline_03,30,0.7779088344198107,4.214208681589363e-07,0.7139043381535038,9.436240764749232e-06
CG_left,AD,sd,pipeline_02,pipeline_03,30,0.8439602495580942,4.659097798762062e-09,0.8327030033370411,1.1479465111069946e-08
CG_left,AD,proximal_mean,pipeline_01,pipeline_02,30,0.7091860171082544,1.148264174346678e-05,0.6805339265850945,3.502326221648411e-05
CG_left,AD,proximal_mean,pipeline_01,pipeline_03,30,0.7471258031925608,2.106030186460669e-06,0.7637374860956618,9.105822170396005e-07
CG_left,AD,proximal_mean,pipeline_02,pipeline_03,30,0.8717632070106428,3.575277841265777e-10,0.8011123470522803,1.0498177317457819e-07
CG_left,AD,middle_mean,pipeline_01,pipeline_02,30,0.8229069835194311,2.3877740086964837e-08,0.7690767519466074,6.854921533721677e-07
CG_left,AD,middle_mean,pipeline_01,pipeline_03,30,0.905572562431754,6.111789557730958e-12,0.8758620689655172,2.3293160381410213e-10
CG_left,AD,middle_mean,pipeline_02,pipeline_03,30,0.895640966753548,2.3272960089579046e-11,0.8918798665183537,3.7301667716580486e-11
CG_left,AD,distal_mean,pipeline_01,pipeline_02,30,0.8232381506262423,2.3310866674083358e-08,0.8149054505005562,4.20520821933121e-08
CG_left,AD,distal_mean,pipeline_01,pipeline_03,30,0.7728094345131351,5.595592620311468e-07,0.7864293659621803,2.5802908166887586e-07
CG_left,AD,distal_mean,pipeline_02,pipeline_03,30,0.8761610174929334,2.2563248029788393e-10,0.9261401557285873,2.232462967641192e-13
CG_left,FA,mean,pipeline_01,pipeline_02,30,0.848794123058662,3.094747252208436e-09,0.8803114571746384,1.437763334130354e-10
CG_left,FA,mean,pipeline_01,pipeline_03,30,0.9309410285592898,8.978589175517121e-14,0.9328142380422692,6.181531174921562e-14
CG_left,FA,mean,pipeline_02,pipeline_03,30,0.8903072316359555,4.5203961487499174e-11,0.889210233592881,5.1599107822800474e-11
CG_left,FA,median,pipeline_01,pipeline_02,30,0.8070979380933344,7.121447809696291e-08,0.8745272525027808,2.6824791546951216e-10
CG_left,FA,median,pipeline_01,pipeline_03,30,0.8846392928884832,8.826433178645821e-11,0.8807563959955507,1.3686102732169856e-10
CG_left,FA,median,pipeline_02,pipeline_03,30,0.8752714534518693,2.479941357432726e-10,0.8589543937708565,1.248245247123054e-09
CG_left,FA,sd,pipeline_01,pipeline_02,30,0.6756824939538278,4.179653678423479e-05,0.7032258064516129,1.4634993487763894e-05
CG_left,FA,sd,pipeline_01,pipeline_03,30,0.6725458223280657,4.677768819759736e-05,0.6791991101223581,3.6781067464206516e-05
CG_left,FA,sd,pipeline_02,pipeline_03,30,0.8068818671870928,7.223590230364873e-08,0.8144605116796441,4.3362061221556765e-08
CG_left,FA,proximal_mean,pipeline_01,pipeline_02,30,0.39257976239328995,0.03188297745000493,0.45272525027808674,0.012001048950604458
CG_left,FA,proximal_mean,pipeline_01,pipeline_03,30,0.5880897051551913,0.0006314493408535436,0.5697441601779756,0.0010145047374310252
CG_left,FA,proximal_mean,pipeline_02,pipeline_03,30,0.4871312132224032,0.006330770197809329,0.5345939933259177,0.0023393586016303633
CG_left,FA,middle_mean,pipeline_01,pipeline_02,30,0.7610575677703247,1.0471780128790419e-06,0.7294771968854282,4.799281888062905e-06
CG_left,FA,middle_mean,pipeline_01,pipeline_03,30,0.8950080300267105,2.5227146046165322e-11,0.8531701890989989,2.110565351567339e-09
CG_left,FA,middle_mean,pipeline_02,pipeline_03,30,0.8257876428261597,1.9341960641196678e-08,0.7957730812013347,1.4681133721352516e-07
CG_left,FA,distal_mean,pipeline_01,pipeline_02,30,0.6340575723168101,0.0001684234844317499,0.5047830923248053,0.004443713226187153
CG_left,FA,distal_mean,pipeline_01,pipeline_03,30,0.6398398871090241,0.00014048579007946505,0.5781979977753059,0.0008182126424912135
CG_left,FA,distal_mean,pipeline_02,pipeline_03,30,0.6342979234292362,0.0001671706564431534,0.6093437152391545,0.0003515038950531992
CG_left,MD,mean,pipeline_01,pipeline_02,30,0.9867875524106201,1.1162386082573147e-23,0.9879866518353726,2.9680077148912373e-24
CG_left,MD,mean,pipeline_01,pipeline_03,30,0.9630657923441546,1.7170951263802565e-17,0.9697441601779755,1.0964291247237323e-18
CG_left,MD,mean,pipeline_02,pipeline_03,30,0.975278826243377,6.70471166180454e-20,0.9808676307007785,1.91886425666243e-21
CG_left,MD,median,pipeline_01,pipeline_02,30,0.9760423531355372,4.3417481665319263e-20,0.9826473859844269,4.944445418518736e-22
CG_left,MD,median,pipeline_01,pipeline_03,30,0.9740605919745057,1.304991716939035e-19,0.9781979977753059,1.1752578371893178e-20
CG_left,MD,median,pipeline_02,pipeline_03,30,0.9715527082226728,4.677912458023662e-19,0.9733036707452726,1.9429915182756103e-19
CG_left,MD,sd,pipeline_01,pipeline_02,30,0.8014247332781909,1.0291007889233368e-07,0.8077864293659621,6.804709031073698e-08
CG_left,MD,sd,pipeline_01,pipeline_03,30,0.6468365774322181,0.00011224043796500234,0.7668520578420467,7.722818965214995e-07
CG_left,MD,sd,pipeline_02,pipeline_03,30,0.8694127764373558,4.5412634956805144e-10,0.8349276974416019,9.657131888203047e-09
CG_left,MD,proximal_mean,pipeline_01,pipeline_02,30,0.6862529112294006,2.8313431317723777e-05,0.6169076751946607,0.00028246928659043425
CG_left,MD,proximal_mean,pipeline_01,pipeline_03,30,0.7569157942696421,1.2951353094702835e-06,0.7147942157953281,9.089391240101022e-06
CG_left,MD,proximal_mean,pipeline_02,pipeline_03,30,0.7053144611125989,1.345130321888973e-05,0.6529477196885429,9.183179597846292e-05
CG_left,MD,middle_mean,pipeline_01,pipeline_02,30,0.9757591598610676,5.1092787076131177e-20,0.9764182424916574,3.4874952908904306e-20
CG_left,MD,middle_mean,pipeline_01,pipeline_03,30,0.9733532837078416,1.8936218224262564e-19,0.9741935483870968,1.2153947550117748e-19
CG_left,MD,middle_mean,pipeline_02,pipeline_03,30,0.9720419027748551,3.6803641136716676e-19,0.9688542825361514,1.636257249785118e-18
CG_left,MD,distal_mean,pipeline_01,pipeline_02,30,0.6789351638691732,3.7137870250628945e-05,0.7365962180200223,3.4693873748761958e-06
CG_left,MD,distal_mean,pipeline_01,pipeline_03,30,0.6587288295548013,7.564086303241951e-05,0.7383759733036708,3.193932646501629e-06
CG_left,MD,distal_mean,pipeline_02,pipeline_03,30,0.711652114181433,1.036801273177935e-05,0.7379310344827587,3.260875139385032e-06
CG_left,RD,mean,pipeline_01,pipeline_02,30,0.9504098810247313,9.824949622338715e-16,0.9768631813125697,2.678445187519142e-20
CG_left,RD,mean,pipeline_01,pipeline_03,30,0.9678575191572902,2.5276851579715025e-18,0.9608453837597329,3.835332200394257e-17
CG_left,RD,mean,pipeline_02,pipeline_03,30,0.9441309810426666,5.014830070842762e-15,0.946607341490545,2.69953306337743e-15
CG_left,RD,median,pipeline_01,pipeline_02,30,0.9303978253755001,9.985497217151794e-14,0.950611790878754,9.291117714110768e-16
CG_left,RD,median,pipeline_01,pipeline_03,30,0.9555611637905963,2.1844146007662377e-16,0.9385984427141268,1.8172297078097993e-14
CG_left,RD,median,pipeline_02,pipeline_03,30,0.9343804275703003,4.486760737195965e-14,0.9408231368186873,1.0991246064735174e-14
CG_left,RD,sd,pipeline_01,pipeline_02,30,0.8314725074624195,1.2617662280219052e-08,0.7619577308120132,9.993525212119574e-07
CG_left,RD,sd,pipeline_01,pipeline_03,30,0.6781188308038147,3.826109810136711e-05,0.6925472747497218,2.2281308033878446e-05
CG_left,RD,sd,pipeline_02,pipeline_03,30,0.8331405323840971,1.1097965358094205e-08,0.8246941045606229,2.0961701437308364e-08
CG_left,RD,proximal_mean,pipeline_01,pipeline_02,30,0.47063677401535176,0.008671167330544648,0.47185761957730815,0.00847595529962536
CG_left,RD,proximal_mean,pipeline_01,pipeline_03,30,0.6396866348733079,0.00014116946301685155,0.6209121245828698,0.0002510200909706367
CG_left,RD,proximal_mean,pipeline_02,pipeline_03,30,0.44205406798282304,0.014451511869196215,0.4829810901001112,0.006862029611424808
CG_left,RD,middle_mean,pipeline_01,pipeline_02,30,0.8879171113211218,6.020258735915344e-11,0.8798665183537263,1.5101174757474356e-10
CG_left,RD,middle_mean,pipeline_01,pipeline_03,30,0.9463750261187077,2.8645701277678663e-15,0.9265850945494994,2.0571113896740802e-13
CG_left,RD,middle_mean,pipeline_02,pipeline_03,30,0.9018940037960138,1.0195556551142892e-11,0.8954393770856508,2.387968206337614e-11
CG_left,RD,distal_mean,pipeline_01,pipeline_02,30,0.5782095884751237,0.0008179681831054955,0.5141268075639599,0.003656557631935465
CG_left,RD,distal_mean,pipeline_01,pipeline_03,30,0.5947678378021548,0.000527601763499077,0.6369299221357063,0.0001539830830353659
CG_left,RD,distal_mean,pipeline_02,pipeline_03,30,0.5852108124937687,0.0006814898908514302,0.5995550611790879,0.00046271291661928205
CG_right,AD,mean,pipeline_01,pipeline_02,30,0.9253951001348901,2.5572927306111464e-13,0.9239154616240266,3.33545522203805e-13
CG_right,AD,mean,pipeline_01,pipeline_03,30,0.9156434232839495,1.3430081272538584e-12,0.8598442714126807,1.1489911489309453e-09
CG_right,AD,mean,pipeline_02,pipeline_03,30,0.9516023523151369,7.03961553419078e-16,0.9474972191323694,2.1453585722297616e-15
CG_right,AD,median,pipeline_01,pipeline_02,30,0.8989954996467971,1.5047248598566784e-11,0.8767519466073415,2.118193121629229e-10
CG_right,AD,median,pipeline_01,pipeline_03,30,0.8848146935684941,8.650086138784857e-11,0.8687430478309233,4.857439131494256e-10
CG_right,AD,median,pipeline_02,pipeline_03,30,0.9551878082118692,2.450195705017624e-16,0.9301446051167965,1.048965988077813e-13
CG_right,AD,sd,pipeline_01,pipeline_02,30,0.7455779373397579,2.2697775364350273e-06,0.7058954393770857,1.313773955710797e-05
CG_right,AD,sd,pipeline_01,pipeline_03,30,0.7891678188080807,2.1935924315781662e-07,0.7348164627363738,3.7661507008955056e-06
CG_right,AD,sd,pipeline_02,pipeline_03,30,0.6972834301346857,1.853249423254043e-05,0.6983314794215795,1.7783834821800805e-05
CG_right,AD,proximal_mean,pipeline_01,pipeline_02,30,0.9337220323994702,5.1386300214022097e-14,0.9457174638487208,3.383664483160482e-15
CG_right,AD,proximal_mean,pipeline_01,pipeline_03,30,0.8917142507251581,3.806943004621399e-11,0.9403781979977753,1.2172712081965347e-14
CG_right,AD,proximal_mean,pipeline_02,pipeline_03,30,0.9424401493581762,7.532996791705445e-15,0.9452725250278088,3.7828584532374934e-15
CG_right,AD,middle_mean,pipeline_01,pipeline_02,30,0.8938121525642639,2.93377131574463e-11,0.8696329254727476,4.4415362112600256e-10
CG_right,AD,middle_mean,pipeline_01,pipeline_03,30,0.8653592671476926,6.787312025893922e-10,0.8843159065628475,9.16026410884325e-11
CG_right,AD,middle_mean,pipeline_02,pipeline_03,30,0.9216782872353781,4.934625555137336e-13,0.8834260289210233,1.0139781799831233e-10
CG_right,AD,distal_mean,pipeline_01,pipeline_02,30,0.8458520803301726,3.976341710472662e-09,0.8162402669632925,3.8336033631658516e-08
CG_right,AD,distal_mean,pipeline_01,pipeline_03,30,0.8228412824204633,2.3991691035053507e-08,0.7481646273637375,2.002215023660987e-06
CG_right,AD,distal_mean,pipeline_02,pipeline_03,30,0.8857563230133004,7.757544466680523e-11,0.8100111234705227,5.867098866583867e-08
CG_right,FA,mean,pipeline_01,pipeline_02,30,0.8431946215068148,4.964734850419496e-09,0.868298109010011,5.078541726437398e-10
CG_right,FA,mean,pipeline_01,pipeline_03,30,0.8401897718723104,6.350378257318119e-09,0.8883203559510566,5.738764358101427e-11
CG_right,FA,mean,pipeline_02,pipeline_03,30,0.9179128461828786,9.299780277107203e-13,0.8763070077864292,2.2214495202321633e-10
CG_right,FA,median,pipeline_01,pipeline_02,30,0.8645413553800039,7.349042064748878e-10,0.8763070077864292,2.2214495202321633e-10
CG_right,FA,median,pipeline_01,pipeline_03,30,0.8980841149944034,1.6965237460857194e-11,0.9007786429365963,1.1859696666342361e-11
CG_right,FA,median,pipeline_02,pipeline_03,30,0.9498960188376339,1.1314236027600282e-15,0.9559510567296997,1.9355402373482246e-16
CG_right,FA,sd,pipeline_01,pipeline_02,30,0.7969892625591543,1.361323161624537e-07,0.8126807563959955,4.8983397775533394e-08
CG_right,FA,sd,pipeline_01,pipeline_03,30,0.8018675562385924,1.0003721441226146e-07,0.7975528364849833,1.3142805434519077e-07
CG_right,FA,sd,pipeline_02,pipeline_03,30,0.8165033311376668,3.764007688519981e-08,0.8304783092324804,1.3611728930321104e-08
CG_right,FA,proximal_mean,pipeline_01,pipeline_02,30,0.870904224243663,3.903934477708805e-10,0.8589543937708565,1.248245247123054e-09
CG_right,FA,proximal_mean,pipeline_01,pipeline_03,30,0.7992824421124155,1.1790080960920503e-07,0.7739710789766406,5.248977098047108e-07
CG_right,FA,proximal_mean,pipeline_02,pipeline_03,30,0.8428808767649246,5.095204902714957e-09,0.7632925472747497,9.320766175621384e-07
CG_right,FA,middle_mean,pipeline_01,pipeline_02,30,0.841561651574392,5.678914431486586e-09,0.8371523915461624,8.103332385136861e-09
CG_right,FA,middle_mean,pipeline_01,pipeline_03,30,0.8113233955772408,5.370953045030355e-08,0.8077864293659621,6.804709031073698e-08
CG_right,FA,middle_mean,pipeline_02,pipeline_03,30,0.9053704932591876,6.28941296999208e-12,0.8629588431590656,8.558865991430918e-10
CG_right,FA,distal_mean,pipeline_01,pipeline_02,30,0.7816578466679783,3.4051217371209045e-07,0.7014460511679643,1.5716676981824593e-05
CG_right,FA,distal_mean,pipeline_01,pipeline_03,30,0.7446178199846876,2.3770546165157696e-06,0.7303670745272525,4.611048916880064e-06
CG_right,FA,distal_mean,pipeline_02,pipeline_03,30,0.8275596641791755,1.6958651631804636e-08,0.8095661846496106,6.044595576817773e-08
CG_right,MD,mean,pipeline_01,pipeline_02,30,0.981285298894672,1.412381177507623e-21,0.9781979977753059,1.1752578371893178e-20
CG_right,MD,mean,pipeline_01,pipeline_03,30,0.986496236419096,1.512121287440052e-23,0.9795328142380423,4.892689467906461e-21
CG_right,MD,mean,pipeline_02,pipeline_03,30,0.9890268699023579,8.405241333288815e-25,0.9919911012235817,1.0418011687206834e-26
CG_right,MD,median,pipeline_01,pipeline_02,30,0.9800183657661444,3.506377697409249e-21,0.971523915461624,4.743797189843295e-19
CG_right,MD,median,pipeline_01,pipeline_03,30,0.9790862760507973,6.600634253959613e-21,0.9768631813125697,2.678445187519142e-20
CG_right,MD,median,pipeline_02,pipeline_03,30,0.9880461007951352,2.7698729618978903e-24,0.9826473859844269,4.944445418518736e-22
CG_right,MD,sd,pipeline_01,pipeline_02,30,0.8428490743294244,5.108603749579692e-09,0.8638487208008899,7.857786277701831e-10
CG_right,MD,sd,pipeline_01,pipeline_03,30,0.81483728035702,4.225041272943166e-08,0.7899888765294771,2.0884002542244172e-07
CG_right,MD,sd,pipeline_02,pipeline_03,30,0.7924683267580676,1.7980067971335387e-07,0.789098998887653,2.2026250403768732e-07
CG_right,MD,proximal_mean,pipeline_01,pipeline_02,30,0.9834297695000896,2.6042669457644065e-22,0.9741935483870968,1.2153947550117748e-19
CG_right,MD,proximal_mean,pipeline_01,pipeline_03,30,0.9871669531026744,7.440694723745714e-24,0.9661846496106785,5.0901825690881994e-18
CG_right,MD,proximal_mean,pipeline_02,pipeline_03,30,0.9876846500910738,4.193944965383549e-24,0.9652947719688543,7.28260844892818e-18
CG_right,MD,middle_mean,pipeline_01,pipeline_02,30,0.9838152835625552,1.877501301793062e-22,0.9835372636262512,2.3790273272380874e-22
CG_right,MD,middle_mean,pipeline_01,pipeline_03,30,0.9850774658704189,6.070906371641147e-23,0.9822024471635149,7.028643475181757e-22
CG_right,MD,middle_mean,pipeline_02,pipeline_03,30,0.9862727859155378,1.9001175605762214e-23,0.9888765294771968,1.015989130476539e-24
CG_right,MD,distal_mean,pipeline_01,pipeline_02,30,0.9271065788365483,1.8678188242726526e-13,0.935483870967742,3.562990060341997e-14
CG_right,MD,distal_mean,pipeline_01,pipeline_03,30,0.9524626943158937,5.505654907437987e-16,0.9470522803114572,2.4077371662628666e-15
CG_right,MD,distal_mean,pipeline_02,pipeline_03,30,0.9514660204247759,7.316190332895028e-16,0.957730812013348,1.0985505629969911e-16
CG_right,RD,mean,pipeline_01,pipeline_02,30,0.9304825903751179,9.821795627505431e-14,0.9328142380422692,6.181531174921562e-14
CG_right,RD,mean,pipeline_01,pipeline_03,30,0.9321405236979798,7.078353071934552e-14,0.9381535038932147,2.004955918969441e-14
CG_right,RD,mean,pipeline_02,pipeline_03,30,0.9653727932530517,7.060110913803986e-18,0.9430478309232482,6.517466879459783e-15
CG_right,RD,median,pipeline_01,pipeline_02,30,0.9293739143262955,1.2172468169147934e-13,0.9110122358175751,2.7564618540786188e-12
CG_right,RD,median,pipeline_01,pipeline_03,30,0.9426876832724251,7.102858725956407e-15,0.9256952169076751,2.421529832412639e-13
CG_right,RD,median,pipeline_02,pipeline_03,30,0.9696761348544239,1.1309768852911864e-18,0.9394883203559511,1.4895551806856827e-14
CG_right,RD,sd,pipeline_01,pipeline_02,30,0.8144897953721265,4.3274712098793e-08,0.8607341490545051,1.05702997911381e-09
CG_right,RD,sd,pipeline_01,pipeline_03,30,0.7569961563456925,1.2898570662328977e-06,0.7748609566184649,4.996783934529809e-07
CG_right,RD,sd,pipeline_02,pipeline_03,30,0.790723702697727,1.9981745684664626e-07,0.7681868743047832,7.190842560194643e-07
CG_right,RD,proximal_mean,pipeline_01,pipeline_02,30,0.9524370980312953,5.546423690914737e-16,0.9136818687430479,1.830088373126793e-12
CG_right,RD,proximal_mean,pipeline_01,pipeline_03,30,0.9352509491480143,3.7419192815143075e-14,0.8687430478309233,4.857439131494256e-10
CG_right,RD,proximal_mean,pipeline_02,pipeline_03,30,0.9455553290271406,3.5243829582005307e-15,0.8424916573971077,5.261425710782631e-09
CG_right,RD,middle_mean,pipeline_01,pipeline_02,30,0.8968259610184364,1.9984272031946826e-11,0.89321468298109,3.1614691837248274e-11
CG_right,RD,middle_mean,pipeline_01,pipeline_03,30,0.8825375425639627,1.121310146342326e-10,0.868298109010011,5.078541726437398e-10
CG_right,RD,middle_mean,pipeline_02,pipeline_03,30,0.9397286653757025,1.4109432574007862e-14,0.8989988876529477,1.5040507395775443e-11
CG_right,RD,distal_mean,pipeline_01,pipeline_02,30,0.8365068306782839,8.528782224796074e-09,0.8313681868743048,1.2718756108445022e-08
CG_right,RD,distal_mean,pipeline_01,pipeline_03,30,0.8500882218650969,2.767036619196067e-09,0.8669632925472748,5.798530562913077e-10
CG_right,RD,distal_mean,pipeline_02,pipeline_03,30,0.8835351317755866,1.0014711695398965e-10,0.8820912124582869,1.179084633877824e-10
IFO_left,AD,mean,pipeline_01,pipeline_02,30,0.9353753836002382,3.6453218696335195e-14,0.8634037819799777,8.201449286299971e-10
IFO_left,AD,mean,pipeline_01,pipeline_03,30,0.9543363411712622,3.1721597115666655e-16,0.9123470522803115,2.2496669256478544e-12
IFO_left,AD,mean,pipeline_02,pipeline_03,30,0.96653407863146,4.41074949394362e-18,0.9345939933259176,4.2923155785956346e-14
IFO_left,AD,median,pipeline_01,pipeline_02,30,0.9135527684802591,1.867262275554692e-12,0.850055617352614,2.7748862781578192e-09
IFO_left,AD,median,pipeline_01,pipeline_03,30,0.9397325259384217,1.4097124474663288e-14,0.8794215795328141,1.5858072719095529e-10
IFO_left,AD,median,pipeline_02,pipeline_03,30,0.9569943424724638,1.3927273767272111e-16,0.8820912124582869,1.179084633877824e-10
IFO_left,AD,sd,pipeline_01,pipeline_02,30,0.8308334108245191,1.3248730790446881e-08,0.8082313681868742,6.606913699199895e-08
IFO_left,AD,sd,pipeline_01,pipeline_03,30,0.9350075039727043,3.937780287600332e-14,0.9439377085650723,5.2569194365302185e-15
IFO_left,AD,sd,pipeline_02,pipeline_03,30,0.8704270804943688,4.0982712542768054e-10,0.8077864293659621,6.804709031073698e-08
IFO_left,AD,proximal_mean,pipeline_01,pipeline_02,30,0.9254134858175239,2.548777680609568e-13,0.8825361512791992,1.1214861189699453e-10
IFO_left,AD,proximal_mean,pipeline_01,pipeline_03,30,0.9060598061375156,5.7023394912984164e-12,0.8825361512791992,1.1214861189699453e-10
IFO_left,AD,proximal_mean,pipeline_02,pipeline_03,30,0.9635629977817806,1.4246881961007466e-17,0.9492769744160177,1.33849880230039e-15
IFO_left,AD,middle_mean,pipeline_01,pipeline_02,30,0.7645308957639472,8.733671403889662e-07,0.7005561735261402,1.6284029560970613e-05
IFO_left,AD,middle_mean,pipeline_01,pipeline_03,30,0.7415697883331184,2.7487440161264655e-06,0.6809788654060066,3.445428260548307e-05
IFO_left,AD,middle_mean,pipeline_02,pipeline_03,30,0.8830152383983146,1.0623695809436417e-10,0.8482758620689654,3.2356884704942855e-09
IFO_left,AD,distal_mean,pipeline_01,pipeline_02,30,0.8886442245544569,5.521509337598382e-11,0.8758620689655172,2.3293160381410213e-10
IFO_left,AD,distal_mean,pipeline_01,pipeline_03,30,0.9247992100048166,2.8479189996140774e-13,0.9163515016685205,1.1988494312026782e-12
IFO_left,AD,distal_mean,pipeline_02,pipeline_03,30,0.9278268116960616,1.6327539631269283e-13,0.8985539488320357,1.5950028657760517e-11
IFO_left,FA,mean,pipeline_01,pipeline_02,30,0.9734512587423244,1.7995245174439077e-19,0.9617352614015572,2.795176150131107e-17
IFO_left,FA,mean,pipeline_01,pipeline_03,30,0.9648756297722648,8.593228976722991e-18,0.9426028921023359,7.247573433201747e-15
IFO_left,FA,mean,pipeline_02,pipeline_03,30,0.9708858979295804,6.443877319838948e-19,0.9630700778642937,1.714353225196571e-17
IFO_left,FA,median,pipeline_01,pipeline_02,30,0.932468883936387,6.627227300691702e-14,0.907007786429366,4.977252303651593e-12
IFO_left,FA,median,pipeline_01,pipeline_03,30,0.9432182095298867,6.256373339805219e-15,0.9630700778642937,1.714353225196571e-17
IFO_left,FA,median,pipeline_02,pipeline_03,30,0.9405208981644145,1.1781584609940805e-14,0.9390433815350391,1.645869168712922e-14
IFO_left,FA,sd,pipeline_01,pipeline_02,30,0.6430005932386499,0.000127026424448495,0.6743047830923248,4.392270180978965e-05
IFO_left,FA,sd,pipeline_01,pipeline_03,30,0.5651739219299933,0.0011368639105458745,0.56440489432703,0.001158671516331559
IFO_left,FA,sd,pipeline_02,pipeline_03,30,0.8943696632221915,2.7350212544192775e-11,0.8669632925472748,5.798530562913077e-10
IFO_left,FA,proximal_mean,pipeline_01,pipeline_02,30,0.820996393129725,2.740177711407601e-08,0.7726362625139044,5.64900933967551e-07
IFO_left,FA,proximal_mean,pipeline_01,pipeline_03,30,0.827207966666732,1.740912355206179e-08,0.8229143492769745,2.3864995934415312e-08
IFO_left,FA,proximal_mean,pipeline_02,pipeline_03,30,0.9149863247426571,1.4909332431576987e-12,0.868298109010011,5.078541726437398e-10
IFO_left,FA,middle_mean,pipeline_01,pipeline_02,30,0.9358567139083427,3.2929583309122085e-14,0.8816462736373749,1.2393935229207427e-10
IFO_left,FA,middle_mean,pipeline_01,pipeline_03,30,0.932308991869233,6.843471123679352e-14,0.8985539488320357,1.5950028657760517e-11
IFO_left,FA,middle_mean,pipeline_02,pipeline_03,30,0.9603535085090528,4.553959524637308e-17,0.9190211345939931,7.741983213747156e-13
IFO_left,FA,distal_mean,pipeline_01,pipeline_02,30,0.8490371920258788,3.030603683825391e-09,0.80734149054505,7.007895815036344e-08
IFO_left,FA,distal_mean,pipeline_01,pipeline_03,30,0.8957235877043528,2.302842485404873e-11,0.8776418242491658,1.924795959810472e-10
IFO_left,FA,distal_mean,pipeline_02,pipeline_03,30,0.952464210736259,5.503248334522752e-16,0.9199110122358174,6.669581415126386e-13
IFO_left,MD,mean,pipeline_01,pipeline_02,30,0.9443528971510986,4.749597614263594e-15,0.9163515016685205,1.1988494312026782e-12
IFO_left,MD,mean,pipeline_01,pipeline_03,30,0.9662527872826718,4.9505316040942825e-18,0.9127919911012237,2.100850903015918e-12
IFO_left,MD,mean,pipeline_02,pipeline_03,30,0.9700655587478146,9.460322985332513e-19,0.9230255839822022,3.9032710919140176e-13
IFO_left,MD,median,pipeline_01,pipeline_02,30,0.9498043655580235,1.1600862257658033e-15,0.9007786429365963,1.1859696666342361e-11
IFO_left,MD,median,pipeline_01,pipeline_03,30,0.9327742016495486,6.231741996238277e-14,0.8834260289210233,1.0139781799831233e-10
IFO_left,MD,median,pipeline_02,pipeline_03,30,0.9623109887165532,2.2686933894405462e-17,0.9550611790878754,2.546931312906399e-16
IFO_left,MD,sd,pipeline_01,pipeline_02,30,0.8830450773591002,1.0587842317908504e-10,0.8340378197997775,1.035164145582153e-08
IFO_left,MD,sd,pipeline_01,pipeline_03,30,0.9545953054158094,2.9340806418717106e-16,0.9541713014460511,3.3330874675891115e-16
IFO_left,MD,sd,pipeline_02,pipeline_03,30,0.9161304473788849,1.2422426284551432e-12,0.8398220244716351,6.542335959065079e-09
IFO_left,MD,proximal_mean,pipeline_01,pipeline_02,30,0.8982070782813509,1.669394190199079e-11,0.8954393770856508,2.387968206337614e-11
IFO_left,MD,proximal_mean,pipeline_01,pipeline_03,30,0.936313734711381,2.987784696233848e-14,0.9581757508342603,9.498913999882393e-17
IFO_left,MD,proximal_mean,pipeline_02,pipeline_03,30,0.9724336114273296,3.0279402756815135e-19,0.9555061179087875,2.2218455151922596e-16
IFO_left,MD,middle_mean,pipeline_01,pipeline_02,30,0.8671960963482782,5.666570008111879e-10,0.8340378197997775,1.035164145582153e-08
IFO_left,MD,middle_mean,pipeline_01,pipeline_03,30,0.7834363371524862,3.0731381993369077e-07,0.7757508342602891,4.7556553157852695e-07
IFO_left,MD,middle_mean,pipeline_02,pipeline_03,30,0.8989353635924292,1.516736705200555e-11,0.8718576195773081,3.540750489516485e-10
IFO_left,MD,distal_mean,pipeline_01,pipeline_02,30,0.9142880680683021,1.6644915746369976e-12,0.8914349276974416,3.939735825920679e-11
IFO_left,MD,distal_mean,pipeline_01,pipeline_03,30,0.9544281651929101,3.085767840993706e-16,0.9430478309232482,6.517466879459783e-15
IFO_left,MD,distal_mean,pipeline_02,pipeline_03,30,0.9535010616987124,4.067441512114859e-16,0.9003337041156841,1.2590758000574296e-11
IFO_left,RD,mean,pipeline_01,pipeline_02,30,0.9490440673733569,1.4250980082580253e-15,0.9007786429365963,1.1859696666342361e-11
IFO_left,RD,mean,pipeline_01,pipeline_03,30,0.9691643467834931,1.425106178429506e-18,0.9439377085650723,5.2569194365302185e-15
IFO_left,RD,mean,pipeline_02,pipeline_03,30,0.9703317982296893,8.361760476701292e-19,0.9252502780867631,2.625289032084569e-13
IFO_left,RD,median,pipeline_01,pipeline_02,30,0.9506451247431286,9.205611950405791e-16,0.9363737486095662,2.9497129523417124e-14
IFO_left,RD,median,pipeline_01,pipeline_03,30,0.9543415724547024,3.1671783863433735e-16,0.9199110122358174,6.669581415126386e-13
IFO_left,RD,median,pipeline_02,pipeline_03,30,0.9730775196577895,2.1835200719551917e-19,0.9328142380422692,6.181531174921562e-14
IFO_left,RD,sd,pipeline_01,pipeline_02,30,0.9062207976614377,5.5727126495895854e-12,0.7975528364849833,1.3142805434519077e-07
IFO_left,RD,sd,pipeline_01,pipeline_03,30,0.9694270967902001,1.266246910061235e-18,0.9305895439377085,9.61878047778942e-14
IFO_left,RD,sd,pipeline_02,pipeline_03,30,0.9292823398876172,1.2388195893407655e-13,0.8771968854282535,2.0193665667066368e-10
IFO_left,RD,proximal_mean,pipeline_01,pipeline_02,30,0.8691974217049617,4.640805889468043e-10,0.7530589543937708,1.572714703088762e-06
IFO_left,RD,proximal_mean,pipeline_01,pipeline_03,30,0.9097957551957404,3.308026169517987e-12,0.9127919911012237,2.100850903015918e-12
IFO_left,RD,proximal_mean,pipeline_02,pipeline_03,30,0.9574125612389759,1.2177894530527359e-16,0.8852057842046718,8.268497306386389e-11
IFO_left,RD,middle_mean,pipeline_01,pipeline_02,30,0.9128011707325643,2.097878570183999e-12,0.8785317018909901,1.747757704194937e-10
IFO_left,RD,middle_mean,pipeline_01,pipeline_03,30,0.8379535107765036,7.60241348555428e-09,0.8211345939933259,2.7131748359304468e-08
IFO_left,RD,middle_mean,pipeline_02,pipeline_03,30,0.9190604781454023,7.691392428191156e-13,0.8562847608453837,1.5951566126511384e-09
IFO_left,RD,distal_mean,pipeline_01,pipeline_02,30,0.9175152932311366,9.9257017245441e-13,0.8709677419354839,3.878712976429983e-10
IFO_left,RD,distal_mean,pipeline_01,pipeline_03,30,0.9600151420744611,5.1186200112353643e-17,0.9270300333704115,1.8945574401723894e-13
IFO_left,RD,distal_mean,pipeline_02,pipeline_03,30,0.9640182064164543,1.198121870896805e-17,0.921690767519466,4.924014648993572e-13
IFO_right,AD,mean,pipeline_01,pipeline_02,30,0.9546487823658968,2.8870248564417354e-16,0.950611790878754,9.291117714110768e-16
IFO_right,AD,mean,pipeline_01,pipeline_03,30,0.959943102574812,5.246916983063122e-17,0.9595105672969966,6.081985132499462e-17
IFO_right,AD,mean,pipeline_02,pipeline_03,30,0.9553507161030722,2.3307462277438724e-16,0.9532814238042269,4.338927174143656e-16
IFO_right,AD,median,pipeline_01,pipeline_02,30,0.9305182248707451,9.753720010196881e-14,0.9123470522803115,2.2496669256478544e-12
IFO_right,AD,median,pipeline_01,pipeline_03,30,0.9081866222078474,4.194289705712233e-12,0.9190211345939931,7.741983213747156e-13
IFO_right,AD,median,pipeline_02,pipeline_03,30,0.9112802054882754,2.6469758186332402e-12,0.9270300333704115,1.8945574401723894e-13
IFO_right,AD,sd,pipeline_01,pipeline_02,30,0.9257811757499448,2.3838896351447807e-13,0.8941045606229142,2.8279288578362313e-11
IFO_right,AD,sd,pipeline_01,pipeline_03,30,0.9156660350621285,1.3381676205912943e-12,0.8820912124582869,1.179084633877824e-10
IFO_right,AD,sd,pipeline_02,pipeline_03,30,0.9149308276922329,1.5040910057544333e-12,0.935483870967742,3.562990060341997e-14
IFO_right,AD,proximal_mean,pipeline_01,pipeline_02,30,0.8949032719746534,2.5564794557478747e-11,0.8705228031145716,4.0585857280067005e-10
IFO_right,AD,proximal_mean,pipeline_01,pipeline_03,30,0.9042845070650056,7.328298899009796e-12,0.885650723025584,7.853239539247894e-11
IFO_right,AD,proximal_mean,pipeline_02,pipeline_03,30,0.937937641337633,2.102348043125276e-14,0.9194660734149054,7.187342174848105e-13
IFO_right,AD,middle_mean,pipeline_01,pipeline_02,30,0.8806044789593599,1.3918697150654015e-10,0.8460511679644049,3.910105242776447e-09
IFO_right,AD,middle_mean,pipeline_01,pipeline_03,30,0.8701729688347806,4.205359393784876e-10,0.8949944382647386,2.5270720912500728e-11
IFO_right,AD,middle_mean,pipeline_02,pipeline_03,30,0.8861745152664422,7.3890209301592e-11,0.9078976640711901,4.374924195948264e-12
IFO_right,AD,distal_mean,pipeline_01,pipeline_02,30,0.9395956813534455,1.4539522636031324e-14,0.9345939933259176,4.2923155785956346e-14
IFO_right,AD,distal_mean,pipeline_01,pipeline_03,30,0.9132889898685999,1.945391475557356e-12,0.9154616240266963,1.3825171107677713e-12
IFO_right,AD,distal_mean,pipeline_02,pipeline_03,30,0.9348324172181091,4.0844549461470264e-14,0.9559510567296997,1.9355402373482246e-16
IFO_right,FA,mean,pipeline_01,pipeline_02,30,0.9523772500605131,5.642839993386421e-16,0.9434927697441602,5.8559004840622505e-15
IFO_right,FA,mean,pipeline_01,pipeline_03,30,0.9378880489688518,2.1253321060853913e-14,0.9123470522803115,2.2496669256478544e-12
IFO_right,FA,mean,pipeline_02,pipeline_03,30,0.9658190216120472,5.903964516242823e-18,0.9470522803114572,2.4077371662628666e-15
IFO_right,FA,median,pipeline_01,pipeline_02,30,0.9176513545219731,9.707235016682794e-13,0.8812013348164627,1.3025286362129406e-10
IFO_right,FA,median,pipeline_01,pipeline_03,30,0.8865613001641669,7.062586041449676e-11,0.8438264738598443,4.711225004332844e-09
IFO_right,FA,median,pipeline_02,pipeline_03,30,0.8964767264276297,2.090596958475113e-11,0.8709677419354839,3.878712976429983e-10
IFO_right,FA,sd,pipeline_01,pipeline_02,30,0.7294412379779117,4.807032012368193e-06,0.7650723025583982,8.487708184692093e-07
IFO_right,FA,sd,pipeline_01,pipeline_03,30,0.6341840918786795,0.00016776296715623797,0.5617352614015573,0.0012372342685145242
IFO_right,FA,sd,pipeline_02,pipeline_03,30,0.8121866439907366,5.0657969111987685e-08,0.7508342602892103,1.756340208530266e-06
IFO_right,FA,proximal_mean,pipeline_01,pipeline_02,30,0.8035940454004958,8.952133147217491e-08,0.8046718576195773,8.34784972336776e-08
IFO_right,FA,proximal_mean,pipeline_01,pipeline_03,30,0.8116934435576615,5.238143612850261e-08,0.8309232480533927,1.3158311116458195e-08
IFO_right,FA,proximal_mean,pipeline_02,pipeline_03,30,0.8663667954904964,6.149633152335459e-10,0.8972191323692991,1.899149691033417e-11
IFO_right,FA,middle_mean,pipeline_01,pipeline_02,30,0.926434134337245,2.115126069336376e-13,0.921690767519466,4.924014648993572e-13
IFO_right,FA,middle_mean,pipeline_01,pipeline_03,30,0.9339825092534557,4.8709296123918804e-14,0.9163515016685205,1.1988494312026782e-12
IFO_right,FA,middle_mean,pipeline_02,pipeline_03,30,0.9363894349787864,2.939835986926022e-14,0.9363737486095662,2.9497129523417124e-14
IFO_right,FA,distal_mean,pipeline_01,pipeline_02,30,0.9369400688707047,2.611889730621336e-14,0.9052280311457174,6.4174874713391604e-12
IFO_right,FA,distal_mean,pipeline_01,pipeline_03,30,0.9198439891836937,6.745305208791688e-13,0.9043381535038933,7.273475740758801e-12
IFO_right,FA,distal_mean,pipeline_02,pipeline_03,30,0.9465948301449695,2.708192078004733e-15,0.9288097886540599,1.3558650883573182e-13
IFO_right,MD,mean,pipeline_01,pipeline_02,30,0.9701908591558472,8.927641525896858e-19,0.9608453837597329,3.835332200394257e-17
IFO_right,MD,mean,pipeline_01,pipeline_03,30,0.9608225000593663,3.866287020263974e-17,0.9586206896551723,8.20048380526169e-17
IFO_right,MD,mean,pipeline_02,pipeline_03,30,0.9638890109224348,1.258772276084225e-17,0.9604004449388208,4.480357501810005e-17
IFO_right,MD,median,pipeline_01,pipeline_02,30,0.9213603320309233,5.212180456608328e-13,0.9439377085650723,5.2569194365302185e-15
IFO_right,MD,median,pipeline_01,pipeline_03,30,0.9208201549383066,5.716980362025427e-13,0.9363737486095662,2.9497129523417124e-14
IFO_right,MD,median,pipeline_02,pipeline_03,30,0.9330284718650197,5.919147370049921e-14,0.9621802002224694,2.3795131671493664e-17
IFO_right,MD,sd,pipeline_01,pipeline_02,30,0.940615186977697,1.1529558867512672e-14,0.9065628476084538,5.3062704597484984e-12
IFO_right,MD,sd,pipeline_01,pipeline_03,30,0.9234610664683729,3.6150995223389935e-13,0.8714126807563959,3.7061928183593616e-10
IFO_right,MD,sd,pipeline_02,pipeline_03,30,0.9223252640919686,4.4114963476088226e-13,0.9096774193548388,3.3667846792482657e-12
IFO_right,MD,proximal_mean,pipeline_01,pipeline_02,30,0.9520484736573444,6.200752392059749e-16,0.9635150166852057,1.4507498174358587e-17
IFO_right,MD,proximal_mean,pipeline_01,pipeline_03,30,0.9410525259269392,1.0424448386600472e-14,0.9448275862068966,4.225233849011341e-15
IFO_right,MD,proximal_mean,pipeline_02,pipeline_03,30,0.9736782727564335,1.59789867872488e-19,0.9733036707452726,1.9429915182756103e-19
IFO_right,MD,middle_mean,pipeline_01,pipeline_02,30,0.9156384332545744,1.3440785173344979e-12,0.9283648498331479,1.4753282124979804e-13
IFO_right,MD,middle_mean,pipeline_01,pipeline_03,30,0.8982685462503889,1.6559828009958237e-11,0.9421579532814239,8.052686534169987e-15
IFO_right,MD,middle_mean,pipeline_02,pipeline_03,30,0.9053482520295322,6.309251516497683e-12,0.946607341490545,2.69953306337743e-15
IFO_right,MD,distal_mean,pipeline_01,pipeline_02,30,0.9522689936985288,5.821194092037673e-16,0.9555061179087875,2.2218455151922596e-16
IFO_right,MD,distal_mean,pipeline_01,pipeline_03,30,0.9161298906383545,1.2423537236324659e-12,0.9145717463848719,1.5918482615522745e-12
IFO_right,MD,distal_mean,pipeline_02,pipeline_03,30,0.9461252450147187,3.0523926153509853e-15,0.9515016685205783,7.242916743150971e-16
IFO_right,RD,mean,pipeline_01,pipeline_02,30,0.9697789716518723,1.0791302946026784e-18,0.9519466073414905,6.383705900097279e-16
IFO_right,RD,mean,pipeline_01,pipeline_03,30,0.9557146295916449,2.083118325931148e-16,0.9426028921023359,7.247573433201747e-15
IFO_right,RD,mean,pipeline_02,pipeline_03,30,0.9660306981276467,5.419257659162243e-18,0.9612903225806452,3.277237201194177e-17
IFO_right,RD,median,pipeline_01,pipeline_02,30,0.9749282813943871,8.148102970003409e-20,0.9701890989988877,8.934927853671207e-19
IFO_right,RD,median,pipeline_01,pipeline_03,30,0.9508670516452913,8.654641686545175e-16,0.9310344827586206,8.815126124687518e-14
IFO_right,RD,median,pipeline_02,pipeline_03,30,0.9648528453184934,8.670380966126493e-18,0.957730812013348,1.0985505629969911e-16
IFO_right,RD,sd,pipeline_01,pipeline_02,30,0.9256944032190765,2.421888743119028e-13,0.8656284760845384,6.611232836997668e-10
IFO_right,RD,sd,pipeline_01,pipeline_03,30,0.9288078970906132,1.3563534722259709e-13,0.8972191323692991,1.899149691033417e-11
IFO_right,RD,sd,pipeline_02,pipeline_03,30,0.9186075140724953,8.292755057127529e-13,0.950611790878754,9.291117714110768e-16
IFO_right,RD,proximal_mean,pipeline_01,pipeline_02,30,0.9063144016461249,5.498599375966556e-12,0.8923248053392657,3.530906170920846e-11
IFO_right,RD,proximal_mean,pipeline_01,pipeline_03,30,0.8867919001207158,6.874336701159566e-11,0.8794215795328141,1.5858072719095529e-10
IFO_right,RD,proximal_mean,pipeline_02,pipeline_03,30,0.966235789930783,4.9850321395416986e-18,0.9679644048943271,2.4141056204489693e-18
IFO_right,RD,middle_mean,pipeline_01,pipeline_02,30,0.9297045018825844,1.1422227267487445e-13,0.9546162402669631,2.9155755959624747e-16
IFO_right,RD,middle_mean,pipeline_01,pipeline_03,30,0.9104522108244164,2.998887672656415e-12,0.9430478309232482,6.517466879459783e-15
IFO_right,RD,middle_mean,pipeline_02,pipeline_03,30,0.9170695889118362,1.0673526586274956e-12,0.9510567296996663,8.208089865605994e-16
IFO_right,RD,distal_mean,pipeline_01,pipeline_02,30,0.9494803840988933,1.266877398720136e-15,0.9528364849833146,4.941027072964042e-16
IFO_right,RD,distal_mean,pipeline_01,pipeline_03,30,0.9165505285836737,1.1609812604211648e-12,0.8945494994438264,2.6736053702674707e-11
IFO_right,RD,distal_mean,pipeline_02,pipeline_03,30,0.9517796490813069,6.69440232619713e-16,0.9310344827586206,8.815126124687518e-14
ILF_left,AD,mean,pipeline_01,pipeline_02,30,0.929244538658091,1.247827210407565e-13,0.9234705228031145,3.609065794287219e-13
ILF_left,AD,mean,pipeline_01,pipeline_03,30,0.955426284899462,2.277187420909845e-16,0.9581757508342603,9.498913999882393e-17
ILF_left,AD,mean,pipeline_02,pipeline_03,30,0.9590878900684588,7.015424755349833e-17,0.9345939933259176,4.2923155785956346e-14
ILF_left,AD,median,pipeline_01,pipeline_02,30,0.7703479304571276,6.399760051752981e-07,0.8269187986651836,1.77876762151962e-08
ILF_left,AD,median,pipeline_01,pipeline_03,30,0.9141623154000931,1.697662008588917e-12,0.9141268075639599,1.7071378982324882e-12
ILF_left,AD,median,pipeline_02,pipeline_03,30,0.8945530292037756,2.6724127339187866e-11,0.9230255839822022,3.9032710919140176e-13
ILF_left,AD,sd,pipeline_01,pipeline_02,30,0.944275393204998,4.8407186116356184e-15,0.9612903225806452,3.277237201194177e-17
ILF_left,AD,sd,pipeline_01,pipeline_03,30,0.8849526127507027,8.513706170075623e-11,0.9421579532814239,8.052686534169987e-15
ILF_left,AD,sd,pipeline_02,pipeline_03,30,0.948785032192268,1.5274838318544168e-15,0.9510567296996663,8.208089865605994e-16
ILF_left,AD,proximal_mean,pipeline_01,pipeline_02,30,0.8844405358643989,9.030257424091611e-11,0.8820912124582869,1.179084633877824e-10
ILF_left,AD,proximal_mean,pipeline_01,pipeline_03,30,0.9234869416227843,3.5986116518467477e-13,0.892769744160178,3.341488975721258e-11
ILF_left,AD,proximal_mean,pipeline_02,pipeline_03,30,0.9343348589744632,4.529289366284001e-14,0.9319243604004448,7.390644231640779e-14
ILF_left,AD,middle_mean,pipeline_01,pipeline_02,30,0.8753300345841726,2.4646109811297214e-10,0.8914349276974416,3.939735825920679e-11
ILF_left,AD,middle_mean,pipeline_01,pipeline_03,30,0.965253559334578,7.402741447830518e-18,0.9385984427141268,1.8172297078097993e-14
ILF_left,AD,middle_mean,pipeline_02,pipeline_03,30,0.9166307020752017,1.1460412463955832e-12,0.9319243604004448,7.390644231640779e-14
ILF_left,AD,distal_mean,pipeline_01,pipeline_02,30,0.9497934850675599,1.1635331187798507e-15,0.9310344827586206,8.815126124687518e-14
ILF_left,AD,distal_mean,pipeline_01,pipeline_03,30,0.9499382894489218,1.1184264039102371e-15,0.9612903225806452,3.277237201194177e-17
ILF_left,AD,distal_mean,pipeline_02,pipeline_03,30,0.9790998007954302,6.5416664141878596e-21,0.9550611790878754,2.546931312906399e-16
ILF_left,FA,mean,pipeline_01,pipeline_02,30,0.9243505446372429,3.086544724595206e-13,0.9310344827586206,8.815126124687518e-14
ILF_left,FA,mean,pipeline_01,pipeline_03,30,0.9218328574791198,4.804683839229796e-13,0.9417130144605117,8.93982341745011e-15
ILF_left,FA,mean,pipeline_02,pipeline_03,30,0.9670001169343343,3.6349056470910786e-18,0.9497219132369298,1.186444007531883e-15
ILF_left,FA,median,pipeline_01,pipeline_02,30,0.9152806104106379,1.4229184035696214e-12,0.8878754171301446,6.050077863000121e-11
ILF_left,FA,median,pipeline_01,pipeline_03,30,0.9158889163878654,1.2913092704874596e-12,0.8954393770856508,2.387968206337614e-11
ILF_left,FA,median,pipeline_02,pipeline_03,30,0.9573373083235166,1.2476833145121727e-16,0.9399332591768631,1.3470660963756317e-14
ILF_left,FA,sd,pipeline_01,pipeline_02,30,0.8956130170979032,2.3356223271985595e-11,0.885650723025584,7.853239539247894e-11
ILF_left,FA,sd,pipeline_01,pipeline_03,30,0.852668821352711,2.206544587209178e-09,0.8300333704115684,1.4079404405444865e-08
ILF_left,FA,sd,pipeline_02,pipeline_03,30,0.87320532909815,3.080148135075168e-10,0.8807563959955507,1.3686102732169856e-10
ILF_left,FA,proximal_mean,pipeline_01,pipeline_02,30,0.8617295472859603,9.62202249841345e-10,0.867853170189099,5.308857050517726e-10
ILF_left,FA,proximal_mean,pipeline_01,pipeline_03,30,0.837549502104746,7.851370425338009e-09,0.8674082313681868,5.548733322249744e-10
ILF_left,FA,proximal_mean,pipeline_02,pipeline_03,30,0.8983649919692451,1.6351397278025274e-11,0.9016685205784205,1.0513524697040207e-11
ILF_left,FA,middle_mean,pipeline_01,pipeline_02,30,0.8566550047435229,1.5422696958388154e-09,0.7828698553948832,3.175535101922324e-07
ILF_left,FA,middle_mean,pipeline_01,pipeline_03,30,0.9238072758524426,3.4001609233499646e-13,0.8456062291434927,4.059555310007682e-09
ILF_left,FA,middle_mean,pipeline_02,pipeline_03,30,0.9270995164546879,1.870271157727707e-13,0.8852057842046718,8.268497306386389e-11
ILF_left,FA,distal_mean,pipeline_01,pipeline_02,30,0.9168500251732934,1.1060729347425167e-12,0.8794215795328141,1.5858072719095529e-10
ILF_left,FA,distal_mean,pipeline_01,pipeline_03,30,0.9168930816037376,1.0983792251626391e-12,0.8794215795328141,1.5858072719095529e-10
ILF_left,FA,distal_mean,pipeline_02,pipeline_03,30,0.9613876391783704,3.1656578658762744e-17,0.9345939933259176,4.2923155785956346e-14
ILF_left,MD,mean,pipeline_01,pipeline_02,30,0.9427799829005744,6.948369736651102e-15,0.9590656284760846,7.068084459776303e-17
ILF_left,MD,mean,pipeline_01,pipeline_03,30,0.9524434062124866,5.536350401094955e-16,0.9617352614015572,2.795176150131107e-17
ILF_left,MD,mean,pipeline_02,pipeline_03,30,0.9705165926556387,7.670105241667017e-19,0.9426028921023359,7.247573433201747e-15
ILF_left,MD,median,pipeline_01,pipeline_02,30,0.8936863036254852,2.9804377518041145e-11,0.9372636262513905,2.4353113312763198e-14
ILF_left,MD,median,pipeline_01,pipeline_03,30,0.9759432653901129,4.5972277407825614e-20,0.9915461624026695,2.214846420209205e-26
ILF_left,MD,median,pipeline_02,pipeline_03,30,0.9060438402611457,5.7153452261694245e-12,0.950166852057842,1.0505097466160646e-15
ILF_left,MD,sd,pipeline_01,pipeline_02,30,0.9407921574139676,1.1069940013483143e-14,0.9443826473859845,4.715043745822824e-15
ILF_left,MD,sd,pipeline_01,pipeline_03,30,0.889197576841206,5.1677524295601924e-11,0.8981090100111234,1.690998550927346e-11
ILF_left,MD,sd,pipeline_02,pipeline_03,30,0.9474309154069368,2.1827025988703008e-15,0.9110122358175751,2.7564618540786188e-12
ILF_left,MD,proximal_mean,pipeline_01,pipeline_02,30,0.9340223232730953,4.831166087648872e-14,0.903448275862069,8.233638768359261e-12
ILF_left,MD,proximal_mean,pipeline_01,pipeline_03,30,0.954211441163915,3.293267067682253e-16,0.9528364849833146,4.941027072964042e-16
ILF_left,MD,proximal_mean,pipeline_02,pipeline_03,30,0.9627306234767602,1.9445690346697974e-17,0.9457174638487208,3.383664483160482e-15
ILF_left,MD,middle_mean,pipeline_01,pipeline_02,30,0.8378558161229352,7.661942598090332e-09,0.907007786429366,4.977252303651593e-12
ILF_left,MD,middle_mean,pipeline_01,pipeline_03,30,0.9559022944267211,1.9651611686588776e-16,0.9657397107897663,6.095692715051948e-18
ILF_left,MD,middle_mean,pipeline_02,pipeline_03,30,0.9068435619410395,5.096435688149916e-12,0.9368186874304782,2.681130875927619e-14
ILF_left,MD,distal_mean,pipeline_01,pipeline_02,30,0.9483576295006367,1.711410279784054e-15,0.9510567296996663,8.208089865605994e-16
ILF_left,MD,distal_mean,pipeline_01,pipeline_03,30,0.9384914151350803,1.8608393683548408e-14,0.9568409343715237,1.4625283220114485e-16
ILF_left,MD,distal_mean,pipeline_02,pipeline_03,30,0.9796425660602535,4.540964290733433e-21,0.9559510567296997,1.9355402373482246e-16
ILF_left,RD,mean,pipeline_01,pipeline_02,30,0.9459205841145358,3.214708592385261e-15,0.9621802002224694,2.3795131671493664e-17
ILF_left,RD,mean,pipeline_01,pipeline_03,30,0.9495535297545334,1.2420014608116361e-15,0.9697441601779755,1.0964291247237323e-18
ILF_left,RD,mean,pipeline_02,pipeline_03,30,0.9741157044763309,1.2671344113927103e-19,0.9537263626251389,3.8053599145886917e-16
ILF_left,RD,median,pipeline_01,pipeline_02,30,0.9342905727155895,4.5709778755875826e-14,0.950611790878754,9.291117714110768e-16
ILF_left,RD,median,pipeline_01,pipeline_03,30,0.9643061211602343,1.0725680928674374e-17,0.9675194660734149,2.920331487480756e-18
ILF_left,RD,median,pipeline_02,pipeline_03,30,0.9638084701651882,1.298007894527767e-17,0.9701890989988877,8.934927853671207e-19
ILF_left,RD,sd,pipeline_01,pipeline_02,30,0.9280995681992288,1.5511058080768432e-13,0.9248053392658508,2.844780434387138e-13
ILF_left,RD,sd,pipeline_01,pipeline_03,30,0.8834194214824058,1.0147402196537293e-10,0.8812013348164627,1.3025286362129406e-10
ILF_left,RD,sd,pipeline_02,pipeline_03,30,0.9416354011630179,9.103529262577044e-15,0.896774193548387,2.0118490395666554e-11
ILF_left,RD,proximal_mean,pipeline_01,pipeline_02,30,0.9292802690512971,1.2393114877375126e-13,0.8816462736373749,1.2393935229207427e-10
ILF_left,RD,proximal_mean,pipeline_01,pipeline_03,30,0.9339260509295133,4.92783503088007e-14,0.8994438264738599,1.4178988892286574e-11
ILF_left,RD,proximal_mean,pipeline_02,pipeline_03,30,0.9362775707104839,3.010945264840948e-14,0.921690767519466,4.924014648993572e-13
ILF_left,RD,middle_mean,pipeline_01,pipeline_02,30,0.8242115849771368,2.1715088227283465e-08,0.892769744160178,3.341488975721258e-11
ILF_left,RD,middle_mean,pipeline_01,pipeline_03,30,0.9485702927575571,1.6174759285017862e-15,0.971078976640712,5.877682887656723e-19
ILF_left,RD,middle_mean,pipeline_02,pipeline_03,30,0.9057086375869747,5.99479476204299e-12,0.9261401557285873,2.232462967641192e-13
ILF_left,RD,distal_mean,pipeline_01,pipeline_02,30,0.9445549851310018,4.519411208957194e-15,0.9497219132369298,1.186444007531883e-15
ILF_left,RD,distal_mean,pipeline_01,pipeline_03,30,0.9301221320467495,1.05355213064101e-13,0.9417130144605117,8.93982341745011e-15
ILF_left,RD,distal_mean,pipeline_02,pipeline_03,30,0.9781779744041407,1.1903136784986295e-20,0.9443826473859845,4.715043745822824e-15
ILF_right,AD,mean,pipeline_01,pipeline_02,30,0.8433057948714764,4.919243311840568e-09,0.875417130144605,2.4419795381046313e-10
ILF_right,AD,mean,pipeline_01,pipeline_03,30,0.9322601979789645,6.910748726984535e-14,0.9296996662958843,1.1432886274863073e-13
ILF_right,AD,mean,pipeline_02,pipeline_03,30,0.9394503168937115,1.5023497793007758e-14,0.9590656284760846,7.068084459776303e-17
ILF_right,AD,median,pipeline_01,pipeline_02,30,0.8862247027414166,7.34589421728445e-11,0.8095661846496106,6.044595576817773e-08
ILF_right,AD,median,pipeline_01,pipeline_03,30,0.8591288431358001,1.2281887297559958e-09,0.7953281423804226,1.509052433437984e-07
ILF_right,AD,median,pipeline_02,pipeline_03,30,0.9397072996026269,1.4177729952485124e-14,0.9310344827586206,8.815126124687518e-14
ILF_right,AD,sd,pipeline_01,pipeline_02,30,0.7400133597672478,2.958150072869221e-06,0.6787541713014461,3.738432492445406e-05
ILF_right,AD,sd,pipeline_01,pipeline_03,30,0.9261980651741376,2.2088844788340788e-13,0.8994438264738599,1.4178988892286574e-11
ILF_right,AD,sd,pipeline_02,pipeline_03,30,0.8352177432043864,9.44015625164625e-09,0.7846496106785317,2.8638655502680977e-07
ILF_right,AD,proximal_mean,pipeline_01,pipeline_02,30,0.7547407711624854,1.4456480055355888e-06,0.8300333704115684,1.4079404405444865e-08
ILF_right,AD,proximal_mean,pipeline_01,pipeline_03,30,0.7802842505833015,3.683505188770684e-07,0.8086763070077864,6.41438035476591e-08
ILF_right,AD,proximal_mean,pipeline_02,pipeline_03,30,0.9419474613403456,8.461699178521816e-15,0.9274749721913237,1.7439395874966485e-13
ILF_right,AD,middle_mean,pipeline_01,pipeline_02,30,0.8276123199834059,1.6892132967574192e-08,0.8295884315906562,1.4561742417216857e-08
ILF_right,AD,middle_mean,pipeline_01,pipeline_03,30,0.9224328405637344,4.3296502298846177e-13,0.9203559510567296,6.186441760336272e-13
ILF_right,AD,middle_mean,pipeline_02,pipeline_03,30,0.938070386342457,2.041951831293717e-14,0.9136818687430479,1.830088373126793e-12
ILF_right,AD,distal_mean,pipeline_01,pipeline_02,30,0.8370544210162021,8.16662185118712e-09,0.9256952169076751,2.421529832412639e-13
ILF_right,AD,distal_mean,pipeline_01,pipeline_03,30,0.9204832420753857,6.054289051272643e-13,0.9319243604004448,7.390644231640779e-14
ILF_right,AD,distal_mean,pipeline_02,pipeline_03,30,0.9108046001861907,2.8441524553389887e-12,0.9430478309232482,6.517466879459783e-15
ILF_right,FA,mean,pipeline_01,pipeline_02,30,0.9325845722786688,6.474722265057611e-14,0.8981090100111234,1.690998550927346e-11
ILF_right,FA,mean,pipeline_01,pipeline_03,30,0.942402353143129,7.600755495736649e-15,0.9061179087875416,5.65523930243136e-12
ILF_right,FA,mean,pipeline_02,pipeline_03,30,0.9394093713138353,1.5162485520975337e-14,0.9145717463848719,1.5918482615522745e-12
ILF_right,FA,median,pipeline_01,pipeline_02,30,0.8777814500820323,1.895969348224295e-10,0.7739710789766406,5.248977098047108e-07
ILF_right,FA,median,pipeline_01,pipeline_03,30,0.9334240829995681,5.461479760124129e-14,0.857174638487208,1.4707547082666875e-09
ILF_right,FA,median,pipeline_02,pipeline_03,30,0.926720506137854,2.0063261055633914e-13,0.8736373748609566,2.94458325838562e-10
ILF_right,FA,sd,pipeline_01,pipeline_02,30,0.8836290421360223,9.908195885732531e-11,0.8540600667408231,1.949588067114929e-09
ILF_right,FA,sd,pipeline_01,pipeline_03,30,0.8633143165499044,8.272195798658295e-10,0.8304783092324804,1.3611728930321104e-08
ILF_right,FA,sd,pipeline_02,pipeline_03,30,0.870712632132033,3.980927382108989e-10,0.8963292547274748,2.1306806831417325e-11
ILF_right,FA,proximal_mean,pipeline_01,pipeline_02,30,0.44373924205598914,0.014038922516009914,0.5452725250278087,0.0018323432763276129
ILF_right,FA,proximal_mean,pipeline_01,pipeline_03,30,0.35219466079364997,0.05629443996838811,0.5154616240266964,0.003554532432245469
ILF_right,FA,proximal_mean,pipeline_02,pipeline_03,30,0.8611891513595968,1.012667302747354e-09,0.8763070077864292,2.2214495202321633e-10
ILF_right,FA,middle_mean,pipeline_01,pipeline_02,30,0.9420781547774731,8.20554369233204e-15,0.9296996662958843,1.1432886274863073e-13
ILF_right,FA,middle_mean,pipeline_01,pipeline_03,30,0.942530595187369,7.37311232711781e-15,0.9007786429365963,1.1859696666342361e-11
ILF_right,FA,middle_mean,pipeline_02,pipeline_03,30,0.9432481800716704,6.211458540825944e-15,0.9248053392658508,2.844780434387138e-13
ILF_right,FA,distal_mean,pipeline_01,pipeline_02,30,0.7506590216172734,1.7715986226344209e-06,0.7103448275862069,1.0946106456348844e-05
ILF_right,FA,distal_mean,pipeline_01,pipeline_03,30,0.8919008791301802,3.720528330908024e-11,0.8709677419354839,3.878712976429983e-10
ILF_right,FA,distal_mean,pipeline_02,pipeline_03,30,0.848706088762126,3.1182840700750867e-09,0.8513904338153503,2.469677643745385e-09
ILF_right,MD,mean,pipeline_01,pipeline_02,30,0.8630816424325897,8.458819573356432e-10,0.9279199110122357,1.604449323379797e-13
ILF_right,MD,mean,pipeline_01,pipeline_03,30,0.9567479227166465,1.5064113456927782e-16,0.9470522803114572,2.4077371662628666e-15
ILF_right,MD,mean,pipeline_02,pipeline_03,30,0.9250979698952229,2.698598487838105e-13,0.9764182424916574,3.4874952908904306e-20
ILF_right,MD,median,pipeline_01,pipeline_02,30,0.9527944425422225,5.001745983796048e-16,0.9421579532814239,8.052686534169987e-15
ILF_right,MD,median,pipeline_01,pipeline_03,30,0.9561402762880387,1.8244676109633978e-16,0.9399332591768631,1.3470660963756317e-14
ILF_right,MD,median,pipeline_02,pipeline_03,30,0.98286359403415,4.153931215305912e-22,0.9839822024471635,1.6255152821695466e-22
ILF_right,MD,sd,pipeline_01,pipeline_02,30,0.5788152197853853,0.0008052834940802326,0.7539488320355952,1.5042735588033832e-06
ILF_right,MD,sd,pipeline_01,pipeline_03,30,0.830366562336062,1.3727829709132748e-08,0.8327030033370411,1.1479465111069946e-08
ILF_right,MD,sd,pipeline_02,pipeline_03,30,0.7678329499447792,7.328551192663627e-07,0.8189098998887653,3.178865362889628e-08
ILF_right,MD,proximal_mean,pipeline_01,pipeline_02,30,0.8666595226035058,5.974962311857987e-10,0.8660734149054505,6.329389179127397e-10
ILF_right,MD,proximal_mean,pipeline_01,pipeline_03,30,0.8539516509216388,1.9685787733404923e-09,0.8536151279199109,2.0286122645077652e-09
ILF_right,MD,proximal_mean,pipeline_02,pipeline_03,30,0.9703352743965699,8.348233061699728e-19,0.9635150166852057,1.4507498174358587e-17
ILF_right,MD,middle_mean,pipeline_01,pipeline_02,30,0.8451881145483999,4.204749536130954e-09,0.8976640711902113,1.792292180181957e-11
ILF_right,MD,middle_mean,pipeline_01,pipeline_03,30,0.9426365285928415,7.189842216692982e-15,0.9403781979977753,1.2172712081965347e-14
ILF_right,MD,middle_mean,pipeline_02,pipeline_03,30,0.9391165326032898,1.6191702498218542e-14,0.9528364849833146,4.941027072964042e-16
ILF_right,MD,distal_mean,pipeline_01,pipeline_02,30,0.7854069053902875,2.739906648332468e-07,0.8865406006674084,7.079713950546597e-11
ILF_right,MD,distal_mean,pipeline_01,pipeline_03,30,0.9213231981657946,5.24551907973135e-13,0.9203559510567296,6.186441760336272e-13
ILF_right,MD,distal_mean,pipeline_02,pipeline_03,30,0.87609040950296,2.273372166912264e-10,0.9194660734149054,7.187342174848105e-13
ILF_right,RD,mean,pipeline_01,pipeline_02,30,0.8833361076666593,1.0243941676765749e-10,0.9341490545050056,4.706583834755112e-14
ILF_right,RD,mean,pipeline_01,pipeline_03,30,0.9639932882581724,1.2096046340902378e-17,0.9568409343715237,1.4625283220114485e-16
ILF_right,RD,mean,pipeline_02,pipeline_03,30,0.9210757420063246,5.472760084157844e-13,0.9599555061179088,5.224617129252431e-17
ILF_right,RD,median,pipeline_01,pipeline_02,30,0.9316152307843172,7.859406919291965e-14,0.9092324805339266,3.596435270992928e-12
ILF_right,RD,median,pipeline_01,pipeline_03,30,0.918778274489547,8.061131671752741e-13,0.9296996662958843,1.1432886274863073e-13
ILF_right,RD,median,pipeline_02,pipeline_03,30,0.9459689788564939,3.1756219473545062e-15,0.9626251390433814,2.0217395522097975e-17
ILF_right,RD,sd,pipeline_01,pipeline_02,30,0.4709396676706811,0.008622384369459115,0.692992213570634,2.1902210748132363e-05
ILF_right,RD,sd,pipeline_01,pipeline_03,30,0.7143113806318669,9.276133686268531e-06,0.6907675194660734,2.3857321385187044e-05
ILF_right,RD,sd,pipeline_02,pipeline_03,30,0.646621763250418,0.00011302602673756772,0.7659621802002224,8.097065538856549e-07
ILF_right,RD,proximal_mean,pipeline_01,pipeline_02,30,0.7538454251207714,1.5120855650565815e-06,0.8086763070077864,6.41438035476591e-08
ILF_right,RD,proximal_mean,pipeline_01,pipeline_03,30,0.6950608018559651,2.0214682169304612e-05,0.7441601779755282,2.4297863402059396e-06
ILF_right,RD,proximal_mean,pipeline_02,pipeline_03,30,0.9482479795685391,1.7617913427772861e-15,0.9515016685205783,7.242916743150971e-16
ILF_right,RD,middle_mean,pipeline_01,pipeline_02,30,0.8731742209187903,3.0901271042559107e-10,0.9132369299221357,1.961163131992409e-12
ILF_right,RD,middle_mean,pipeline_01,pipeline_03,30,0.9489975888500328,1.4429882885270386e-15,0.9448275862068966,4.225233849011341e-15
ILF_right,RD,middle_mean,pipeline_02,pipeline_03,30,0.9374399349331521,2.3438030033160564e-14,0.9559510567296997,1.9355402373482246e-16
ILF_right,RD,distal_mean,pipeline_01,pipeline_02,30,0.7459386324954638,2.230622415711328e-06,0.874972191323693,2.5596336829806026e-10
ILF_right,RD,distal_mean,pipeline_01,pipeline_03,30,0.9101133430947125,3.154973698318834e-12,0.8714126807563959,3.7061928183593616e-10
ILF_right,RD,distal_mean,pipeline_02,pipeline_03,30,0.8482029336030277,3.255986988472518e-09,0.9141268075639599,1.7071378982324882e-12
UF_left,AD,mean,pipeline_01,pipeline_02,30,0.9489813511095496,1.44928725665633e-15,0.8709677419354839,3.878712976429983e-10
UF_left,AD,mean,pipeline_01,pipeline_03,30,0.9254592133021856,2.5277130996223083e-13,0.764182424916574,8.895387546767704e-07
UF_left,AD,mean,pipeline_02,pipeline_03,30,0.931789823350774,7.591386086847083e-14,0.8211345939933259,2.7131748359304468e-08
UF_left,AD,median,pipeline_01,pipeline_02,30,0.8940276159855878,2.8554339897210293e-11,0.7948832035595106,1.5510295071029603e-07
UF_left,AD,median,pipeline_01,pipeline_03,30,0.8915182647693563,3.8996769374773153e-11,0.7219132369299222,6.702193102571643e-06
UF_left,AD,median,pipeline_02,pipeline_03,30,0.9374752208936843,2.3258748841926857e-14,0.8825361512791992,1.1214861189699453e-10
UF_left,AD,sd,pipeline_01,pipeline_02,30,0.8844741434507779,8.995491597958139e-11,0.7761957730812012,4.6391028302664114e-07
UF_left,AD,sd,pipeline_01,pipeline_03,30,0.8911736950471485,4.067774909592721e-11,0.7735261401557285,5.379363971528679e-07
UF_left,AD,sd,pipeline_02,pipeline_03,30,0.9517858248001628,6.682664918530209e-16,0.8647385984427142,7.209803534076484e-10
UF_left,AD,proximal_mean,pipeline_01,pipeline_02,30,0.8692280536702646,4.6265257773830345e-10,0.8589543937708565,1.248245247123054e-09
UF_left,AD,proximal_mean,pipeline_01,pipeline_03,30,0.7370500149210898,3.397184760224208e-06,0.7441601779755282,2.4297863402059396e-06
UF_left,AD,proximal_mean,pipeline_02,pipeline_03,30,0.9084325161660384,4.04601901801362e-12,0.8918798665183537,3.7301667716580486e-11
UF_left,AD,middle_mean,pipeline_01,pipeline_02,30,0.9237213377210324,3.45238421891726e-13,0.9283648498331479,1.4753282124979804e-13
UF_left,AD,middle_mean,pipeline_01,pipeline_03,30,0.8639901927144639,7.751318945172354e-10,0.8803114571746384,1.437763334130354e-10
UF_left,AD,middle_mean,pipeline_02,pipeline_03,30,0.8706321737103042,4.0136743455789174e-10,0.9252502780867631,2.625289032084569e-13
UF_left,AD,distal_mean,pipeline_01,pipeline_02,30,0.8644174622312647,7.437759502044612e-10,0.7406006674082313,2.877493976647021e-06
UF_left,AD,distal_mean,pipeline_01,pipeline_03,30,0.8875856701442295,6.26108577305043e-11,0.7761957730812012,4.6391028302664114e-07
UF_left,AD,distal_mean,pipeline_02,pipeline_03,30,0.9443311909436922,4.774956232408589e-15,0.9012235817575083,1.1167932235809866e-11
UF_left,FA,mean,pipeline_01,pipeline_02,30,0.955347152503418,2.333300460481448e-16,0.9648498331479423,8.680628564153314e-18
UF_left,FA,mean,pipeline_01,pipeline_03,30,0.9172284241866281,1.0401259394428904e-12,0.9176863181312569,9.651816967972287e-13
UF_left,FA,mean,pipeline_02,pipeline_03,30,0.9366837008725508,2.760123196419227e-14,0.9412680756395997,9.916594089260384e-15
UF_left,FA,median,pipeline_01,pipeline_02,30,0.8553659440587081,1.7336743065210682e-09,0.8340378197997775,1.035164145582153e-08
UF_left,FA,median,pipeline_01,pipeline_03,30,0.7844792431616244,2.8924464447733496e-07,0.803337041156841,9.101995132888011e-08
UF_left,FA,median,pipeline_02,pipeline_03,30,0.9016692677606386,1.0512456123202895e-11,0.8278086763070076,1.664618060681794e-08
UF_left,FA,sd,pipeline_01,pipeline_02,30,0.8548523859802362,1.8158222197714488e-09,0.8015572858731924,1.0204233589958416e-07
UF_left,FA,sd,pipeline_01,pipeline_03,30,0.844240434473186,4.551629401019715e-09,0.7695216907675194,6.692364865282536e-07
UF_left,FA,sd,pipeline_02,pipeline_03,30,0.888480808437984,5.630166179254278e-11,0.8767519466073415,2.118193121629229e-10
UF_left,FA,proximal_mean,pipeline_01,pipeline_02,30,0.854541332868337,1.8672989357456742e-09,0.8491657397107898,2.997176240566601e-09
UF_left,FA,proximal_mean,pipeline_01,pipeline_03,30,0.7871269670975646,2.476298244636981e-07,0.7624026696329255,9.76452916544435e-07
UF_left,FA,proximal_mean,pipeline_02,pipeline_03,30,0.8554453687605914,1.7212786103869597e-09,0.7997775305895439,1.1426961967081732e-07
UF_left,FA,middle_mean,pipeline_01,pipeline_02,30,0.9558854621010218,1.975483097434782e-16,0.9586206896551723,8.20048380526169e-17
UF_left,FA,middle_mean,pipeline_01,pipeline_03,30,0.8993027290044331,1.4447136468995237e-11,0.9132369299221357,1.961163131992409e-12
UF_left,FA,middle_mean,pipeline_02,pipeline_03,30,0.9040834850807146,7.537135913031079e-12,0.8972191323692991,1.899149691033417e-11
UF_left,FA,distal_mean,pipeline_01,pipeline_02,30,0.9093633015792486,3.5274574961256433e-12,0.9150166852057842,1.4837801214418115e-12
UF_left,FA,distal_mean,pipeline_01,pipeline_03,30,0.9041840438182827,7.431991664119212e-12,0.9185761957730811,8.335896706661232e-13
UF_left,FA,distal_mean,pipeline_02,pipeline_03,30,0.9584849911810777,8.577914295461158e-17,0.9701890989988877,8.934927853671207e-19
UF_left,MD,mean,pipeline_01,pipeline_02,30,0.9829128217374905,3.991154153447505e-22,0.9657397107897663,6.095692715051948e-18
UF_left,MD,mean,pipeline_01,pipeline_03,30,0.98411074441532,1.453257717062209e-22,0.957285873192436,1.2685049691700102e-16
UF_left,MD,mean,pipeline_02,pipeline_03,30,0.9652957442747901,7.27979615095514e-18,0.9403781979977753,1.2172712081965347e-14
UF_left,MD,median,pipeline_01,pipeline_02,30,0.9800468262312093,3.437700722332868e-21,0.9541713014460511,3.3330874675891115e-16
UF_left,MD,median,pipeline_01,pipeline_03,30,0.9567281140879282,1.5159131358595946e-16,0.9368186874304782,2.681130875927619e-14
UF_left,MD,median,pipeline_02,pipeline_03,30,0.9660452114585456,5.3874138949568246e-18,0.9474972191323694,2.1453585722297616e-15
UF_left,MD,sd,pipeline_01,pipeline_02,30,0.9077643495529144,4.460656939546836e-12,0.8278086763070076,1.664618060681794e-08
UF_left,MD,sd,pipeline_01,pipeline_03,30,0.9119676532503672,2.3841797137716103e-12,0.8300333704115684,1.4079404405444865e-08
UF_left,MD,sd,pipeline_02,pipeline_03,30,0.9543946309408103,3.117062608924008e-16,0.8847608453837598,8.703876862960195e-11
UF_left,MD,proximal_mean,pipeline_01,pipeline_02,30,0.9290320347264813,1.299600738009285e-13,0.9426028921023359,7.247573433201747e-15
UF_left,MD,proximal_mean,pipeline_01,pipeline_03,30,0.8332502542441238,1.1004132532775877e-08,0.8998887652947719,1.336314698861842e-11
UF_left,MD,proximal_mean,pipeline_02,pipeline_03,30,0.8900117816579977,4.6850364839518336e-11,0.8723025583982202,3.38212050829734e-10
UF_left,MD,middle_mean,pipeline_01,pipeline_02,30,0.9509693687815358,8.411042883415193e-16,0.9328142380422692,6.181531174921562e-14
UF_left,MD,middle_mean,pipeline_01,pipeline_03,30,0.9706382747418095,7.2440377825897755e-19,0.950166852057842,1.0505097466160646e-15
UF_left,MD,middle_mean,pipeline_02,pipeline_03,30,0.956867220599312,1.4503426875620386e-16,0.9612903225806452,3.277237201194177e-17
UF_left,MD,distal_mean,pipeline_01,pipeline_02,30,0.9669475454763121,3.7156174977139724e-18,0.9675194660734149,2.920331487480756e-18
UF_left,MD,distal_mean,pipeline_01,pipeline_03,30,0.9633461868396703,1.546003780872341e-17,0.9581757508342603,9.498913999882393e-17
UF_left,MD,distal_mean,pipeline_02,pipeline_03,30,0.9886799714236403,1.2967898928354033e-24,0.9666295884315905,4.24024228045709e-18
UF_left,RD,mean,pipeline_01,pipeline_02,30,0.981234459576437,1.466599007888819e-21,0.9568409343715237,1.4625283220114485e-16
UF_left,RD,mean,pipeline_01,pipeline_03,30,0.9755580437995027,5.728752672133556e-20,0.9563959955506117,1.683720197009039e-16
UF_left,RD,mean,pipeline_02,pipeline_03,30,0.9621302297743366,2.4231619813660774e-17,0.9265850945494994,2.0571113896740802e-13
UF_left,RD,median,pipeline_01,pipeline_02,30,0.9380089204032979,2.0697153078188637e-14,0.9030033370411568,8.75632883278415e-12
UF_left,RD,median,pipeline_01,pipeline_03,30,0.9090765611806624,3.680270580780458e-12,0.9194660734149054,7.187342174848105e-13
UF_left,RD,median,pipeline_02,pipeline_03,30,0.9404293443983718,1.2031165024840468e-14,0.9412680756395997,9.916594089260384e-15
UF_left,RD,sd,pipeline_01,pipeline_02,30,0.8748835632013493,2.583682912771265e-10,0.8380422691879867,7.54869715734764e-09
UF_left,RD,sd,pipeline_01,pipeline_03,30,0.8729711522366634,3.156001669567355e-10,0.8367074527252502,8.39442352179149e-09
UF_left,RD,sd,pipeline_02,pipeline_03,30,0.9390080489538121,1.658910208037813e-14,0.896774193548387,2.0118490395666554e-11
UF_left,RD,proximal_mean,pipeline_01,pipeline_02,30,0.8959297952962911,2.2428394971154178e-11,0.84293659621802,5.0718070711764924e-09
UF_left,RD,proximal_mean,pipeline_01,pipeline_03,30,0.8158965829055262,3.9262991339296616e-08,0.8460511679644049,3.910105242776447e-09
UF_left,RD,proximal_mean,pipeline_02,pipeline_03,30,0.8656830246053016,6.576070044792515e-10,0.7806451612903226,3.6084227969856814e-07
UF_left,RD,middle_mean,pipeline_01,pipeline_02,30,0.9591162828338627,6.94878887788071e-17,0.9621802002224694,2.3795131671493664e-17
UF_left,RD,middle_mean,pipeline_01,pipeline_03,30,0.9659537624818518,5.5909943574415756e-18,0.9488320355951056,1.5084142379839906e-15
UF_left,RD,middle_mean,pipeline_02,pipeline_03,30,0.9544706928022517,3.046498555546843e-16,0.9541713014460511,3.3330874675891115e-16
UF_left,RD,distal_mean,pipeline_01,pipeline_02,30,0.9673641664656489,3.119023973778215e-18,0.9639599555061179,1.2251244126918064e-17
UF_left,RD,distal_mean,pipeline_01,pipeline_03,30,0.9635172142118954,1.4495466155711688e-17,0.9537263626251389,3.8053599145886917e-16
UF_left,RD,distal_mean,pipeline_02,pipeline_03,30,0.9872061731152282,7.130287608504733e-24,0.9808676307007785,1.91886425666243e-21
UF_right,AD,mean,pipeline_01,pipeline_02,30,0.9126570657442022,2.144989868298149e-12,0.8923248053392657,3.530906170920846e-11
UF_right,AD,mean,pipeline_01,pipeline_03,30,0.8969456216984678,1.9677176740407332e-11,0.8727474972191324,3.230046396376631e-10
UF_right,AD,mean,pipeline_02,pipeline_03,30,0.9854320538632346,4.3448455400374824e-23,0.9750834260289211,7.477026742176401e-20
UF_right,AD,median,pipeline_01,pipeline_02,30,0.8804655566488255,1.4134573067540684e-10,0.8246941045606229,2.0961701437308364e-08
UF_right,AD,median,pipeline_01,pipeline_03,30,0.839467187377861,6.732579606510361e-09,0.7388209121245829,3.128235696400043e-06
UF_right,AD,median,pipeline_02,pipeline_03,30,0.9636197634557485,1.3944153035299014e-17,0.9550611790878754,2.546931312906399e-16
UF_right,AD,sd,pipeline_01,pipeline_02,30,0.7272669458808241,5.297206208908432e-06,0.7170189098998888,8.271978892379957e-06
UF_right,AD,sd,pipeline_01,pipeline_03,30,0.745331279903791,2.296910530686921e-06,0.7886540600667409,2.2618454692465293e-07
UF_right,AD,sd,pipeline_02,pipeline_03,30,0.9523686412804014,5.656835818563682e-16,0.9110122358175751,2.7564618540786188e-12
UF_right,AD,proximal_mean,pipeline_01,pipeline_02,30,0.8459438991487525,3.945666834751165e-09,0.9337041156840934,5.157534283157095e-14
UF_right,AD,proximal_mean,pipeline_01,pipeline_03,30,0.8803134191265496,1.4374514752349042e-10,0.9443826473859845,4.715043745822824e-15
UF_right,AD,proximal_mean,pipeline_02,pipeline_03,30,0.9468812726160558,2.5162474576717878e-15,0.9813125695216908,1.3840701255149435e-21
UF_right,AD,middle_mean,pipeline_01,pipeline_02,30,0.8646352104747885,7.282482446781846e-10,0.874972191323693,2.5596336829806026e-10
UF_right,AD,middle_mean,pipeline_01,pipeline_03,30,0.8449921058765172,4.2744408614841e-09,0.8255839822024471,1.963465646575878e-08
UF_right,AD,middle_mean,pipeline_02,pipeline_03,30,0.9124191546511562,2.22490927255138e-12,0.9003337041156841,1.2590758000574296e-11
UF_right,AD,distal_mean,pipeline_01,pipeline_02,30,0.7423844987983989,2.6445666196985644e-06,0.6400444938820912,0.00013957760813906728
UF_right,AD,distal_mean,pipeline_01,pipeline_03,30,0.6957806531842399,1.9655430802512452e-05,0.6053392658509456,0.00039376510970386206
UF_right,AD,distal_mean,pipeline_02,pipeline_03,30,0.948221837370988,1.7740037993815687e-15,0.9381535038932147,2.004955918969441e-14
UF_right,FA,mean,pipeline_01,pipeline_02,30,0.9116819408452747,2.490331514173569e-12,0.9087875417130145,3.840456091734352e-12
UF_right,FA,mean,pipeline_01,pipeline_03,30,0.9036566578154519,7.998869187062258e-12,0.9074527252502781,4.66713632795927e-12
UF_right,FA,mean,pipeline_02,pipeline_03,30,0.9734425457215876,1.807713682733666e-19,0.9728587319243605,2.4422195999722477e-19
UF_right,FA,median,pipeline_01,pipeline_02,30,0.760419340809544,1.0823350893971828e-06,0.8060066740823137,7.651142214336148e-08
UF_right,FA,median,pipeline_01,pipeline_03,30,0.7320949223031065,4.2644936122187705e-06,0.7757508342602891,4.7556553157852695e-07
UF_right,FA,median,pipeline_02,pipeline_03,30,0.9092106106245094,3.6080872004119083e-12,0.9021134593993325,9.89462113576656e-12
UF_right,FA,sd,pipeline_01,pipeline_02,30,0.689143622536609,2.538186497012302e-05,0.5919911012235817,0.0005687977711749577
UF_right,FA,sd,pipeline_01,pipeline_03,30,0.7359744241464304,3.570573222218017e-06,0.7414905450500555,2.759072489980296e-06
UF_right,FA,sd,pipeline_02,pipeline_03,30,0.917393150215766,1.0125676327901393e-12,0.8798665183537263,1.5101174757474356e-10
UF_right,FA,proximal_mean,pipeline_01,pipeline_02,30,0.9147224979692874,1.5544456449569955e-12,0.8642936596218019,7.52739367934444e-10
UF_right,FA,proximal_mean,pipeline_01,pipeline_03,30,0.9357926341450042,3.3379787094764326e-14,0.8874304783092326,6.376869638256895e-11
UF_right,FA,proximal_mean,pipeline_02,pipeline_03,30,0.9732734656382043,1.9736299928138596e-19,0.9541713014460511,3.3330874675891115e-16
UF_right,FA,middle_mean,pipeline_01,pipeline_02,30,0.8207059124146147,2.7977370124150015e-08,0.7859844271412681,2.648679256558343e-07
UF_right,FA,middle_mean,pipeline_01,pipeline_03,30,0.7610681219671128,1.046605442970165e-06,0.7935483870967741,1.6834276517994303e-07
UF_right,FA,middle_mean,pipeline_02,pipeline_03,30,0.9566735694896202,1.5423645436881268e-16,0.9301446051167965,1.048965988077813e-13
UF_right,FA,distal_mean,pipeline_01,pipeline_02,30,0.5978698561441506,0.0004847046433944764,0.621357063403782,0.0002477247752163881
UF_right,FA,distal_mean,pipeline_01,pipeline_03,30,0.6047238280682022,0.00040064256545766614,0.6760845383759733,4.119369503154806e-05
UF_right,FA,distal_mean,pipeline_02,pipeline_03,30,0.8893425586909842,5.078580500002592e-11,0.8602892102335928,1.1021303361048763e-09
UF_right,MD,mean,pipeline_01,pipeline_02,30,0.9574050114653097,1.2207583588989268e-16,0.9813125695216908,1.3840701255149435e-21
UF_right,MD,mean,pipeline_01,pipeline_03,30,0.9563144872514894,1.7274513630480893e-16,0.9759733036707454,4.518344716163647e-20
UF_right,MD,mean,pipeline_02,pipeline_03,30,0.9924585263335488,4.501822999842408e-27,0.9902113459399332,1.710722818850642e-25
UF_right,MD,median,pipeline_01,pipeline_02,30,0.9561888924040997,1.7968985097695975e-16,0.9497219132369298,1.186444007531883e-15
UF_right,MD,median,pipeline_01,pipeline_03,30,0.9472499834225846,2.287689821459054e-15,0.9265850945494994,2.0571113896740802e-13
UF_right,MD,median,pipeline_02,pipeline_03,30,0.9841899497368134,1.3557155839706146e-22,0.9755283648498332,5.825851497972247e-20
UF_right,MD,sd,pipeline_01,pipeline_02,30,0.7599895394107059,1.1066107970850868e-06,0.7650723025583982,8.487708184692093e-07
UF_right,MD,sd,pipeline_01,pipeline_03,30,0.8082774643872539,6.586724862937517e-08,0.8255839822024471,1.963465646575878e-08
UF_right,MD,sd,pipeline_02,pipeline_03,30,0.9677118186423392,2.6904952418061465e-18,0.9025583982202448,9.309452223851802e-12
UF_right,MD,proximal_mean,pipeline_01,pipeline_02,30,0.9200921537257966,6.468832992865728e-13,0.9492769744160177,1.33849880230039e-15
UF_right,MD,proximal_mean,pipeline_01,pipeline_03,30,0.9292893535755954,1.2371549247279913e-13,0.9608453837597329,3.835332200394257e-17
UF_right,MD,proximal_mean,pipeline_02,pipeline_03,30,0.9829286565430813,3.940065443481844e-22,0.9790878754171303,6.5936354164149815e-21
UF_right,MD,middle_mean,pipeline_01,pipeline_02,30,0.9050793576513322,6.553706474753704e-12,0.935483870967742,3.562990060341997e-14
UF_right,MD,middle_mean,pipeline_01,pipeline_03,30,0.9367185578610571,2.7395219116542345e-14,0.9515016685205783,7.242916743150971e-16
UF_right,MD,middle_mean,pipeline_02,pipeline_03,30,0.984120956330239,1.4403260786406675e-22,0.9701890989988877,8.934927853671207e-19
UF_right,MD,distal_mean,pipeline_01,pipeline_02,30,0.9216067888183467,4.995822449316688e-13,0.8456062291434927,4.059555310007682e-09
UF_right,MD,distal_mean,pipeline_01,pipeline_03,30,0.9032123813995075,8.507060073294055e-12,0.8131256952169076,4.751890540165096e-08
UF_right,MD,distal_mean,pipeline_02,pipeline_03,30,0.9848845580873418,7.258345463962967e-23,0.9795328142380423,4.892689467906461e-21
UF_right,RD,mean,pipeline_01,pipeline_02,30,0.9501117116182504,1.0665359200231981e-15,0.9697441601779755,1.0964291247237323e-18
UF_right,RD,mean,pipeline_01,pipeline_03,30,0.9482180313941143,1.7757882969492224e-15,0.9617352614015572,2.795176150131107e-17
UF_right,RD,mean,pipeline_02,pipeline_03,30,0.9890572389275336,8.086861968912115e-25,0.9835372636262512,2.3790273272380874e-22
UF_right,RD,median,pipeline_01,pipeline_02,30,0.9018271168418511,1.0288940893133949e-11,0.8887652947719689,5.442257163898149e-11
UF_right,RD,median,pipeline_01,pipeline_03,30,0.9042787177490751,7.334237917201564e-12,0.9185761957730811,8.335896706661232e-13
UF_right,RD,median,pipeline_02,pipeline_03,30,0.9776915958147216,1.6158296195638098e-20,0.9746384872080088,9.553425008099868e-20
UF_right,RD,sd,pipeline_01,pipeline_02,30,0.8434654259118874,4.854590986889228e-09,0.7419354838709676,2.7015315424928908e-06
UF_right,RD,sd,pipeline_01,pipeline_03,30,0.8569355012930282,1.5032793140431304e-09,0.7446051167964404,2.3785042442630917e-06
UF_right,RD,sd,pipeline_02,pipeline_03,30,0.9789819695526675,7.072245409653844e-21,0.9688542825361514,1.636257249785118e-18
UF_right,RD,proximal_mean,pipeline_01,pipeline_02,30,0.9345296826232427,4.350032914189036e-14,0.9559510567296997,1.9355402373482246e-16
UF_right,RD,proximal_mean,pipeline_01,pipeline_03,30,0.9443043627531854,4.80647170629372e-15,0.9590656284760846,7.068084459776303e-17
UF_right,RD,proximal_mean,pipeline_02,pipeline_03,30,0.9872393093462948,6.877439792032734e-24,0.9884315906562846,1.754597966184418e-24
UF_right,RD,middle_mean,pipeline_01,pipeline_02,30,0.8769836451558496,2.06618830472205e-10,0.9136818687430479,1.830088373126793e-12
UF_right,RD,middle_mean,pipeline_01,pipeline_03,30,0.8853771967089408,8.106183994215685e-11,0.8945494994438264,2.6736053702674707e-11
UF_right,RD,middle_mean,pipeline_02,pipeline_03,30,0.9864721780528545,1.5500496022619118e-23,0.9822024471635149,7.028643475181757e-22
UF_right,RD,distal_mean,pipeline_01,pipeline_02,30,0.8667057643502973,5.947790401627048e-10,0.8331479421579533,1.1091605619589047e-08
UF_right,RD,distal_mean,pipeline_01,pipeline_03,30,0.8694333775450623,4.5318447018060846e-10,0.8371523915461624,8.103332385136861e-09
UF_right,RD,distal_mean,pipeline_02,pipeline_03,30,0.9763127156786527,3.710053047525788e-20,0.9666295884315905,4.24024228045709e-18
