tract,mean_icc,median_icc,mean_cv_percent,median_cv_percent,n_total
CC_2,0.9550081365363671,0.9644477249191186,2.6169096462244634,1.3950802221467835,24
ILF_left,0.916762808259297,0.9205328055408313,4.344024795745773,2.4994877668724884,24
IFO_left,0.9070711686805439,0.9297514261412916,3.7137535897353726,2.4584742194103057,24
IFO_right,0.9049945274628352,0.9154694813703304,3.7306682101990347,2.03451969704855,24
UF_left,0.9049807046968664,0.9107618282566865,3.3442173587633337,1.7755176345589405,24
CG_right,0.8866486666366864,0.8984678829545121,3.3988234175088436,1.7053482888535882,24
UF_right,0.8790940959601182,0.8984477865578684,3.89211986132141,2.0556679015037536,24
ILF_right,0.8414755709257561,0.8946203227367961,5.133851848043104,3.2118284961686614,24
CC_7,0.8128655507235027,0.8333743706050847,4.753621801745438,3.806005267839036,24
CG_left,0.8000796551868931,0.8249063721792276,3.96741249862164,2.0349740136869743,24
