metric,pair,median_signed_pct,q1_pct,q3_pct,mean_abs_pct,n_fdr_significant,n_biomarkers
FA,P02-P01,-2.8352601566422435,-3.3904971612811248,-2.404522419919429,2.6726467886125627,9,10
FA,P03-P01,-5.703581702659935,-6.477991439242027,-5.001193793505532,5.846129410622554,10,10
FA,P03-P02,-3.292151154848767,-4.01338613471059,-2.309699313478288,3.2139522059496235,10,10
MD,P02-P01,-0.26760027740989545,-1.5620078002108146,0.029619578531946723,0.9229204279997358,3,10
MD,P03-P01,-0.2607907692161267,-0.3969628389960925,-0.04575029192147427,0.697160187868096,3,10
MD,P03-P02,0.0095545376651401,-0.19726741917090995,0.4761455054550801,0.5190605749585634,2,10
RD,P02-P01,0.8516049455512057,-0.6224921530926526,1.3471613384165653,1.2556173271358708,5,10
RD,P03-P01,2.244016209352651,2.0427615064073366,2.9278543210899612,2.484664051965941,8,10
RD,P03-P02,1.53124297164363,0.9425769127261608,1.8507866188775304,1.831148848028565,8,10
AD,P02-P01,-1.598257795090846,-1.8537259251952554,-1.3110927275753674,2.099665428883064,10,10
AD,P03-P01,-2.94717815612636,-3.2589002740631727,-2.2130608191690104,3.0082802570019336,10,10
AD,P03-P02,-1.0440904650323732,-1.5305275103352725,-0.3352641610136403,1.0026157955904806,7,10
