tract,metric,feature,icc_3_1_consistency,icc_2_1_absolute,delta,cat_consistency,cat_absolute
CC_2,FA,mean,0.9577891819969448,0.903914300076256,0.0538748819206889,excellent,excellent
CC_2,MD,mean,0.9755667849322184,0.9759006833727938,-0.00033389844057540863,excellent,excellent
CC_2,RD,mean,0.9710146313191792,0.9676713000045954,0.003343331314583753,excellent,excellent
CC_2,AD,mean,0.9781085448257256,0.9446433891464531,0.03346515567927255,excellent,excellent
CC_7,FA,mean,0.9052044200617257,0.7366132984826474,0.1685911215790783,excellent,moderate
CC_7,MD,mean,0.8734216713738951,0.8497083536857802,0.02371331768811491,good,good
CC_7,RD,mean,0.8956103094399132,0.8317467121615537,0.06386359727835944,good,good
CC_7,AD,mean,0.8316123701820026,0.8194897973252381,0.012122572856764546,good,good
CG_left,FA,mean,0.890019424677656,0.7518441664945416,0.1381752581831145,good,good
CG_left,MD,mean,0.9742132440344243,0.9733502852700892,0.0008629587643351755,excellent,excellent
CG_left,RD,mean,0.9528560097197666,0.8991333195462161,0.05372269017355047,excellent,good
CG_left,AD,mean,0.9194699348076746,0.841927172799219,0.07754276200845556,excellent,good
CG_right,FA,mean,0.854894509625937,0.787680018145618,0.067214491480319,good,good
CG_right,MD,mean,0.9853613540130117,0.9853042721270895,5.708188592223884e-05,excellent,excellent
CG_right,RD,mean,0.9378907601047212,0.9197684090708448,0.018122351033876383,excellent,excellent
CG_right,AD,mean,0.9300021521567189,0.8844433813973674,0.04555877075935144,excellent,good
IFO_left,FA,mean,0.9696237392434105,0.7532763918361779,0.2163473474072326,excellent,good
IFO_left,MD,mean,0.9593547519204896,0.9602600330743478,-0.0009052811538582395,excellent,excellent
IFO_left,RD,mean,0.9623384397238223,0.9413537843987607,0.020984655325061552,excellent,excellent
IFO_left,AD,mean,0.9502530872109598,0.88401044082452,0.06624264638643984,excellent,good
IFO_right,FA,mean,0.9432849098445054,0.7434558789667888,0.19982903087771664,excellent,moderate
IFO_right,MD,mean,0.9636399744912906,0.957254013935909,0.006385960555381542,excellent,excellent
IFO_right,RD,mean,0.9614228272129712,0.941804817484987,0.01961800972798422,excellent,excellent
IFO_right,AD,mean,0.9562863750335626,0.8450320893967643,0.11125428563679829,excellent,good
ILF_left,FA,mean,0.9338681984598763,0.8085954059520702,0.1252727925078061,excellent,good
ILF_left,MD,mean,0.952955821878886,0.9368382638027364,0.016117558076149563,excellent,excellent
ILF_left,RD,mean,0.9550135355422888,0.9498549830762031,0.005158552466085764,excellent,excellent
ILF_left,AD,mean,0.9380019546665915,0.8639057096249304,0.07409624504166112,excellent,good
ILF_right,FA,mean,0.9310547237336356,0.8127741851722794,0.11828053856135623,excellent,good
ILF_right,MD,mean,0.9026512332720282,0.8379283339151543,0.06472289935687392,excellent,good
ILF_right,RD,mean,0.9108157577431241,0.8944315500003405,0.016384207742783596,excellent,good
ILF_right,AD,mean,0.8953296110943972,0.7222802338244458,0.1730493772699514,good,moderate
UF_left,FA,mean,0.9350406130354186,0.8169577185184708,0.11808289451694787,excellent,good
UF_left,MD,mean,0.9732642194968909,0.9735513943424108,-0.0002871748455198775,excellent,excellent
UF_left,RD,mean,0.9702796834441061,0.9557261882680856,0.014553495176020448,excellent,excellent
UF_left,AD,mean,0.9242100113753545,0.8262429440617592,0.09796706731359528,excellent,good
UF_right,FA,mean,0.9025161373976766,0.7097327021127902,0.1927834352848864,excellent,moderate
UF_right,MD,mean,0.9653043545954608,0.9659130484131242,-0.0006086938176633749,excellent,excellent
UF_right,RD,mean,0.9543648370537106,0.9272379452598432,0.027126891793867403,excellent,excellent
UF_right,AD,mean,0.9305220911534587,0.7795664899763204,0.15095560117713835,excellent,good
