metric,contrast,median_of_tract_medians_percent,q1_of_tract_medians_percent,q3_of_tract_medians_percent
AD,P02-P01,-1.598257795090846,-1.8537259251952556,-1.3110927275753674
AD,P03-P01,-2.94717815612636,-3.2589002740631727,-2.2130608191690104
AD,P03-P02,-1.0440904650323732,-1.5305275103352727,-0.3352641610136403
FA,P02-P01,-2.8352601566422435,-3.3904971612811248,-2.404522419919429
FA,P03-P01,-5.703581702659935,-6.477991439242027,-5.001193793505532
FA,P03-P02,-3.292151154848767,-4.013386134710589,-2.309699313478288
MD,P02-P01,-0.26760027740989545,-1.5620078002108146,0.029619578531946748
MD,P03-P01,-0.26079076921612676,-0.3969628389960925,-0.04575029192147431
MD,P03-P02,0.009554537665140111,-0.19726741917091,0.4761455054550801
RD,P02-P01,0.8516049455512057,-0.6224921530926526,1.3471613384165653
RD,P03-P01,2.244016209352651,2.042761506407337,2.9278543210899612
RD,P03-P02,1.53124297164363,0.9425769127261607,1.8507866188775304
