metric,contrast,n_biomarkers,n_pairwise_fdr_significant,median_estimate,min_pairwise_p_fdr,median_ci_width,percent_pairwise_fdr_significant
AD,P02-P01,10,10,-1.7154443289561686e-05,5.3429704500826374e-24,1.4206508961375621e-05,100.0
AD,P03-P01,10,10,-3.454982059642331e-05,5.413578986841887e-41,1.420650896137562e-05,100.0
AD,P03-P02,10,7,-1.3491167410426654e-05,5.444536949008547e-12,1.4206508961375621e-05,70.0
FA,P02-P01,10,9,-0.01119737117281174,4.2397255899670436e-26,0.009345514307251744,90.0
FA,P03-P01,10,10,-0.02809739557306065,1.668745791880595e-127,0.009345514307251746,100.0
FA,P03-P02,10,10,-0.015003323128058726,1.0785105220081241e-39,0.00934551430725174,100.0
MD,P02-P01,10,3,-2.8837469539783506e-06,4.46997615918582e-11,1.1528564343565352e-05,30.0
MD,P03-P01,10,3,-9.784375469233352e-07,1.8728369923372505e-07,1.152856434356535e-05,30.0
MD,P03-P02,10,2,2.058314479350005e-06,0.00015342794383142527,1.152856434356535e-05,20.0
RD,P02-P01,10,5,4.251601971575006e-06,2.386287417676948e-08,1.3094817948521613e-05,50.0
RD,P03-P01,10,8,1.4846254214803352e-05,4.997435362492884e-18,1.3094817948521615e-05,80.0
RD,P03-P02,10,8,1.1489894266873338e-05,9.521006603326611e-10,1.3094817948521615e-05,80.0
