tract,metric,feature,model_ok,full_optimizer,reduced_optimizer,full_converged,reduced_converged,full_llf,reduced_llf,full_aic,full_bic,scale_factor,random_intercept_variance_scaled,residual_variance_scaled,random_intercept_variance,residual_variance,random_effect_fraction,full_warnings,reduced_warnings,full_attempt_log,reduced_attempt_log,error
CC_2,AD,mean,True,lbfgs,lbfgs,True,True,-196.4525740068164,-226.34500645936998,404.9051480136328,419.90400603561443,100000.0,37.07573529632869,0.9339198146742876,3.7075735296328688e-09,9.339198146742877e-11,0.9754294057142355,,,lbfgs: converged=True; error=none; warnings=none,lbfgs: converged=True; error=none; warnings=none,
CC_2,FA,mean,True,lbfgs,lbfgs,True,True,-168.23474359146337,-195.6655031334348,348.46948718292674,363.46834520490836,100.0,13.268511628282349,0.6074011822693942,0.0013268511628282348,6.074011822693942e-05,0.9562262180108609,,,lbfgs: converged=True; error=none; warnings=none,lbfgs: converged=True; error=none; warnings=none,
CC_2,MD,mean,True,lbfgs,lbfgs,True,True,-211.62157270326753,-212.2155533159525,435.24314540653506,450.2420034285167,100000.0,49.33333876793119,1.3419415404366375,4.933333876793119e-09,1.3419415404366375e-10,0.9735188136647555,,,lbfgs: converged=True; error=none; warnings=none,lbfgs: converged=True; error=none; warnings=none,
CC_2,RD,mean,True,lbfgs,lbfgs,True,True,-226.3468138181106,-230.74225882408217,464.6936276362212,479.6924856582028,100000.0,61.61480854467245,1.9602000808820144,6.161480854467245e-09,1.9602000808820143e-10,0.9691671283534188,,,lbfgs: converged=True; error=none; warnings=none,lbfgs: converged=True; error=none; warnings=none,
CC_7,AD,mean,True,lbfgs,lbfgs,True,True,-284.6704552242739,-288.21359601790977,581.3409104485478,596.3397684705294,100000.0,64.38451403581483,13.037097996002265,6.438451403581483e-09,1.3037097996002265e-09,0.8316090603920188,,,lbfgs: converged=True; error=none; warnings=none,lbfgs: converged=True; error=none; warnings=none,
CC_7,FA,mean,True,lbfgs,lbfgs,True,True,-176.92201480689675,-214.77900905782474,365.8440296137935,380.8428876357751,100.0,8.97195542084197,0.9766813061617743,0.000897195542084197,9.766813061617743e-05,0.9018276239285375,,,lbfgs: converged=True; error=none; warnings=none,lbfgs: converged=True; error=none; warnings=none,
CC_7,MD,mean,True,lbfgs,lbfgs,True,True,-262.121468432996,-269.1157653137502,536.242936865992,551.2417948879736,100000.0,48.87864504049713,7.119830914355023,4.887864504049714e-09,7.119830914355023e-10,0.8728567020271183,,,lbfgs: converged=True; error=none; warnings=none,lbfgs: converged=True; error=none; warnings=none,
CC_7,RD,mean,True,lbfgs,lbfgs,True,True,-257.62808834864467,-275.18464557297307,527.2561766972893,542.255034719271,100000.0,51.09696905730684,6.021602819178483,5.109696905730684e-09,6.021602819178483e-10,0.8945771467781135,,,lbfgs: converged=True; error=none; warnings=none,lbfgs: converged=True; error=none; warnings=none,
CG_left,AD,mean,True,lbfgs,lbfgs,True,True,-209.91287314111378,-233.80579244731814,431.82574628222756,446.8246043042092,100000.0,20.74982377162997,1.9336511983129248,2.0749823771629968e-09,1.9336511983129248e-10,0.9147550716600898,,,lbfgs: converged=True; error=none; warnings=none,lbfgs: converged=True; error=none; warnings=none,
CG_left,FA,mean,True,lbfgs,lbfgs,True,True,-173.97736558333537,-204.4684328820756,359.95473116667074,374.95358918865236,100.0,6.902507077070111,1.0035255209437106,0.0006902507077070112,0.00010035255209437107,0.8730683805685523,,,lbfgs: converged=True; error=none; warnings=none,lbfgs: converged=True; error=none; warnings=none,
CG_left,MD,mean,True,lbfgs,lbfgs,True,True,-136.02780232608268,-138.0589572968591,284.05560465216536,299.054462674147,100000.0,9.293366257186698,0.2488375694661079,9.293366257186698e-10,2.488375694661079e-11,0.9739224214880982,,,lbfgs: converged=True; error=none; warnings=none,lbfgs: converged=True; error=none; warnings=none,
CG_left,RD,mean,True,lbfgs,lbfgs,True,True,-165.03141022663675,-190.60722444515255,342.0628204532735,357.0616784752551,100000.0,10.973730750032322,0.5993866688223229,1.0973730750032323e-09,5.99386668822323e-11,0.9482087110041917,,,lbfgs: converged=True; error=none; warnings=none,lbfgs: converged=True; error=none; warnings=none,
CG_right,AD,mean,True,lbfgs,lbfgs,True,True,-214.1523899515148,-231.71517202227352,440.3047799030296,455.30363792501123,100000.0,25.67816219228993,2.0069403442989215,2.567816219228993e-09,2.0069403442989215e-10,0.927508292893388,,,lbfgs: converged=True; error=none; warnings=none,lbfgs: converged=True; error=none; warnings=none,
CG_right,FA,mean,True,lbfgs,lbfgs,True,True,-188.4769456660345,-203.36958108322892,388.953891332069,403.95274935405064,100.0,7.725791993037821,1.525451454342785,0.000772579199303782,0.0001525451454342785,0.8351084950883332,,,lbfgs: converged=True; error=none; warnings=none,lbfgs: converged=True; error=none; warnings=none,
CG_right,MD,mean,True,lbfgs,lbfgs,True,True,-125.0624231444719,-126.1979620017459,262.1248462889438,277.1237043109254,100000.0,10.66065192542361,0.16151249121397288,1.066065192542361e-09,1.6151249121397286e-11,0.9850757681184672,,,lbfgs: converged=True; error=none; warnings=none,lbfgs: converged=True; error=none; warnings=none,
CG_right,RD,mean,True,lbfgs,lbfgs,True,True,-176.41136870301244,-185.69443947454954,364.8227374060249,379.8215954280065,100000.0,11.487233787770451,0.8533451329600958,1.1487233787770452e-09,8.533451329600959e-11,0.930850478049568,,,lbfgs: converged=True; error=none; warnings=none,lbfgs: converged=True; error=none; warnings=none,
IFO_left,AD,mean,True,lbfgs,lbfgs,True,True,-232.69775698304682,-261.27914122335704,477.39551396609363,492.39437198807525,100000.0,50.75964898605071,2.659827529166398,5.075964898605071e-09,2.659827529166398e-10,0.950208656043106,,,lbfgs: converged=True; error=none; warnings=none,lbfgs: converged=True; error=none; warnings=none,
IFO_left,FA,mean,True,lbfgs,lbfgs,True,True,-132.40166296004713,-203.83120525642977,276.80332592009427,291.8021839420759,100.0,7.532465967928455,0.24469826164057745,0.0007532465967928455,2.4469826164057744e-05,0.9685363129262171,,,lbfgs: converged=True; error=none; warnings=none,lbfgs: converged=True; error=none; warnings=none,
IFO_left,MD,mean,True,lbfgs,lbfgs,True,True,-224.18508834783228,-224.49810340418395,460.37017669566455,475.3690347176462,100000.0,48.283678424253104,2.056731765363309,4.82836784242531e-09,2.0567317653633088e-10,0.9591435239082032,,,lbfgs: converged=True; error=none; warnings=none,lbfgs: converged=True; error=none; warnings=none,
IFO_left,RD,mean,True,lbfgs,lbfgs,True,True,-224.06115657479904,-239.02611079361327,460.1223131495981,475.1211711715797,100000.0,50.4575709405347,2.0045892229991162,5.04575709405347e-09,2.0045892229991163e-10,0.9617898078014618,,,lbfgs: converged=True; error=none; warnings=none,lbfgs: converged=True; error=none; warnings=none,
IFO_right,AD,mean,True,lbfgs,lbfgs,True,True,-212.08474275477784,-254.779020830464,436.16948550955567,451.1683435315373,100000.0,35.1754475051333,1.609026348109358,3.5175447505133298e-09,1.609026348109358e-10,0.9562580029137071,,,lbfgs: converged=True; error=none; warnings=none,lbfgs: converged=True; error=none; warnings=none,
IFO_right,FA,mean,True,lbfgs,lbfgs,True,True,-146.03185505646962,-199.4684803851722,304.06371011293925,319.06256813492087,100.0,6.74392376831817,0.4054991743503975,0.000674392376831817,4.054991743503975e-05,0.9432822512247341,,,lbfgs: converged=True; error=none; warnings=none,lbfgs: converged=True; error=none; warnings=none,
IFO_right,MD,mean,True,lbfgs,lbfgs,True,True,-203.6946047567065,-209.76528017799689,419.389209513413,434.3880675353946,100000.0,33.21091507309602,1.2535848662630216,3.3210915073096017e-09,1.2535848662630217e-10,0.9636267791939901,,,lbfgs: converged=True; error=none; warnings=none,lbfgs: converged=True; error=none; warnings=none,
IFO_right,RD,mean,True,lbfgs,lbfgs,True,True,-208.0813357085546,-222.05112521510506,428.1626714171092,443.1615294390908,100000.0,35.135862833697615,1.4101091509696804,3.5135862833697614e-09,1.4101091509696804e-10,0.9614154700397274,,,lbfgs: converged=True; error=none; warnings=none,lbfgs: converged=True; error=none; warnings=none,
ILF_left,AD,mean,True,lbfgs,lbfgs,True,True,-283.3344463503731,-310.4074979028363,578.6688927007463,593.6677507227279,100000.0,122.96016149905293,9.20826515943475,1.2296016149905294e-08,9.208265159434751e-10,0.9303293124368639,,,lbfgs: converged=True; error=none; warnings=none,lbfgs: converged=True; error=none; warnings=none,
ILF_left,FA,mean,True,lbfgs,lbfgs,True,True,-175.35185023979506,-212.572187973057,362.7037004795901,377.70255850157173,100.0,11.062408540824984,0.8391863828985906,0.0011062408540824984,8.391863828985906e-05,0.9294895862044649,,,lbfgs: converged=True; error=none; warnings=none,lbfgs: converged=True; error=none; warnings=none,
ILF_left,MD,mean,True,lbfgs,lbfgs,True,True,-266.7562182656556,-277.1233482331556,545.5124365313112,560.5112945532928,100000.0,101.44101183731716,5.850298589227821,1.0144101183731717e-08,5.850298589227821e-10,0.9454727641412011,,,lbfgs: converged=True; error=none; warnings=none,lbfgs: converged=True; error=none; warnings=none,
ILF_left,RD,mean,True,lbfgs,lbfgs,True,True,-263.97650179805294,-268.4127587935012,539.9530035961059,554.9518616180875,100000.0,97.8623906900434,5.431138182827124,9.78623906900434e-09,5.431138182827124e-10,0.9474203443130349,,,lbfgs: converged=True; error=none; warnings=none,lbfgs: converged=True; error=none; warnings=none,
ILF_right,AD,mean,True,lbfgs,lbfgs,True,True,-279.6515587206086,-316.3858565456569,571.3031174412172,586.3019754631988,100000.0,79.46723737739624,10.047105616247645,7.946723737739624e-09,1.0047105616247644e-09,0.8877598239540109,,,lbfgs: converged=True; error=none; warnings=none,lbfgs: converged=True; error=none; warnings=none,
ILF_right,FA,mean,True,lbfgs,lbfgs,True,True,-182.48459690006365,-217.54765643547597,376.9691938001273,391.9680518221089,100.0,12.832037374381894,0.9881246116150473,0.0012832037374381894,9.881246116150472e-05,0.9285012279439091,,,lbfgs: converged=True; error=none; warnings=none,lbfgs: converged=True; error=none; warnings=none,
ILF_right,MD,mean,True,lbfgs,lbfgs,True,True,-260.3363254071964,-278.87763881466407,532.6726508143928,547.6715088363744,100000.0,56.48989843172309,6.274828958779854,5.648989843172309e-09,6.274828958779854e-10,0.9000261895548468,,,lbfgs: converged=True; error=none; warnings=none,lbfgs: converged=True; error=none; warnings=none,
ILF_right,RD,mean,True,lbfgs,lbfgs,True,True,-257.8148987318372,-264.4361687283696,527.6297974636744,542.628655485656,100000.0,57.866525742119926,5.711340295539206,5.786652574211993e-09,5.711340295539207e-10,0.9101677887056449,,,lbfgs: converged=True; error=none; warnings=none,lbfgs: converged=True; error=none; warnings=none,
UF_left,AD,mean,True,lbfgs,lbfgs,True,True,-208.39549345774452,-237.66481095997227,428.79098691548904,443.78984493747066,100000.0,21.502454618824263,1.8084794916929765,2.1502454618824262e-09,1.8084794916929766e-10,0.9224192611450504,,,lbfgs: converged=True; error=none; warnings=none,lbfgs: converged=True; error=none; warnings=none,
UF_left,FA,mean,True,lbfgs,lbfgs,True,True,-174.7117550460381,-210.857527712347,361.4235100920762,376.4223681140578,100.0,9.91604992438207,0.8660416574734152,0.000991604992438207,8.660416574734152e-05,0.9196777683718785,,,lbfgs: converged=True; error=none; warnings=none,lbfgs: converged=True; error=none; warnings=none,
UF_left,MD,mean,True,lbfgs,lbfgs,True,True,-182.39415674507,-183.0783733378205,376.78831349014,391.78717151212163,100000.0,22.98431583651456,0.7415069455536525,2.298431583651456e-09,7.415069455536525e-11,0.968746839577927,,,lbfgs: converged=True; error=none; warnings=none,lbfgs: converged=True; error=none; warnings=none,
UF_left,RD,mean,True,lbfgs,lbfgs,True,True,-198.54215691436673,-211.96946477582787,409.08431382873346,424.0831718507151,100000.0,29.58433818764885,1.1185859046347453,2.958433818764885e-09,1.1185859046347453e-10,0.9635674471502252,,,lbfgs: converged=True; error=none; warnings=none,lbfgs: converged=True; error=none; warnings=none,
UF_right,AD,mean,True,lbfgs,lbfgs,True,True,-183.6007433043511,-224.56564275641693,379.2014866087022,394.20034463068384,100000.0,12.87117555793566,1.0236002437846625,1.287117555793566e-09,1.0236002437846625e-10,0.9263320071952561,,,lbfgs: converged=True; error=none; warnings=none,lbfgs: converged=True; error=none; warnings=none,
UF_right,FA,mean,True,lbfgs,lbfgs,True,True,-164.85551628227512,-205.81496812999836,341.71103256455024,356.70989058653186,100.0,5.824406702484775,0.8069132178061099,0.0005824406702484775,8.069132178061099e-05,0.8783178571528315,,,lbfgs: converged=True; error=none; warnings=none,lbfgs: converged=True; error=none; warnings=none,
UF_right,MD,mean,True,lbfgs,lbfgs,True,True,-170.62026591839987,-171.08741546863405,353.24053183679973,368.23938985878135,100000.0,14.128301188708244,0.637415906767515,1.4128301188708243e-09,6.37415906767515e-11,0.9568313612778874,,,lbfgs: converged=True; error=none; warnings=none,lbfgs: converged=True; error=none; warnings=none,
UF_right,RD,mean,True,lbfgs,lbfgs,True,True,-191.52941872571023,-207.40702131532845,395.05883745142046,410.0576954734021,100000.0,17.954859566362135,1.131862066546808,1.7954859566362135e-09,1.131862066546808e-10,0.9406989797244554,,,lbfgs: converged=True; error=none; warnings=none,lbfgs: converged=True; error=none; warnings=none,
