tract,metric,feature,contrast,pipeline_1,pipeline_2,n_subjects,mean_raw_difference,median_raw_difference,sd_raw_difference,mean_signed_symmetric_percent,median_signed_symmetric_percent,sd_signed_symmetric_percent,q1_signed_symmetric_percent,q3_signed_symmetric_percent,min_signed_symmetric_percent,max_signed_symmetric_percent
CC_2,AD,mean,P02-P01,pipeline_01,pipeline_02,30,-1.7765916074196684e-05,-1.8220260187049963e-05,1.4692334991821765e-05,-1.2598651424838216,-1.3470393299664876,1.0210371948633672,-1.912870408353692,-0.8086122085422571,-3.0712478389277513,1.4597221624325445
CC_2,AD,mean,P03-P01,pipeline_01,pipeline_03,30,-2.443843775772999e-05,-2.5398233049900168e-05,1.5283493462068207e-05,-1.7401689506707987,-1.783674142669473,1.075160728525757,-2.253462581043525,-1.4561684647284974,-3.392203436955329,1.3386004591783929
CC_2,AD,mean,P03-P02,pipeline_02,pipeline_03,30,-6.672521683533308e-06,-7.508628372899975e-06,1.141151099967045e-05,-0.48033104122323306,-0.563815316360981,0.8001446366011821,-0.8016746620188571,0.07996157351281637,-2.912679251745234,0.8904531381725292
CC_2,FA,mean,P02-P01,pipeline_01,pipeline_02,30,-0.00956673107577394,-0.011214174341770855,0.0134679662819513,-2.086812471064478,-2.3312128947374156,3.1014957817742963,-3.4338909170691707,-1.3801645585863567,-6.612553804466753,8.268945923133211
CC_2,FA,mean,P03-P01,pipeline_01,pipeline_03,30,-0.019059441987380087,-0.019768865783762135,0.01308892973205817,-4.309023789684428,-4.441402804180686,3.106715839693473,-5.199881739483235,-3.602829276846141,-10.400394843223646,5.039878814858475
CC_2,FA,mean,P03-P02,pipeline_02,pipeline_03,30,-0.009492710911606148,-0.009373466913895012,0.004929212638653184,-2.223240651934606,-2.0150569974996255,1.307498028682596,-2.818894497603325,-1.3548662913550795,-6.659738962825393,-0.22984350809344595
CC_2,MD,mean,P02-P01,pipeline_01,pipeline_02,30,-3.1526094196666527e-06,-1.8699813964000102e-06,1.965339013502498e-05,-0.35505287843364003,-0.21167522756349472,2.0506454897768416,-1.0642206098248728,0.4200198460423914,-7.055182067935629,4.337793077874489
CC_2,MD,mean,P03-P01,pipeline_01,pipeline_03,30,-8.042425902733389e-07,-2.4509238260499795e-06,1.7962052977889767e-05,-0.1175967031322745,-0.28522756650779646,1.8435477994429734,-0.812494518240705,0.5763685727047342,-5.063639776377524,4.728304542082657
CC_2,MD,mean,P03-P02,pipeline_02,pipeline_03,30,2.348366829393314e-06,2.654986307499695e-07,1.1137169238340868e-05,0.2375207507126185,0.030599859101712347,1.1520993568858602,-0.37141809442307544,1.0529213926934897,-2.3450979994334658,3.3288468510316824
CC_2,RD,mean,P02-P01,pipeline_01,pipeline_02,30,4.1540441769866635e-06,5.284947749950011e-06,2.427559628804432e-05,0.6402673415811987,0.789534100165979,3.440999806216575,-0.6159903357652969,2.032198568381145,-11.42147667786729,6.963774026263418
CC_2,RD,mean,P03-P01,pipeline_01,pipeline_03,30,1.1012855045949999e-05,1.2227594505050024e-05,2.2050681534668982e-05,1.6205260190173838,2.0029018906092055,3.036587081421407,0.4235498438459585,3.1194512420089424,-7.453524804633832,8.066675296076719
CC_2,RD,mean,P03-P02,pipeline_02,pipeline_03,30,6.858810868963335e-06,4.048576301300016e-06,1.1880154500850429e-05,0.980582604620045,0.6493250747020057,1.6215284263220344,0.06884364423258475,1.9813512159716056,-1.8436593503798064,5.5073731373977495
CC_7,AD,mean,P02-P01,pipeline_01,pipeline_02,30,-2.282955900837334e-05,-2.610439739265003e-05,4.72503333594327e-05,-1.303175275223793,-1.6180517985656686,2.7939783817227264,-2.5887406505518418,-0.7410094084465536,-5.8496209119388745,7.248285266423704
CC_7,AD,mean,P03-P01,pipeline_01,pipeline_03,30,-2.138531941349666e-05,-2.762336746260001e-05,6.004746410070654e-05,-1.292467672586229,-1.6167487086237156,3.5628838029339183,-3.1805116640603646,-0.1451451746262977,-6.064531750390589,11.51995515908443
CC_7,AD,mean,P03-P02,pipeline_02,pipeline_03,30,1.4442395948766828e-06,-1.5909249982499693e-06,4.7472547456079116e-05,0.010908002881221786,-0.09804567181206575,2.7206007408288286,-1.2600474530695311,1.4422641683948187,-5.806251511473581,6.17968491786889
CC_7,FA,mean,P02-P01,pipeline_01,pipeline_02,30,-0.0019829184525992027,-0.003273214721078832,0.01599389739690008,-0.3611982318262742,-0.5525689054730896,2.713930430467458,-1.7943974437958967,0.7385035476251938,-5.70247088326744,5.9510596240417755
CC_7,FA,mean,P03-P01,pipeline_01,pipeline_03,30,-0.028175535142402845,-0.028322047019186225,0.014404245433616318,-4.849046595561465,-4.819583089834369,2.546924864354356,-6.3101307498000345,-3.1396153443040755,-9.730120383147488,0.7923873305112584
CC_7,FA,mean,P03-P02,pipeline_02,pipeline_03,30,-0.026192616689803643,-0.02675004094140443,0.011955257610684653,-4.488377822025419,-4.567119187648124,2.024839177278839,-5.83705477804891,-3.2461695303209184,-8.236693391227211,-0.12386419754298367
CC_7,MD,mean,P02-P01,pipeline_01,pipeline_02,30,-1.0657976089459984e-05,-1.6569383923300022e-05,3.7277297137657445e-05,-1.0812210138673577,-1.8101959626226765,3.8121709444378027,-3.594248631564883,0.45589434575627974,-7.080380712601477,8.980072847532753
CC_7,MD,mean,P03-P01,pipeline_01,pipeline_03,30,1.647973109938999e-05,1.7795166060549943e-05,4.3185518341917146e-05,1.6145741880104234,1.8235498680035898,4.242011092255849,-0.9867808950282135,3.710053647903483,-6.905756289665409,13.991111988216078
CC_7,MD,mean,P03-P02,pipeline_02,pipeline_03,30,2.7137707188849975e-05,1.9851480270699983e-05,3.412592378336773e-05,2.696222493998967,2.1817134412517234,3.2332948061180136,0.21024559566703635,5.01470261928281,-4.457644549927364,9.156182880369366
CC_7,RD,mean,P02-P01,pipeline_01,pipeline_02,30,-4.57218473610334e-06,-7.899240809149978e-06,3.6990526268531076e-05,-0.8177859828804918,-1.3785897569576568,5.943617147117036,-3.911638965936737,2.943045233009759,-12.828207665983435,14.136352231944942
CC_7,RD,mean,P03-P01,pipeline_01,pipeline_03,30,3.541225659577332e-05,2.951375870035005e-05,3.824771941062266e-05,5.565794424073255,5.237483879214889,5.671275220509556,2.2705580164978536,9.550773031754213,-8.264279006982239,17.100738863154238
CC_7,RD,mean,P03-P02,pipeline_02,pipeline_03,30,3.998444133187667e-05,3.4086509215550055e-05,3.0105777145242182e-05,6.384345384395163,6.259977616708675,4.475344702282913,2.9512734576749047,9.658317231069558,-2.774635119231765,14.739241203603742
CG_left,AD,mean,P02-P01,pipeline_01,pipeline_02,30,-1.5192808752313352e-05,-1.9190833862149995e-05,2.300426576335029e-05,-1.2619692008876693,-1.5784637916160236,1.9525699853064251,-2.0849208112403863,-1.0548676151045977,-4.756432045463785,4.35730779192498
CG_left,AD,mean,P03-P01,pipeline_01,pipeline_03,30,-3.068774351373335e-05,-3.599840851410002e-05,2.0353647681935956e-05,-2.563300436256183,-2.9596460559526387,1.708497753623872,-3.7434305845020073,-1.409979079936135,-5.198592991409052,3.1857674449551348
CG_left,AD,mean,P03-P02,pipeline_02,pipeline_03,30,-1.5494934761419993e-05,-1.63151727921e-05,1.602255126366059e-05,-1.3014560592973614,-1.3820995921099297,1.3532251751333564,-2.109918147125315,-0.47148628112937274,-3.485301416019148,1.743627377452863
CG_left,FA,mean,P02-P01,pipeline_01,pipeline_02,30,-0.013755580021733705,-0.015440483599466037,0.016638278135578874,-3.175433678244626,-3.499998227885057,3.96153294492112,-5.14373524876203,-1.736001542828829,-10.218650483179676,6.897790135740506
CG_left,FA,mean,P03-P01,pipeline_01,pipeline_03,30,-0.026598103849914855,-0.027282355056278768,0.011580317457486564,-6.256510136247624,-6.187688004625302,2.8148727092092214,-7.98243015777817,-4.191221854992644,-12.234304179170563,-1.4272780549907695
CG_left,FA,mean,P03-P02,pipeline_02,pipeline_03,30,-0.012842523828181155,-0.012722912611992654,0.01455802044344414,-3.0820086116166596,-2.9785038654027374,3.4585452352329815,-5.786615961566656,0.3458042254625673,-10.480299724424013,2.3517416221096417
CG_left,MD,mean,P02-P01,pipeline_01,pipeline_02,30,2.624363547923334e-06,2.2394500089000066e-06,5.2438476872896e-06,0.3249850675983216,0.28623643542765,0.6544240156262933,-0.01932091018919172,0.739835888053133,-1.2636040438930618,2.1939409653611635
CG_left,MD,mean,P03-P01,pipeline_01,pipeline_03,30,1.5648285920200001e-06,-2.514936701000195e-07,8.710654909992786e-06,0.1898272249288146,-0.03382984205397015,1.0707634882969144,-0.23515753710883686,0.4507791797955438,-1.4763909956535106,4.790014020230484
CG_left,MD,mean,P03-P02,pipeline_02,pipeline_03,30,-1.0595349559033338e-06,-2.0825083718500263e-06,7.146826231941869e-06,-0.1351324873036221,-0.2562374730224086,0.8796544177112811,-0.5920292301961808,0.30638522732612605,-1.9784718310971299,2.5967552879206286
CG_left,RD,mean,P02-P01,pipeline_01,pipeline_02,30,1.1532948993106654e-05,9.766280841949984e-06,1.1207516551968754e-05,1.9637044026988026,1.6886294043024401,1.8928276080248814,1.231769284180303,3.3819468878019663,-3.7167686150231094,4.6722910207124055
CG_left,RD,mean,P03-P01,pipeline_01,pipeline_03,30,1.769111470366332e-05,1.75677892214e-05,9.582265897707841e-06,2.984998839268423,3.0998369760159443,1.5695869455698668,1.8433324274295186,3.9622047384337984,-0.5434421029170757,6.246183880604643
CG_left,RD,mean,P03-P02,pipeline_02,pipeline_03,30,6.158165710556665e-06,5.6056365823000005e-06,1.2433974559143191e-05,1.0213630116394712,0.9844898196715715,2.0437627807045686,-0.5222487811460377,1.8305558540063118,-2.1911147645864704,6.089922680578932
CG_right,AD,mean,P02-P01,pipeline_01,pipeline_02,30,-1.3753122142533357e-05,-1.403537802949998e-05,2.137470191490904e-05,-1.1525672603128012,-1.1470026392743329,1.8095178651262451,-2.229915139482022,0.10019451662687208,-5.01206291844222,2.481614774309194
CG_right,AD,mean,P03-P01,pipeline_01,pipeline_03,30,-2.5240522201966692e-05,-2.470794092395009e-05,2.240385015003436e-05,-2.1185612092514163,-2.05554811564645,1.8593632058631762,-2.886693435555917,-1.3487226957647795,-8.726376834852777,1.7369148382383908
CG_right,AD,mean,P03-P02,pipeline_02,pipeline_03,30,-1.1487400059433337e-05,-9.012299669650071e-06,1.6936356054013498e-05,-0.9661428170441366,-0.791557873663694,1.4493788997611368,-1.8081640041028886,-0.11703714280744602,-3.718379699653992,2.4591683890738443
CG_right,FA,mean,P02-P01,pipeline_01,pipeline_02,30,-0.010652115949029671,-0.013745081471447651,0.0174993426801245,-2.373491770254665,-2.969257747547717,4.0777571161061585,-5.071293079480232,-0.017605655822790195,-10.991662533394976,7.328225947588287
CG_right,FA,mean,P03-P01,pipeline_01,pipeline_03,30,-0.019785593394746073,-0.019495751109345344,0.02007812258652553,-4.653391731667829,-4.767707502176078,5.087177567824217,-6.082876398546771,-3.6097417410229995,-25.44909475161294,6.280546808244801
CG_right,FA,mean,P03-P02,pipeline_02,pipeline_03,30,-0.009133477445716399,-0.008483943424348855,0.01540981801020803,-2.2833470818370785,-1.956531183121153,3.9401732411656374,-3.9205000922710966,-0.7139430186935063,-14.559247900145477,4.159715523078322
CG_right,MD,mean,P02-P01,pipeline_01,pipeline_02,30,3.578449049400017e-07,4.4104762505006723e-07,6.607900630002951e-06,0.039967828201738796,0.05549241957848085,0.8421407625277989,-0.3273676142654148,0.29587922292297064,-2.2439541425734713,2.2942790673140956
CG_right,MD,mean,P03-P01,pipeline_01,pipeline_03,30,-1.1526325035733266e-06,-6.319092192499801e-07,5.56629447207011e-06,-0.15128785033640046,-0.08151164152398681,0.7187428896331426,-0.4581582859739641,0.10177150855660919,-2.0869068931761228,1.2213607359961942
CG_right,MD,mean,P03-P02,pipeline_02,pipeline_03,30,-1.5104774085133282e-06,-1.3117644188000025e-06,5.059167716454426e-06,-0.1912579774313521,-0.17420028616478817,0.6315501373187438,-0.3643008248140119,0.15775644657084822,-1.6267827419348984,1.1240324214427728
CG_right,RD,mean,P02-P01,pipeline_01,pipeline_02,30,7.413328774753344e-06,1.0226870792000037e-05,1.342608722822182e-05,1.287340174704775,1.7125891835823421,2.306627852079439,0.5586733678251143,2.653862067383085,-5.187996144218545,5.513770308773044
CG_right,RD,mean,P03-P01,pipeline_01,pipeline_03,30,1.0891312676656678e-05,1.3107336993750012e-05,1.4940213656818987e-05,1.8347949813961613,2.238745695033699,2.421243976143005,1.0087347339676183,3.0234013180013033,-4.412500610931987,9.2404482969064
CG_right,RD,mean,P03-P02,pipeline_02,pipeline_03,30,3.477983901903333e-06,4.506794745650028e-06,1.1232548667153774e-05,0.5476193922005924,0.7933688312704366,1.8333655516396545,-0.0676898077045095,1.3816952207347848,-3.3525822345115466,5.242193214237729
IFO_left,AD,mean,P02-P01,pipeline_01,pipeline_02,30,-1.645147883637665e-05,-2.505682965350006e-05,2.739300651201867e-05,-1.1589328080689647,-1.8454119557742383,1.9393473303777404,-2.378530773020695,-0.0576056181094806,-5.562474998406295,3.4064917767245664
IFO_left,AD,mean,P03-P01,pipeline_01,pipeline_03,30,-4.090486630515667e-05,-4.557001629819997e-05,2.318430612915011e-05,-2.914991503767056,-3.274208396387384,1.6524766452680084,-3.995939736796223,-2.2480742520428345,-5.1243777114189655,2.02656146558868
IFO_left,AD,mean,P03-P02,pipeline_02,pipeline_03,30,-2.4453387468780024e-05,-2.8928317125300092e-05,1.905338732955361e-05,-1.7562069502003403,-2.1745146707783847,1.3771673034208598,-2.657091498422778,-1.035693837150848,-4.097601419116301,1.9513647763480892
IFO_left,FA,mean,P02-P01,pipeline_01,pipeline_02,30,-0.013769641022243402,-0.012861216365299355,0.0066625281522374675,-2.8315898848577983,-2.6244509954654687,1.3713228328731053,-3.8602715721526186,-2.007950151326999,-6.081600836352739,-0.4825862723809596
IFO_left,FA,mean,P03-P01,pipeline_01,pipeline_03,30,-0.03093376345017971,-0.03242748554342492,0.007693284274207165,-6.488941016165916,-6.574759250780936,1.674892074436693,-7.763370918513927,-5.519053000423957,-9.18394653382753,-2.007539818225605
IFO_left,FA,mean,P03-P02,pipeline_02,pipeline_03,30,-0.0171641224279363,-0.016379316471592437,0.0069502302553828615,-3.6590856828561025,-3.6057984442947966,1.5501742679109733,-4.452981249706883,-2.540793076803816,-6.92624774490481,-0.8428588200290086
IFO_left,MD,mean,P02-P01,pipeline_01,pipeline_02,30,2.936946496649999e-06,-2.7886911184996565e-07,2.4541448494575667e-05,0.35578600570120844,-0.04799894460765555,2.696436933910588,-1.56882005876554,2.0795541159687416,-4.623357902588981,7.448378473865102
IFO_left,MD,mean,P03-P01,pipeline_01,pipeline_03,30,1.5156249530299925e-06,-2.7202261564500136e-06,1.9226357809903433e-05,0.19974903948839154,-0.27509869029830525,2.1626829523340256,-1.1353368689878183,1.2375038814191894,-3.4759425275089995,6.103417564426835
IFO_left,MD,mean,P03-P02,pipeline_02,pipeline_03,30,-1.4213215436200065e-06,-1.8472582713499695e-06,1.7453743556092715e-05,-0.15608846533174753,-0.20495646350628394,1.9165905823865357,-1.533846592242214,0.7298129380820384,-4.226156871519701,4.0688272287073906
IFO_left,RD,mean,P02-P01,pipeline_01,pipeline_02,30,1.2631159917660013e-05,9.770129047600008e-06,2.397417850196359e-05,2.044442298070177,1.3982588374178422,3.6990688529170224,-0.8196966050991235,4.403018164612338,-4.115708873015174,12.122229521186723
IFO_left,RD,mean,P03-P01,pipeline_01,pipeline_03,30,2.272587091313334e-05,1.9895327129650054e-05,1.8724796138440122e-05,3.600170369140493,2.815375107456207,2.9927743707676027,1.5409406897290938,5.4545438791542695,-2.349902595085112,10.602951718760286
IFO_left,RD,mean,P03-P02,pipeline_02,pipeline_03,30,1.0094710995473324e-05,1.1382080396099982e-05,1.785534496498854e-05,1.5557188718797912,1.7671281044073381,2.636031227407678,-0.48116995245730854,2.9181057089685316,-4.357381560426453,7.208346274106163
IFO_right,AD,mean,P02-P01,pipeline_01,pipeline_02,30,-2.629848130192666e-05,-2.5041178349250034e-05,1.860373975993481e-05,-1.895922156718897,-1.8564972483355946,1.3066599085920592,-3.066600293441978,-1.0188324145700425,-4.329254426971363,0.9373313149330157
IFO_right,AD,mean,P03-P01,pipeline_01,pipeline_03,30,-4.4801626687489974e-05,-4.453478118495e-05,1.766959665917921e-05,-3.263358053720945,-3.212975907090539,1.2690021617672649,-3.963332421112084,-2.751285549560631,-5.877972393293232,0.22278198693144216
IFO_right,AD,mean,P03-P02,pipeline_02,pipeline_03,30,-1.850314538556331e-05,-1.7127054679199998e-05,1.8449411667826976e-05,-1.3676335752673836,-1.2966230564010524,1.3364217592371124,-1.9709411062934294,-0.8333972471269688,-4.775282160406104,1.9967944544547855
IFO_right,FA,mean,P02-P01,pipeline_01,pipeline_02,30,-0.007699524279873741,-0.006160532078226838,0.009708786625369666,-1.5651119104927516,-1.4187887199689073,2.0127833196334253,-2.8810906312672984,-0.618071283995269,-5.615748329611821,4.6665268744062445
IFO_right,FA,mean,P03-P01,pipeline_01,pipeline_03,30,-0.027432260197015324,-0.025875436805608054,0.01054061708310796,-5.8545346168391506,-5.546025904519022,2.166582941726453,-6.930217704135888,-4.846167899143676,-10.624572428385429,0.4171347601277422
IFO_right,FA,mean,P03-P02,pipeline_02,pipeline_03,30,-0.019732735917141576,-0.018627587325133144,0.006806148632725177,-4.290685888980111,-4.084997492807774,1.5023036589365926,-4.956119460897256,-3.5075265203468966,-8.601280934857654,-1.5451955031835058
IFO_right,MD,mean,P02-P01,pipeline_01,pipeline_02,30,-1.060388529652001e-05,-7.0838632439499684e-06,1.484225290004783e-05,-1.1756144369334318,-0.817443312975229,1.6197988780134196,-2.6003754964325636,0.2353194392673352,-4.5585762176562135,1.0192501540134242
IFO_right,MD,mean,P03-P01,pipeline_01,pipeline_03,30,-5.413920778846684e-06,-3.7424744663000086e-06,1.7056108699268686e-05,-0.6141023027327762,-0.4342079298255246,1.9043964978211798,-1.6557902326543226,0.43439661764676896,-4.159211328384755,3.651169038604945
IFO_right,MD,mean,P03-P02,pipeline_02,pipeline_03,30,5.189964517673325e-06,2.340077724850029e-06,1.6335668492272963e-05,0.5614741689695038,0.2662068689656309,1.7867275248017536,-0.5242998991846992,1.1354649994471262,-2.8459620175573708,5.528782267652097
IFO_right,RD,mean,P02-P01,pipeline_01,pipeline_02,30,-2.756586618903327e-06,7.283405284999535e-07,1.589915071753707e-05,-0.3549522498725404,0.13394814936660795,2.4694715536569647,-2.1990105061855036,1.337433295998309,-5.930348705691077,3.9797864120773077
IFO_right,RD,mean,P03-P01,pipeline_01,pipeline_03,30,1.4279932475373345e-05,1.2326724200700009e-05,1.880400359651888e-05,2.2469201283867575,2.1623403538017305,2.955496245923473,0.7941547477489599,3.908622045864077,-4.3625420366968655,8.623647977006438
IFO_right,RD,mean,P03-P02,pipeline_02,pipeline_03,30,1.7036519094276672e-05,1.103867915735004e-05,1.6396442099839583e-05,2.60192755039532,1.9874343561264132,2.414963308793179,1.3880119929775816,3.261414841245752,-0.8824307199344326,9.131756134954308
ILF_left,AD,mean,P02-P01,pipeline_01,pipeline_02,30,-6.589409115136998e-05,-5.5905145006900016e-05,5.2523134084983986e-05,-4.455117453446653,-3.952283663946345,3.309748340765188,-6.23430584489646,-2.1287517299713024,-12.014888429630934,1.0824658886312595
ILF_left,AD,mean,P03-P01,pipeline_01,pipeline_03,30,-6.108959317825667e-05,-4.884901782460009e-05,4.286981065909406e-05,-4.132735067897932,-3.6199714050164467,2.6737912412986926,-5.108077720274499,-2.152199490753243,-11.241963468790773,-0.4201134213954319
ILF_left,AD,mean,P03-P02,pipeline_02,pipeline_03,30,4.804497973113315e-06,2.4487041570499983e-06,3.344764506289565e-05,0.3229761398348657,0.17525733171547506,2.317006086740016,-0.9388288862458931,1.6714664990939643,-3.7852621716244337,5.6419509262972225
ILF_left,FA,mean,P02-P01,pipeline_01,pipeline_02,30,-0.01652562684604495,-0.013864144024579,0.013546797852127191,-3.59688025096183,-3.061993961469328,3.024586658976036,-4.839399193814097,-1.9689839670827878,-11.78076677685367,1.727016570387651
ILF_left,FA,mean,P03-P01,pipeline_01,pipeline_03,30,-0.028608827112730648,-0.025874578220057093,0.015233282447229875,-6.368461221061379,-5.657425233695925,3.624481733711362,-7.567854440122954,-3.8188252514946854,-16.419959264719733,-1.819590588939544
ILF_left,FA,mean,P03-P02,pipeline_02,pipeline_03,30,-0.012083200266685695,-0.012057592291665586,0.010260926175144866,-2.7742946076213517,-2.641528747725629,2.3313752209297336,-4.0446405284528435,-1.1616239325947713,-8.335824875118611,1.5373336647541394
ILF_left,MD,mean,P02-P01,pipeline_01,pipeline_02,30,-3.099326740467e-05,-1.959675775799999e-05,3.950585720038474e-05,-3.1944094845840914,-2.017847170260853,3.7294916971910124,-4.987638801029222,-0.7248874761441413,-11.38922262139867,5.8869101260085355
ILF_left,MD,mean,P03-P01,pipeline_01,pipeline_03,30,-1.751065411617667e-05,-8.189435127649975e-06,3.601142808000314e-05,-1.8210384974180964,-0.9406614733091165,3.436424596157984,-2.8704375776974445,0.2996386353154801,-9.655348337280273,3.68658878899469
ILF_left,MD,mean,P03-P02,pipeline_02,pipeline_03,30,1.3482613288493334e-05,1.152679512535004e-05,2.781505139475445e-05,1.3734998770468105,1.1860686110905854,2.8972170731055176,-0.094649103395003,2.2216870610988066,-3.98300953366309,10.374066994958739
ILF_left,RD,mean,P02-P01,pipeline_01,pipeline_02,30,-1.3542855337236668e-05,-6.034738996000004e-06,3.629139695999295e-05,-1.8766694049922246,-0.8746389205790728,4.525974342967002,-4.000291029563498,0.7169968430925072,-10.815712333498524,10.371012325374158
ILF_left,RD,mean,P03-P01,pipeline_01,pipeline_03,30,4.278815850350006e-06,9.06119475764999e-06,3.645395247219961e-05,0.5436167615609636,1.5221448218767233,4.574862916120768,-1.2919750863553872,2.495165793813706,-10.18916177452146,8.975346755850744
ILF_left,RD,mean,P03-P02,pipeline_02,pipeline_03,30,1.7821671187586674e-05,1.3874523703900053e-05,2.6927423241243036e-05,2.419755873659902,1.8786727903675946,3.7704986679273342,0.6074096237859483,3.3799079687625615,-5.998000368006045,15.388487965206616
ILF_right,AD,mean,P02-P01,pipeline_01,pipeline_02,30,-8.439341773574333e-05,-7.321941657174999e-05,5.922569483009143e-05,-5.792277650596843,-5.1085112243430695,3.796815836754928,-6.75306202287157,-3.4032992179207375,-18.814847352900966,-1.4697393047223593
ILF_right,AD,mean,P03-P01,pipeline_01,pipeline_03,30,-8.577900141684668e-05,-8.534923842089997e-05,4.073362617491941e-05,-5.900651702636182,-5.939720652595912,2.590060757260552,-6.675670483733732,-4.197073100200951,-13.188697873044763,-1.112380285745661
ILF_right,AD,mean,P03-P02,pipeline_02,pipeline_03,30,-1.3855836811033271e-06,-3.6368503066999463e-06,3.2698964574347313e-05,-0.10679735319776165,-0.2590804425645268,2.211203779358112,-1.4075116918763173,0.8772830065714534,-4.678739801399859,6.873612878164593
ILF_right,FA,mean,P02-P01,pipeline_01,pipeline_02,30,-0.017196583468212002,-0.018321790061787163,0.015240115983332967,-3.5534912900808093,-3.8419930523967016,3.161005464394962,-5.146938354940687,-2.3082262949837915,-10.79586331555377,3.8150055032785817
ILF_right,FA,mean,P03-P01,pipeline_01,pipeline_03,30,-0.029471549536372477,-0.02807845803964426,0.013748497814111008,-6.3270348295157754,-5.749738171623946,2.9935667457054103,-7.9772075020100415,-4.662095481055363,-14.699488273861157,-1.4720454270982286
ILF_right,FA,mean,P03-P02,pipeline_02,pipeline_03,30,-0.012274966068160482,-0.010028668022081716,0.01385699375415444,-2.774899709364299,-2.1990895020625074,3.14957824238433,-2.8931185761953135,-1.0235829466406294,-11.854998631419436,2.4222344446747117
ILF_right,MD,mean,P02-P01,pipeline_01,pipeline_02,30,-4.385917949287668e-05,-3.5295878677350085e-05,4.676886930256504e-05,-4.6006279441062095,-3.5227754805501785,4.536672826883279,-5.582687052270343,-1.6642753607445275,-21.13843705028486,0.4075019606556069
ILF_right,MD,mean,P03-P01,pipeline_01,pipeline_03,30,-3.4865079399243344e-05,-2.7725283746349912e-05,2.8961431345148167e-05,-3.638143949869242,-2.7995605669007095,2.88006973932077,-5.280870849408199,-1.816779569339443,-10.8032835189276,1.6390343832203065
ILF_right,MD,mean,P03-P02,pipeline_02,pipeline_03,30,8.994100093633325e-06,5.027265137299978e-06,2.9472461318224355e-05,0.9653119644264934,0.5461250509515632,2.9399221286112205,-0.7104033969871661,2.3454115536312834,-4.905779076928647,12.24030735920711
ILF_right,RD,mean,P02-P01,pipeline_01,pipeline_02,30,-2.359205954462999e-05,-1.661334051459998e-05,4.378339742824327e-05,-3.230190975461448,-2.4724402866376,5.8658662547544145,-4.767094735760849,1.073683391322037,-23.51519385371202,4.367712755736585
ILF_right,RD,mean,P03-P01,pipeline_01,pipeline_03,30,-9.408118092846652e-06,-3.5266104814999396e-06,2.6310340270167766e-05,-1.1831297906745561,-0.553177679678199,3.8183470435035267,-4.468302848858255,2.1027533733487,-8.413936920087563,5.324124013569504
ILF_right,RD,mean,P03-P02,pipeline_02,pipeline_03,30,1.4183941451783337e-05,8.926269575199974e-06,3.058981377400974e-05,2.05033757115473,1.396028398210151,4.039047717455131,0.09469333171230522,3.16590899969684,-5.11761032701595,17.564042466565244
UF_left,AD,mean,P02-P01,pipeline_01,pipeline_02,30,-1.6542970504926672e-05,-1.5701487824799996e-05,1.728913198463474e-05,-1.3236002547244226,-1.2442821102305532,1.3550607669294858,-2.0325859733078566,-0.6288944021055372,-4.882403233777904,1.1806578194600015
UF_left,AD,mean,P03-P01,pipeline_01,pipeline_03,30,-3.456768190540334e-05,-3.3516969909300046e-05,2.0321804830851298e-05,-2.8418846423576674,-2.6855989297366913,1.7105097190605094,-3.297669438691319,-1.8807280443886336,-9.311174182777561,-0.5334052155378476
UF_left,AD,mean,P03-P02,pipeline_02,pipeline_03,30,-1.802471140047667e-05,-1.978865069680001e-05,2.0263174115776e-05,-1.5185288508374155,-1.7051605174216427,1.674181345745833,-2.1146727109529384,-0.9276085449397513,-6.860792652320907,3.4378968828744103
UF_left,FA,mean,P02-P01,pipeline_01,pipeline_02,30,-0.009745734491851935,-0.011680049710903806,0.010998824815542176,-2.328021184143476,-2.70126256573677,2.6801766050173925,-4.162965989176788,-0.8706967462100907,-6.696215476132052,3.8565834271664303
UF_left,FA,mean,P03-P01,pipeline_01,pipeline_03,30,-0.028019256003718424,-0.027306892336412286,0.01539149892882436,-6.931422110767344,-6.679386379292961,4.110794044804078,-8.098292773395341,-4.521639628973305,-21.51032246827377,-1.6602161206721506
UF_left,FA,mean,P03-P02,pipeline_02,pipeline_03,30,-0.01827352151186649,-0.01499374835396508,0.01340389115483898,-4.606713385276647,-3.7985520604190364,3.5925412227678546,-5.950844973649715,-2.6082873931639496,-17.12180244835508,1.0289034474365955
UF_left,MD,mean,P02-P01,pipeline_01,pipeline_02,30,-2.614884488290011e-06,-2.5977840469000113e-06,1.0097998510349106e-05,-0.2967857077095232,-0.3235253272562962,1.1739585951634264,-0.7400439392015005,0.5229042956003456,-3.6302836789825217,2.0577215781265834
UF_left,MD,mean,P03-P01,pipeline_01,pipeline_03,30,-1.2475105468800071e-06,-1.9674807474000223e-06,1.0522743450677321e-05,-0.17592091515335107,-0.24648284813394827,1.1929585425836335,-0.942971848145955,0.21418238493738898,-2.0156088427602112,3.31427194261738
UF_left,MD,mean,P03-P02,pipeline_02,pipeline_03,30,1.3673739414100042e-06,-2.8199714620999873e-06,1.5733650148069275e-05,0.12077141663634301,-0.33300691175950675,1.7355592790574328,-0.6881839454286907,0.20632481568194078,-1.4857779694819069,6.389170410322397
UF_left,RD,mean,P02-P01,pipeline_01,pipeline_02,30,4.349159766163343e-06,5.526081893150031e-06,1.1949072369870032e-05,0.7397959698844404,0.9136757909364324,1.9109143028386084,-0.06014213423065298,2.277367379329466,-4.991970856549753,3.3648844741206245
UF_left,RD,mean,P03-P01,pipeline_01,pipeline_03,30,1.5412575954233343e-05,1.3443561326349958e-05,1.4669616845357706e-05,2.4302274416612257,2.249286723671603,2.1261423823601846,1.1715920774862445,3.9136866278164866,-1.7452468054312607,7.180945272292413
UF_left,RD,mean,P03-P02,pipeline_02,pipeline_03,30,1.106341618807e-05,5.755700913350013e-06,1.8338222298478873e-05,1.6902792240905449,0.9286059437443572,2.5912836607792564,0.38471863110764115,2.130133843500812,-1.4928456381004145,9.49636805960453
UF_right,AD,mean,P02-P01,pipeline_01,pipeline_02,30,-1.6004001642379993e-05,-1.6193820153349923e-05,1.610454270273712e-05,-1.2914631095011941,-1.2991105267783274,1.3034446583189956,-1.8632099387816283,-0.601370716213101,-3.7161698877135216,1.2619216426691586
UF_right,AD,mean,P03-P01,pipeline_01,pipeline_03,30,-3.453195928744331e-05,-3.581622412320007e-05,1.804114569588393e-05,-2.8171570250714364,-2.934710256300081,1.4747104968410116,-3.5599404102793324,-1.8481118025869245,-6.35908209578742,-0.34326426156750517
UF_right,AD,mean,P03-P02,pipeline_02,pipeline_03,30,-1.8527957645063316e-05,-1.889463016780009e-05,7.1051045435202155e-06,-1.5259208636864807,-1.5800034830770537,0.5932324469616781,-1.9048930471779548,-1.2642413236840895,-2.734792416742348,-0.13868976405857159
UF_right,FA,mean,P02-P01,pipeline_01,pipeline_02,30,-0.011742626396593845,-0.015342651583041877,0.015158488578399885,-2.7310545406097315,-3.724940815445173,3.7484447308694326,-4.540730364093251,-1.9836419550537165,-10.042293221086384,7.617927429707792
UF_right,FA,mean,P03-P01,pipeline_01,pipeline_03,30,-0.03042106699237502,-0.03388955346396219,0.015255367335987187,-7.512837510328913,-8.037577765496305,3.6923773239649074,-8.979815493572476,-6.59980513262959,-14.628367003212766,2.1879635541702838
UF_right,FA,mean,P03-P02,pipeline_02,pipeline_03,30,-0.01867844059578117,-0.017187439190289006,0.0061909765631360655,-4.7856512051807405,-4.292344578514854,1.6944571962781034,-5.62952293378922,-3.5781430527597524,-8.474733091515072,-2.180236307925705
UF_right,MD,mean,P02-P01,pipeline_01,pipeline_02,30,-1.6940008857399959e-06,1.1408979585499708e-06,1.3313299995661679e-05,-0.17772286389603262,0.1360139991548432,1.5184867829420734,-0.9241444824613281,0.7711976668817958,-6.437294220810787,1.6031368145310696
UF_right,MD,mean,P03-P01,pipeline_01,pipeline_03,30,7.426124356668239e-08,4.4425801289999694e-07,1.3295666954241347e-05,0.012580819077928362,0.05147145212401391,1.5341947771390867,-0.8483401066517557,1.0943243481544493,-5.006972504799877,3.1594903000630485
UF_right,MD,mean,P03-P02,pipeline_02,pipeline_03,30,1.7682621293066783e-06,-1.0192380385000421e-07,6.4508732544730545e-06,0.19035459614156103,-0.011490783771432122,0.7539008096641449,-0.26540199882645976,0.7863625395470415,-1.2369569721741447,1.7543025806564339
UF_right,RD,mean,P02-P01,pipeline_01,pipeline_02,30,5.460999690846654e-06,7.895446203900005e-06,1.810398259853098e-05,0.9638943884951734,1.1938688414127345,2.7169391722184177,0.35049734626781004,2.241188598399593,-8.965880483940296,5.282108054308474
UF_right,RD,mean,P03-P01,pipeline_01,pipeline_03,30,1.737737203652334e-05,1.888453832485002e-05,1.7517790280041516e-05,2.776632858996033,2.965347392301213,2.6664612436902577,1.7853020948804144,4.336084063400277,-5.71818823171209,7.859772548857727
UF_right,RD,mean,P03-P02,pipeline_02,pipeline_03,30,1.1916372345676687e-05,1.019855297735e-05,8.240588891423612e-06,1.813246741396651,1.666457545077109,1.210338995574338,1.1068770343270131,2.5784859113767635,-0.4856033056599809,4.549223511573145
