tract,metric,feature,contrast,scale_factor,estimate_scaled,std_error_scaled,ci_low_95_scaled,ci_high_95_scaled,estimate,std_error,z_value,p_value,ci_low_95,ci_high_95,n_observations,n_subjects,p_fdr_pairwise_120,fdr_significant_pairwise,p_fdr_within_metric_30,fdr_significant_within_metric,ci_width_95
CC_2,AD,mean,P02-P01,100000.0,-1.7765916074196748,0.2495221853428787,-2.265655090691717,-1.2875281241476326,-1.7765916074196748e-05,2.495221853428787e-06,-7.119974542457566,1.0794699984368763e-12,-2.265655090691717e-05,-1.2875281241476327e-05,90,30,4.626299993300898e-12,True,2.6986749960921907e-12,True,9.781269665440843e-06
CC_2,AD,mean,P03-P01,100000.0,-2.443843775773002,0.2495221853428787,-2.9329072590450442,-1.9547802925009599,-2.443843775773002e-05,2.495221853428787e-06,-9.794094150044478,1.1936248893167838e-22,-2.9329072590450442e-05,-1.95478029250096e-05,90,30,7.957499262111892e-22,True,5.968124446583919e-22,True,9.781269665440843e-06
CC_2,AD,mean,P03-P02,100000.0,-0.6672521683533272,0.24952218534287857,-1.1563156516253692,-0.17818868508128527,-6.6725216835332725e-06,2.4952218534287857e-06,-2.6741196075869125,0.007492572349713519,-1.1563156516253692e-05,-1.7818868508128526e-06,90,30,0.011381122556526865,True,0.008991086819656222,True,9.78126966544084e-06
CC_2,FA,mean,P02-P01,100.0,-0.9566731075773938,0.20122974966761983,-1.3510834169259287,-0.5622627982288588,-0.009566731075773938,0.002012297496676198,-4.754133567017668,1.9929925286785676e-06,-0.013510834169259286,-0.005622627982288588,90,30,4.428872285952373e-06,True,2.4912406608482096e-06,True,0.007888206186970698
CC_2,FA,mean,P03-P01,100.0,-1.9059441987380088,0.20122974966761983,-2.3003545080865435,-1.5115338893894739,-0.019059441987380087,0.002012297496676198,-9.471483226939068,2.7589784103376273e-21,-0.023003545080865436,-0.015115338893894738,90,30,1.6553870462025766e-20,True,6.366873254625293e-21,True,0.007888206186970698
CC_2,FA,mean,P03-P02,100.0,-0.949271091160615,0.20122974966761983,-1.34368140050915,-0.5548607818120801,-0.00949271091160615,0.002012297496676198,-4.717349659921401,2.3893684148684044e-06,-0.0134368140050915,-0.005548607818120801,90,30,5.2131674506219735e-06,True,2.867242097842085e-06,True,0.0078882061869707
CC_2,MD,mean,P02-P01,100000.0,-0.3152609419666672,0.2991032754124276,-0.9015033617750253,0.2709814778416909,-3.152609419666672e-06,2.991032754124276e-06,-1.054020359796997,0.2918735958335209,-9.015033617750254e-06,2.709814778416909e-06,90,30,0.34678050990121295,False,0.4864559930558682,False,1.1724848396167163e-05
CC_2,MD,mean,P03-P01,100000.0,-0.0804242590273349,0.2991032754124276,-0.666666678835693,0.5058181607810233,-8.042425902733489e-07,2.991032754124276e-06,-0.2688845814758781,0.7880185023717701,-6.66666678835693e-06,5.058181607810233e-06,90,30,0.8082241049966873,False,0.8151915541776932,False,1.1724848396167163e-05
CC_2,MD,mean,P03-P02,100000.0,0.2348366829393323,0.29910327541242765,-0.35140573686902593,0.8210791027476905,2.348366829393323e-06,2.9910327541242765e-06,0.7851357783211187,0.43237396443013165,-3.5140573686902593e-06,8.210791027476905e-06,90,30,0.4849053806693065,False,0.5639660405610413,False,1.1724848396167163e-05
CC_2,RD,mean,P02-P01,100000.0,0.41540441769866604,0.3614968954114742,-0.2931294973078233,1.1239383327051553,4.15404417698666e-06,3.6149689541147416e-06,1.1491230574078142,0.2505052419862873,-2.931294973078233e-06,1.1239383327051553e-05,90,30,0.3036427175591362,False,0.2783391577625415,False,1.4170678300129787e-05
CC_2,RD,mean,P03-P01,100000.0,1.1012855045949985,0.36149689541147423,0.3927515895885091,1.8098194196014878,1.1012855045949985e-05,3.6149689541147424e-06,3.0464590943207384,0.0023155398364783737,3.927515895885091e-06,1.809819419601488e-05,90,30,0.0037549294645595247,True,0.004086246770255954,True,1.4170678300129787e-05
CC_2,RD,mean,P03-P02,100000.0,0.6858810868963325,0.36149689541147423,-0.022652828110156897,1.3944150019028219,6.858810868963325e-06,3.6149689541147424e-06,1.8973360369129246,0.05778360167437067,-2.2652828110156898e-07,1.3944150019028218e-05,90,30,0.07879582046505092,False,0.07536991522743999,False,1.4170678300129787e-05
CC_7,AD,mean,P02-P01,100000.0,-2.2829559008373552,0.9322767112827351,-4.110218254951516,-0.4556935467231944,-2.282955900837355e-05,9.322767112827351e-06,-2.448796449818207,0.014333442432111404,-4.110218254951516e-05,-4.556935467231944e-06,90,30,0.021500163648167106,True,0.016538587421667004,True,3.654524708228321e-05
CC_7,AD,mean,P03-P01,100000.0,-2.1385319413496906,0.9322767112827351,-3.9657942954638514,-0.3112695872355298,-2.1385319413496906e-05,9.322767112827351e-06,-2.293881114339163,0.02179732849851525,-3.9657942954638515e-05,-3.112695872355298e-06,90,30,0.03151420987737145,True,0.024219253887239167,True,3.654524708228322e-05
CC_7,AD,mean,P03-P02,100000.0,0.14442395948766462,0.9322767112827345,-1.6828383946264949,1.9716863136018241,1.4442395948766462e-06,9.322767112827345e-06,0.15491533547904396,0.876888063637386,-1.6828383946264947e-05,1.971686313601824e-05,90,30,0.8842568708948431,False,0.876888063637386,False,3.654524708228319e-05
CC_7,FA,mean,P02-P01,100.0,-0.19829184525992105,0.25517070183986945,-0.6984264208660652,0.3018427303462231,-0.0019829184525992105,0.0025517070183986943,-0.7770948773905778,0.4371027960270847,-0.006984264208660652,0.003018427303462231,90,30,0.4856697733634274,False,0.4371027960270847,False,0.010002691512122883
CC_7,FA,mean,P03-P01,100.0,-2.8175535142402857,0.25517070183986945,-3.31768808984643,-2.3174189386341415,-0.028175535142402855,0.0025517070183986943,-11.041837851778224,2.400718273937416e-28,-0.033176880898464295,-0.023174189386341415,90,30,2.6189653897499088e-27,True,8.002394246458054e-28,True,0.01000269151212288
CC_7,FA,mean,P03-P02,100.0,-2.6192616689803647,0.25517070183986956,-3.1193962445865093,-2.11912709337422,-0.026192616689803647,0.0025517070183986956,-10.26474297438764,1.0159114455117657e-24,-0.031193962445865094,-0.0211912709337422,90,30,7.619335841338242e-24,True,2.539778613779414e-24,True,0.010002691512122894
CC_7,MD,mean,P02-P01,100000.0,-1.0657976089460106,0.6889523889865936,-2.4161442913597337,0.28454907346771274,-1.0657976089460106e-05,6.889523889865936e-06,-1.5469829642564024,0.12186735362628655,-2.4161442913597337e-05,2.8454907346771276e-06,90,30,0.15895741777341724,False,0.30466838406571634,False,2.7006933648274465e-05
CC_7,MD,mean,P03-P01,100000.0,1.647973109938985,0.6889523889865936,0.2976264275252616,2.9983197923527083,1.647973109938985e-05,6.889523889865936e-06,2.3919985419646363,0.01675690894510734,2.976264275252616e-06,2.9983197923527083e-05,90,30,0.024825050289047912,True,0.07181532405046002,False,2.7006933648274468e-05
CC_7,MD,mean,P03-P02,100000.0,2.7137707188849953,0.6889523889865938,1.3634240364712715,4.064117401298719,2.7137707188849955e-05,6.889523889865938e-06,3.938981506221037,8.182823671009348e-05,1.3634240364712716e-05,4.064117401298719e-05,90,30,0.00015342794383142527,True,0.0006137117753257011,True,2.7006933648274475e-05
CC_7,RD,mean,P02-P01,100000.0,-0.4572184736103373,0.6335930775704801,-1.6990609056484782,0.7846239584278036,-4.572184736103373e-06,6.335930775704801e-06,-0.7216279498563127,0.4705232503700373,-1.6990609056484783e-05,7.846239584278036e-06,90,30,0.5180072481138025,False,0.4770292496830367,False,2.4836848640762817e-05
CC_7,RD,mean,P03-P01,100000.0,3.5412256595773313,0.6335930775704802,2.29938322753919,4.783068091615473,3.5412256595773315e-05,6.335930775704802e-06,5.5891167137687185,2.2822752393208237e-08,2.29938322753919e-05,4.7830680916154727e-05,90,30,6.369140202755787e-08,True,9.781179597089244e-08,True,2.4836848640762827e-05
CC_7,RD,mean,P03-P02,100000.0,3.9984441331876686,0.63359307757048,2.7566017011495276,5.2402865652258095,3.9984441331876686e-05,6.3359307757048e-06,6.310744663625034,2.776960259303595e-10,2.7566017011495277e-05,5.24028656522581e-05,90,30,9.521006603326611e-10,True,2.776960259303595e-09,True,2.483684864076282e-05
CG_left,AD,mean,P02-P01,100000.0,-1.519280875231339,0.3590404989517594,-2.2230002531767874,-0.8155614972858906,-1.519280875231339e-05,3.5904049895175936e-06,-4.231502796110667,2.3213510814692235e-05,-2.2230002531767875e-05,-8.155614972858906e-06,90,30,4.566592291414866e-05,True,3.3162158306703194e-05,True,1.4074387558908969e-05
CG_left,AD,mean,P03-P01,100000.0,-3.0687743513733365,0.3590404989517594,-3.772493729318785,-2.3650549734278883,-3.068774351373337e-05,3.5904049895175936e-06,-8.547153762132156,1.2616106599303731e-17,-3.772493729318785e-05,-2.3650549734278883e-05,90,30,6.881512690529309e-17,True,4.7310399747388996e-17,True,1.4074387558908964e-05
CG_left,AD,mean,P03-P02,100000.0,-1.5494934761419976,0.3590404989517594,-2.253212854087446,-0.8457740981965493,-1.5494934761419976e-05,3.5904049895175936e-06,-4.315650966021488,1.5913325234266115e-05,-2.253212854087446e-05,-8.457740981965492e-06,90,30,3.182665046853223e-05,True,2.3869987851399173e-05,True,1.4074387558908969e-05
CG_left,FA,mean,P02-P01,100.0,-1.3755580021733733,0.2586536320956027,-1.8825191210807546,-0.868596883265992,-0.013755580021733733,0.0025865363209560273,-5.318146863156919,1.0482944097976628e-07,-0.018825191210807547,-0.00868596883265992,90,30,2.734681069037381e-07,True,1.6552016996805203e-07,True,0.010139222378147626
CG_left,FA,mean,P03-P01,100.0,-2.6598103849914887,0.2586536320956027,-3.16677150389887,-2.1528492660841074,-0.026598103849914886,0.0025865363209560273,-10.283290296145458,8.381636735573234e-25,-0.0316677150389887,-0.021528492660841073,90,30,6.705309388458587e-24,True,2.2859009278836096e-24,True,0.010139222378147628
CG_left,FA,mean,P03-P02,100.0,-1.2842523828181154,0.25865363209560266,-1.7912135017254966,-0.7772912639107342,-0.012842523828181154,0.0025865363209560265,-4.9651434329885396,6.865031378274334e-07,-0.017912135017254967,-0.0077729126391073424,90,30,1.6351896834423898e-06,True,9.361406424919547e-07,True,0.010139222378147624
CG_left,MD,mean,P02-P01,100000.0,0.26243635479233207,0.1287989568969428,0.009990399274324213,0.5148823103103399,2.624363547923321e-06,1.287989568969428e-06,2.0375658399339205,0.04159337120653044,9.990399274324213e-08,5.148823103103399e-06,90,30,0.05803726214864713,False,0.1386445706884348,False,5.048919110360157e-06
CG_left,MD,mean,P03-P01,100000.0,0.15648285920199898,0.1287989568969428,-0.09596309631600888,0.40892881472000686,1.5648285920199898e-06,1.287989568969428e-06,1.2149388704072128,0.22438940713811495,-9.596309631600889e-07,4.089288147200069e-06,90,30,0.27759514285127623,False,0.4487788142762299,False,5.048919110360158e-06
CG_left,MD,mean,P03-P02,100000.0,-0.1059534955903331,0.1287989568969428,-0.3583994511083409,0.14649245992767476,-1.059534955903331e-06,1.287989568969428e-06,-0.8226269695267077,0.4107201570404059,-3.5839945110834095e-06,1.4649245992767476e-06,90,30,0.46995482268119015,False,0.5639660405610413,False,5.048919110360157e-06
CG_left,RD,mean,P02-P01,100000.0,1.1532948993106669,0.19989775200042037,0.761495305389843,1.5450944932314907,1.1532948993106668e-05,1.998977520004204e-06,5.769424056896056,7.954291392256492e-09,7.61495305389843e-06,1.5450944932314906e-05,90,30,2.386287417676948e-08,True,4.772574835353896e-08,True,7.835991878416476e-06
CG_left,RD,mean,P03-P01,100000.0,1.769111470366334,0.19989775200042037,1.3773118764455101,2.160911064287158,1.769111470366334e-05,1.998977520004204e-06,8.850081867667095,8.745511884362546e-19,1.3773118764455102e-05,2.160911064287158e-05,90,30,4.997435362492884e-18,True,2.623653565308764e-17,True,7.835991878416478e-06
CG_left,RD,mean,P03-P02,100000.0,0.6158165710556671,0.19989775200042034,0.22401697713484325,1.007616164976491,6.158165710556671e-06,1.9989775200042034e-06,3.0806578107710396,0.00206543869160181,2.2401697713484324e-06,1.007616164976491e-05,90,30,0.003395241684824893,True,0.0038726975467533935,True,7.835991878416478e-06
CG_right,AD,mean,P02-P01,100000.0,-1.3753122142533396,0.3657813868327111,-2.0922437324454535,-0.6583806960612258,-1.3753122142533396e-05,3.6578138683271113e-06,-3.759929465416823,0.00016996127060919837,-2.0922437324454533e-05,-6.5838069606122585e-06,90,30,0.00030440824586722094,True,0.00022168861383808482,True,1.4338630363842275e-05
CG_right,AD,mean,P03-P01,100000.0,-2.5240522201966726,0.36578138683271105,-3.2409837383887865,-1.807120702004559,-2.5240522201966726e-05,3.6578138683271104e-06,-6.900439199633304,5.1842006438707815e-12,-3.2409837383887865e-05,-1.807120702004559e-05,90,30,2.006787346014496e-11,True,1.1109001379723103e-11,True,1.4338630363842275e-05
CG_right,AD,mean,P03-P02,100000.0,-1.148740005943333,0.36578138683271116,-1.865671524135447,-0.43180848775121916,-1.148740005943333e-05,3.6578138683271117e-06,-3.1405097342164794,0.001686541026115921,-1.8656715241354467e-05,-4.318084877512192e-06,90,30,0.0028504918751255004,True,0.002108176282644901,True,1.4338630363842275e-05
CG_right,FA,mean,P02-P01,100.0,-1.0652115949029624,0.31889930012913553,-1.690254223156068,-0.4401689666498567,-0.010652115949029624,0.0031889930012913553,-3.3402757374243657,0.0008369524644030886,-0.01690254223156068,-0.004401689666498568,90,30,0.0014347756532624375,True,0.0008967347832890235,True,0.012500852565062111
CG_right,FA,mean,P03-P01,100.0,-1.9785593394746026,0.31889930012913553,-2.603601967727708,-1.353516711221497,-0.019785593394746025,0.0031889930012913553,-6.204338920384592,5.492729943879601e-10,-0.02603601967727708,-0.013535167112214969,90,30,1.7814259277447353e-09,True,9.154549906466001e-10,True,0.01250085256506211
CG_right,FA,mean,P03-P02,100.0,-0.9133477445716403,0.3188993001291353,-1.5383903728247454,-0.28830511631853506,-0.009133477445716402,0.003188993001291353,-2.8640631829602277,0.004182445759881675,-0.015383903728247455,-0.0028830511631853504,90,30,0.006603861726128961,True,0.004326668027463802,True,0.012500852565062105
CG_right,MD,mean,P02-P01,100000.0,0.0357844904940036,0.10376656212029416,-0.16759797126177295,0.23916695224978013,3.57844904940036e-07,1.0376656212029416e-06,0.3448557007460599,0.7302028555598281,-1.6759797126177295e-06,2.3916695224978014e-06,90,30,0.755382264372236,False,0.7823602023855301,False,4.067649235115531e-06
CG_right,MD,mean,P03-P01,100000.0,-0.11526325035733216,0.10376656212029416,-0.3186457121131087,0.08811921139844438,-1.1526325035733217e-06,1.0376656212029416e-06,-1.110793766335924,0.2666571302913542,-3.1864571211310873e-06,8.811921139844438e-07,90,30,0.31998855634962503,False,0.4705714063965074,False,4.067649235115531e-06
CG_right,MD,mean,P03-P02,100000.0,-0.15104774085133577,0.10376656212029411,-0.3544302026071122,0.05233472090444069,-1.5104774085133576e-06,1.0376656212029412e-06,-1.4556494670819844,0.14548954586632157,-3.544302026071122e-06,5.233472090444069e-07,90,30,0.183776268462722,False,0.33574510584535744,False,4.067649235115529e-06
CG_right,RD,mean,P02-P01,100000.0,0.7413328774753347,0.23851556664224882,0.273842366856527,1.2088233880941424,7.413328774753347e-06,2.385155666422488e-06,3.108111088561633,0.0018828727920154665,2.73842366856527e-06,1.2088233880941424e-05,90,30,0.003138121320025778,True,0.003765745584030933,True,9.349810212376153e-06
CG_right,RD,mean,P03-P01,100000.0,1.089131267665668,0.23851556664224885,0.6216407570468602,1.5566217782844758,1.089131267665668e-05,2.3851556664224886e-06,4.566290087469484,4.964316669710827e-06,6.216407570468602e-06,1.5566217782844757e-05,90,30,1.0271000006298263e-05,True,1.4892950009132482e-05,True,9.349810212376155e-06
CG_right,RD,mean,P03-P02,100000.0,0.3477983901903332,0.23851556664224885,-0.11969212042847455,0.815288900809141,3.477983901903332e-06,2.3851556664224886e-06,1.4581789989078509,0.14479121087281066,-1.1969212042847456e-06,8.15288900809141e-06,90,30,0.183776268462722,False,0.16706678177631998,False,9.349810212376156e-06
IFO_left,AD,mean,P02-P01,100000.0,-1.6451478836376656,0.4210959929490662,-2.470496029817835,-0.8197997374574959,-1.6451478836376656e-05,4.210959929490662e-06,-3.906823886202724,9.35172629351588e-05,-2.470496029817835e-05,-8.19799737457496e-06,90,30,0.00017264725464952396,True,0.00012752354036612564,True,1.650696292360339e-05
IFO_left,AD,mean,P03-P01,100000.0,-4.090486630515669,0.4210959929490662,-4.915834776695839,-3.2651384843354996,-4.090486630515669e-05,4.210959929490662e-06,-9.713905377889539,2.6306023331124134e-22,-4.9158347766958385e-05,-3.2651384843354995e-05,90,30,1.6614330524920507e-21,True,1.12740099990532e-21,True,1.650696292360339e-05
IFO_left,AD,mean,P03-P02,100000.0,-2.4453387468780035,0.42109599294906613,-3.270686893058173,-1.6199906006978337,-2.4453387468780034e-05,4.2109599294906614e-06,-5.807081491686815,6.35711998374498e-09,-3.270686893058173e-05,-1.619990600697834e-05,90,30,1.9560369180753783e-08,True,1.1919599969521837e-08,True,1.6506962923603393e-05
IFO_left,FA,mean,P02-P01,100.0,-1.3769641022243355,0.1277232063593188,-1.6273015866886005,-1.1266266177600706,-0.013769641022243356,0.0012772320635931881,-10.780845090520005,4.2397255899670436e-27,-0.016273015866886006,-0.011266266177600705,90,30,4.2397255899670436e-26,True,1.271917676990113e-26,True,0.0050067496892853
IFO_left,FA,mean,P03-P01,100.0,-3.0933763450179654,0.1277232063593188,-3.34371382948223,-2.8430388605537007,-0.030933763450179654,0.0012772320635931881,-24.219375892549145,1.3906214932338291e-129,-0.033437138294822304,-0.028430388605537007,90,30,1.668745791880595e-127,True,4.1718644797014873e-128,True,0.005006749689285297
IFO_left,FA,mean,P03-P02,100.0,-1.71641224279363,0.12772320635931889,-1.9667497272578949,-1.466074758329365,-0.017164122427936298,0.0012772320635931888,-13.438530802029131,3.595035073360414e-41,-0.019667497272578948,-0.01466074758329365,90,30,1.0785105220081241e-39,True,3.5950350733604136e-40,True,0.0050067496892852986
IFO_left,MD,mean,P02-P01,100000.0,0.2936946496650001,0.37029103557096904,-0.43207578005409925,1.0194650793840994,2.9369464966500007e-06,3.7029103557096905e-06,0.7931454489902479,0.4276930858172191,-4.320757800540993e-06,1.0194650793840993e-05,90,30,0.4841808518685499,False,0.5639660405610413,False,1.4515408594381986e-05
IFO_left,MD,mean,P03-P01,100000.0,0.1515624953029996,0.37029103557096904,-0.5742079344160997,0.8773329250220989,1.515624953029996e-06,3.7029103557096905e-06,0.4093064123718207,0.6823148102999257,-5.742079344160997e-06,8.773329250220989e-06,90,30,0.7182261161051849,False,0.7789975034658586,False,1.4515408594381986e-05
IFO_left,MD,mean,P03-P02,100000.0,-0.1421321543620005,0.37029103557096893,-0.8679025840810997,0.5836382753570986,-1.421321543620005e-06,3.7029103557096892e-06,-0.3838390366184273,0.7010977531192728,-8.679025840810997e-06,5.836382753570986e-06,90,30,0.7315802641244585,False,0.7789975034658586,False,1.4515408594381983e-05
IFO_left,RD,mean,P02-P01,100000.0,1.2631159917660046,0.3655670684474664,0.5466045376089705,1.9796274459230387,1.2631159917660047e-05,3.655670684474664e-06,3.4552236806514207,0.0005498364613226764,5.466045376089705e-06,1.979627445923039e-05,90,30,0.0009562373240394373,True,0.0011782209885485922,True,1.4330229083140685e-05
IFO_left,RD,mean,P03-P01,100000.0,2.2725870913133375,0.3655670684474664,1.5560756371563034,2.9890985454703713,2.2725870913133376e-05,3.655670684474664e-06,6.216607805962473,5.080173953102266e-10,1.5560756371563035e-05,2.9890985454703713e-05,90,30,1.6933913177007553e-09,True,3.8101304648267e-09,True,1.4330229083140678e-05
IFO_left,RD,mean,P03-P02,100000.0,1.0094710995473328,0.3655670684474663,0.29295964539029895,1.7259825537043667,1.0094710995473329e-05,3.655670684474663e-06,2.761384125311054,0.00575569367450292,2.9295964539029897e-06,1.7259825537043668e-05,90,30,0.008854913345389107,True,0.009087937380794085,True,1.4330229083140678e-05
IFO_right,AD,mean,P02-P01,100000.0,-2.629848130192659,0.32751858452199384,-3.271784555855767,-1.987911704529551,-2.629848130192659e-05,3.2751858452199382e-06,-8.029614972936159,9.777904096032321e-16,-3.271784555855767e-05,-1.9879117045295508e-05,90,30,4.6933939660955144e-15,True,2.9333712288096964e-15,True,1.2838728513262165e-05
IFO_right,AD,mean,P03-P01,100000.0,-4.4801626687489895,0.3275185845219939,-5.122099094412097,-3.8382262430858813,-4.480162668748989e-05,3.275185845219939e-06,-13.679109768038622,1.353394746710472e-42,-5.122099094412097e-05,-3.8382262430858816e-05,90,30,5.413578986841887e-41,True,4.060184240131416e-41,True,1.2838728513262155e-05
IFO_right,AD,mean,P03-P02,100000.0,-1.8503145385563307,0.327518584521994,-2.492250964219439,-1.2083781128932225,-1.8503145385563308e-05,3.27518584521994e-06,-5.649494795102461,1.6092005744065883e-08,-2.492250964219439e-05,-1.2083781128932225e-05,90,30,4.7098553397266e-08,True,2.8397657195410382e-08,True,1.2838728513262163e-05
IFO_right,FA,mean,P02-P01,100.0,-0.7699524279873765,0.16441799868027374,-1.092211705400713,-0.44769315057403997,-0.007699524279873765,0.0016441799868027374,-4.682896241089891,2.828497076614782e-06,-0.01092211705400713,-0.0044769315057404,90,30,6.061065164174533e-06,True,3.2636504730170563e-06,True,0.006445185548266731
IFO_right,FA,mean,P03-P01,100.0,-2.743226019701535,0.16441799868027374,-3.0654852971148716,-2.4209667422881984,-0.02743226019701535,0.0016441799868027374,-16.684463025462293,1.7002794851064503e-62,-0.030654852971148717,-0.024209667422881984,90,30,1.0201676910638702e-60,True,2.5504192276596755e-61,True,0.006445185548266733
IFO_right,FA,mean,P03-P02,100.0,-1.9732735917141584,0.16441799868027374,-2.295532869127495,-1.6510143143008218,-0.019732735917141583,0.0016441799868027374,-12.0015667843724,3.486334173948436e-33,-0.02295532869127495,-0.016510143143008218,90,30,5.229501260922654e-32,True,1.743167086974218e-32,True,0.006445185548266733
IFO_right,MD,mean,P02-P01,100000.0,-1.0603885296520035,0.28908878293274337,-1.6270025442001805,-0.49377451510382653,-1.0603885296520035e-05,2.8908878293274336e-06,-3.6680376142394406,0.0002444192328144606,-1.6270025442001806e-05,-4.937745151038265e-06,90,30,0.0004313280579078716,True,0.0014665153968867635,True,1.133228029096354e-05
IFO_right,MD,mean,P03-P01,100000.0,-0.5413920778846707,0.28908878293274337,-1.1080060924328476,0.02522193666350625,-5.4139207788467066e-06,2.8908878293274336e-06,-1.8727536654738548,0.06110240896367694,-1.1080060924328476e-05,2.522193666350625e-07,90,30,0.08238527051282284,False,0.18330722689103082,False,1.1332280290963539e-05
IFO_right,MD,mean,P03-P02,100000.0,0.5189964517673328,0.2890887829327433,-0.04761756278084406,1.0856104663155097,5.189964517673328e-06,2.8908878293274332e-06,1.795283948765586,0.07260847108812785,-4.761756278084406e-07,1.0856104663155097e-05,90,30,0.09681129478417046,False,0.1980231029676214,False,1.1332280290963537e-05
IFO_right,RD,mean,P02-P01,100000.0,-0.27565866189033184,0.306606061145751,-0.8766065417360038,0.32528921795534016,-2.7565866189033182e-06,3.06606061145751e-06,-0.8990646201194707,0.36861824178490876,-8.766065417360038e-06,3.2528921795534017e-06,90,30,0.4336685197469515,False,0.39494811619811654,False,1.2018957596913439e-05
IFO_right,RD,mean,P03-P01,100000.0,1.4279932475373356,0.306606061145751,0.8270453676916636,2.028941127383008,1.4279932475373356e-05,3.06606061145751e-06,4.657420150799014,3.201965510525183e-06,8.270453676916635e-06,2.0289411273830078e-05,90,30,6.74098002215828e-06,True,1.0673218368417278e-05,True,1.2018957596913442e-05
IFO_right,RD,mean,P03-P02,100000.0,1.7036519094276674,0.306606061145751,1.1027040295819954,2.3045997892733396,1.7036519094276675e-05,3.06606061145751e-06,5.556484770918486,2.752617244881673e-08,1.1027040295819954e-05,2.3045997892733398e-05,90,30,7.507137940586381e-08,True,1.0322314668306273e-07,True,1.2018957596913444e-05
ILF_left,AD,mean,P02-P01,100000.0,-6.58940911513701,0.7835077178702947,-8.125084242162787,-5.053733988111232,-6.58940911513701e-05,7.835077178702946e-06,-8.41013938324453,4.095237722868472e-17,-8.125084242162787e-05,-5.053733988111232e-05,90,30,2.1366457684531158e-16,True,1.3650792409561574e-16,True,3.0713502540515544e-05
ILF_left,AD,mean,P03-P01,100000.0,-6.108959317825678,0.7835077178702947,-7.644634444851456,-4.5732841907999005,-6.108959317825678e-05,7.835077178702946e-06,-7.796935726977717,6.342852544757332e-15,-7.644634444851456e-05,-4.573284190799901e-05,90,30,2.927470405272615e-14,True,1.7298688758429087e-14,True,3.071350254051555e-05
ILF_left,AD,mean,P03-P02,100000.0,0.48044979731133175,0.7835077178702945,-1.0552253297144454,2.0161249243371087,4.804497973113317e-06,7.835077178702945e-06,0.6132036562668137,0.5397416874988772,-1.0552253297144454e-05,2.0161249243371085e-05,90,30,0.5782946651773684,False,0.5782946651773684,False,3.071350254051554e-05
ILF_left,FA,mean,P02-P01,100.0,-1.652562684604497,0.23652855823326302,-2.1161586587416923,-1.1889667104673014,-0.01652562684604497,0.00236528558233263,-6.986736387978781,2.8135416965374477e-12,-0.021161586587416924,-0.011889667104673015,90,30,1.1254166786149791e-11,True,5.2753906810077144e-12,True,0.009271919482743909
ILF_left,FA,mean,P03-P01,100.0,-2.860882711273066,0.23652855823326302,-3.3244786854102615,-2.3972867371358704,-0.028608827112730658,0.00236528558233263,-12.095295099425925,1.118396546259303e-33,-0.03324478685410261,-0.023972867371358703,90,30,1.917251222158805e-32,True,6.710379277555818e-33,True,0.00927191948274391
ILF_left,FA,mean,P03-P02,100.0,-1.208320026668569,0.2365285582332629,-1.6719160008057643,-0.7447240525313736,-0.01208320026668569,0.002365285582332629,-5.108558711447147,3.2462553673308586e-07,-0.01671916000805764,-0.007447240525313736,90,30,8.115638418327146e-07,True,4.869383050996288e-07,True,0.009271919482743906
ILF_left,MD,mean,P02-P01,100000.0,-3.0993267404669975,0.6245157371504109,-4.323377585281802,-1.8752758956521922,-3.0993267404669974e-05,6.245157371504109e-06,-4.962768039455415,6.949556154630157e-07,-4.3233775852818024e-05,-1.8752758956521923e-05,90,30,1.6351896834423898e-06,True,6.949556154630156e-06,True,2.44810168962961e-05
ILF_left,MD,mean,P03-P01,100000.0,-1.751065411617664,0.624515737150411,-2.97511625643247,-0.5270145668028585,-1.751065411617664e-05,6.2451573715041095e-06,-2.803877160257901,0.00504921382885525,-2.9751162564324697e-05,-5.2701456680285855e-06,90,30,0.007868904668345843,True,0.02524606914427625,True,2.448101689629611e-05
ILF_left,MD,mean,P03-P02,100000.0,1.3482613288493335,0.6245157371504111,0.12421048403452772,2.5723121736641392,1.3482613288493334e-05,6.245157371504111e-06,2.158890879197512,0.030858633639929575,1.2421048403452772e-06,2.572312173664139e-05,90,30,0.043565129844606455,True,0.1157198761497359,False,2.4481016896296114e-05
ILF_left,RD,mean,P02-P01,100000.0,-1.3542855337236681,0.6017274124178998,-2.533671262062752,-0.1748998053845845,-1.3542855337236682e-05,6.017274124178998e-06,-2.2506628512764455,0.024406899337501668,-2.533671262062752e-05,-1.748998053845845e-06,90,30,0.034866999053573815,True,0.034866999053573815,True,2.3587714566781674e-05
ILF_left,RD,mean,P03-P01,100000.0,0.42788158503499735,0.6017274124178998,-0.7515041433040863,1.607267313374081,4.278815850349974e-06,6.017274124178998e-06,0.7110887358707093,0.4770292496830367,-7.515041433040863e-06,1.607267313374081e-05,90,30,0.5203955451087674,False,0.4770292496830367,False,2.358771456678167e-05
ILF_left,RD,mean,P03-P02,100000.0,1.7821671187586654,0.6017274124179,0.6027813904195816,2.9615528470977495,1.7821671187586654e-05,6.017274124179e-06,2.961751587147154,0.0030589447007107876,6.027813904195816e-06,2.9615528470977496e-05,90,30,0.00489431152113726,True,0.005098241167851313,True,2.358771456678168e-05
ILF_right,AD,mean,P02-P01,100000.0,-8.43934177357433,0.8184174002812843,-10.043439878125648,-6.835243669023013,-8.439341773574331e-05,8.184174002812843e-06,-10.31178194729705,6.233465525096411e-25,-0.00010043439878125648,-6.835243669023013e-05,90,30,5.3429704500826374e-24,True,4.6750991438223084e-24,True,3.2081962091026346e-05
ILF_right,AD,mean,P03-P01,100000.0,-8.577900141684665,0.8184174002812843,-10.181998246235983,-6.973802037133348,-8.577900141684665e-05,8.184174002812843e-06,-10.481082316598476,1.0552905315202139e-25,-0.00010181998246235983,-6.973802037133347e-05,90,30,9.741143367878897e-25,True,1.0552905315202138e-24,True,3.208196209102636e-05
ILF_right,AD,mean,P03-P02,100000.0,-0.13855836811033484,0.8184174002812845,-1.7426564726616525,1.4655397364409828,-1.3855836811033483e-06,8.184174002812845e-06,-0.16930036930142647,0.8655603855147177,-1.7426564726616526e-05,1.4655397364409827e-05,90,30,0.8802309005234418,False,0.876888063637386,False,3.208196209102635e-05
ILF_right,FA,mean,P02-P01,100.0,-1.7196583468211952,0.2566612049135393,-2.2227143084517325,-1.2166023851906582,-0.017196583468211953,0.0025666120491353926,-6.7001101603979905,2.0826247973889423e-11,-0.022227143084517325,-0.012166023851906582,90,30,7.573181081414335e-11,True,3.675220230686369e-11,True,0.010061119232610743
ILF_right,FA,mean,P03-P01,100.0,-2.9471549536372432,0.2566612049135392,-3.45021091526778,-2.4440989920067064,-0.029471549536372432,0.002566612049135392,-11.48266624334614,1.6123056047590494e-30,-0.0345021091526778,-0.024440989920067064,90,30,1.9347667257108594e-29,True,6.046146017846435e-30,True,0.010061119232610733
ILF_right,FA,mean,P03-P02,100.0,-1.227496606816048,0.25666120491353933,-1.7305525684465852,-0.7244406451855109,-0.01227496606816048,0.0025666120491353935,-4.782556082948146,1.7308007543037414e-06,-0.01730552568446585,-0.007244406451855109,90,30,3.994155586854788e-06,True,2.2575662012657493e-06,True,0.010061119232610742
ILF_right,MD,mean,P02-P01,100000.0,-4.385917949287659,0.6467781154192858,-5.653603055509459,-3.1182328430658592,-4.385917949287659e-05,6.467781154192858e-06,-6.781178652658041,1.191993642449552e-11,-5.653603055509459e-05,-3.118232843065859e-05,90,30,4.46997615918582e-11,True,3.575980927348656e-10,True,2.5353702124435997e-05
ILF_right,MD,mean,P03-P01,100000.0,-3.486507939924326,0.6467781154192858,-4.754193046146126,-2.218822833702526,-3.486507939924326e-05,6.467781154192858e-06,-5.390578092865949,7.02313872126469e-08,-4.754193046146126e-05,-2.218822833702526e-05,90,30,1.8728369923372505e-07,True,1.0534708081897036e-06,True,2.5353702124436e-05
ILF_right,MD,mean,P03-P02,100000.0,0.8994100093633333,0.6467781154192862,-0.3682750968584676,2.167095115585134,8.994100093633332e-06,6.467781154192862e-06,1.3906005597920914,0.16434658651520428,-3.682750968584676e-06,2.167095115585134e-05,90,30,0.20543323314400536,False,0.35217125681829486,False,2.5353702124436018e-05
ILF_right,RD,mean,P02-P01,100000.0,-2.3592059544630026,0.617054308552022,-3.568632399224966,-1.1497795097010395,-2.3592059544630027e-05,6.1705430855202205e-06,-3.8233360042475173,0.00013165817080305827,-3.568632399224966e-05,-1.1497795097010395e-05,90,30,0.00023937849236919682,True,0.0003038265480070575,True,2.4188528895239263e-05
ILF_right,RD,mean,P03-P01,100000.0,-0.9408118092846675,0.617054308552022,-2.1502382540466307,0.2686146354772957,-9.408118092846674e-06,6.1705430855202205e-06,-1.5246823435888064,0.1273383477588142,-2.1502382540466306e-05,2.6861463547729568e-06,90,30,0.16430754549524412,False,0.15280601731057702,False,2.4188528895239263e-05
ILF_right,RD,mean,P03-P02,100000.0,1.4183941451783353,0.6170543085520219,0.20896770041637236,2.627820589940298,1.4183941451783353e-05,6.17054308552022e-06,2.2986536606587116,0.021524613849699024,2.0896770041637235e-06,2.627820589940298e-05,90,30,0.03149943490199857,True,0.03228692077454854,True,2.4188528895239256e-05
UF_left,AD,mean,P02-P01,100000.0,-1.6542970504926626,0.3472251423013581,-2.3348583294033247,-0.9737357715820008,-1.6542970504926625e-05,3.4722514230135808e-06,-4.764335438177722,1.894770774830659e-06,-2.3348583294033246e-05,-9.737357715820007e-06,90,30,4.290047037352436e-06,True,2.991743328679988e-06,True,1.361122557821324e-05
UF_left,AD,mean,P03-P01,100000.0,-3.456768190540329,0.3472251423013581,-4.137329469450991,-2.776206911629667,-3.4567681905403295e-05,3.4722514230135808e-06,-9.955408665482485,2.3883956054961344e-23,-4.137329469450991e-05,-2.776206911629667e-05,90,30,1.6859263097619772e-22,True,1.4330373632976808e-22,True,1.361122557821324e-05
UF_left,AD,mean,P03-P02,100000.0,-1.8024711400476665,0.3472251423013582,-2.4830324189583286,-1.1219098611370044,-1.8024711400476666e-05,3.472251423013582e-06,-5.191073227304761,2.0908536832513988e-07,-2.4830324189583288e-05,-1.1219098611370045e-05,90,30,5.338349829578039e-07,True,3.4847561387523314e-07,True,1.3611225578213243e-05
UF_left,FA,mean,P02-P01,100.0,-0.9745734491851958,0.2402833962183566,-1.4455289057731748,-0.5036179925972168,-0.00974573449185196,0.002402833962183566,-4.055933387505294,4.9934490196409275e-05,-0.014455289057731748,-0.005036179925972169,90,30,9.664740038014698e-05,True,5.548276688489919e-05,True,0.009419109131759579
UF_left,FA,mean,P03-P01,100.0,-2.801925600371845,0.2402833962183566,-3.272881056959824,-2.330970143783866,-0.02801925600371845,0.002402833962183566,-11.660920581568632,2.0184812266288872e-31,-0.03272881056959824,-0.02330970143783866,90,30,2.69130830217185e-30,True,8.650633828409517e-31,True,0.00941910913175958
UF_left,FA,mean,P03-P02,100.0,-1.827352151186649,0.24028339621835648,-2.298307607774628,-1.3563966945986703,-0.01827352151186649,0.0024028339621835646,-7.604987194063342,2.84932105678001e-14,-0.02298307607774628,-0.013563966945986702,90,30,1.266364914124449e-13,True,5.69864211356002e-14,True,0.009419109131759577
UF_left,MD,mean,P02-P01,100000.0,-0.26148844882900285,0.22233712323911076,-0.6972692103776599,0.17429231271965423,-2.6148844882900285e-06,2.2233712323911077e-06,-1.1760899170571129,0.23955894667470212,-6.972692103776599e-06,1.7429231271965424e-06,90,30,0.29333748572412505,False,0.4491730250150665,False,8.715615230973141e-06
UF_left,MD,mean,P03-P01,100000.0,-0.12475105468800063,0.22233712323911078,-0.5605318162366577,0.3110297068606565,-1.2475105468800063e-06,2.2233712323911077e-06,-0.5610896321341625,0.5747364356548257,-5.605318162366577e-06,3.110297068606565e-06,90,30,0.6103395776865406,False,0.6896837227857908,False,8.715615230973141e-06
UF_left,MD,mean,P03-P02,100000.0,0.13673739414100222,0.22233712323911067,-0.2990433674076547,0.5725181556896591,1.3673739414100222e-06,2.223371232391107e-06,0.6150002849229504,0.5385545322615328,-2.990433674076547e-06,5.725181556896591e-06,90,30,0.5782946651773684,False,0.673193165326916,False,8.715615230973138e-06
UF_left,RD,mean,P02-P01,100000.0,0.4349159766163352,0.27307946397031824,-0.10031977276548854,0.9701517259981589,4.349159766163352e-06,2.7307946397031825e-06,1.592635236253457,0.11124204401272927,-1.0031977276548853e-06,9.70151725998159e-06,90,30,0.14669280529151113,False,0.13905255501591157,False,1.0704714987636475e-05
UF_left,RD,mean,P03-P01,100000.0,1.5412575954233345,0.27307946397031824,1.0060218460415107,2.0764933448051583,1.5412575954233346e-05,2.7307946397031825e-06,5.643989383217986,1.661543242560153e-08,1.0060218460415107e-05,2.0764933448051585e-05,90,30,4.7472664073147234e-08,True,8.307716212800764e-08,True,1.0704714987636477e-05
UF_left,RD,mean,P03-P02,100000.0,1.1063416188069994,0.27307946397031824,0.5711058694251757,1.6415773681888233,1.1063416188069995e-05,2.7307946397031825e-06,4.0513541469645284,5.092206471560703e-05,5.711058694251757e-06,1.6415773681888234e-05,90,30,9.699440898210862e-05,True,0.00012730516178901757,True,1.0704714987636477e-05
UF_right,AD,mean,P02-P01,100000.0,-1.600400164238001,0.2612279009836255,-2.112406850165907,-1.088393478310095,-1.600400164238001e-05,2.6122790098362552e-06,-6.126451876740067,8.986036818771092e-10,-2.112406850165907e-05,-1.088393478310095e-05,90,30,2.837695837506661e-09,True,1.7972073637542184e-09,True,1.024013371855812e-05
UF_right,AD,mean,P03-P01,100000.0,-3.4531959287443326,0.2612279009836255,-3.9652026146722386,-2.9411892428164266,-3.453195928744332e-05,2.6122790098362552e-06,-13.219093043819957,6.807988459530538e-40,-3.965202614672239e-05,-2.9411892428164266e-05,90,30,1.6339172302873292e-38,True,1.0211982689295807e-38,True,1.0240133718558121e-05
UF_right,AD,mean,P03-P02,100000.0,-1.8527957645063315,0.2612279009836255,-2.3648024504342375,-1.3407890785784256,-1.8527957645063316e-05,2.6122790098362552e-06,-7.092641167079889,1.3157630960103989e-12,-2.3648024504342377e-05,-1.3407890785784256e-05,90,30,5.444536949008547e-12,True,3.0363763754086126e-12,True,1.0240133718558121e-05
UF_right,FA,mean,P02-P01,100.0,-1.1742626396593856,0.23193579827272756,-1.6288568042739315,-0.7196684750448397,-0.011742626396593856,0.0023193579827272756,-5.062877953314474,4.1297424918095327e-07,-0.016288568042739315,-0.007196684750448396,90,30,1.011365508198253e-06,True,5.899632131156476e-07,True,0.00909188329229092
UF_right,FA,mean,P03-P01,100.0,-3.0421066992375025,0.23193579827272756,-3.4967008638520487,-2.5875125346229564,-0.030421066992375026,0.0023193579827272756,-13.116158531337904,2.660846610290069e-39,-0.03496700863852049,-0.025875125346229565,90,30,5.321693220580138e-38,True,1.9956349577175518e-38,True,0.009091883292290923
UF_right,FA,mean,P03-P02,100.0,-1.867844059578117,0.2319357982727275,-2.3224382241926627,-1.413249894963571,-0.01867844059578117,0.002319357982727275,-8.053280578023431,8.060383704954481e-16,-0.023224382241926626,-0.01413249894963571,90,30,4.03019185247724e-15,True,1.7272250796331031e-15,True,0.009091883292290916
UF_right,MD,mean,P02-P01,100000.0,-0.16940008857399955,0.20614168376265163,-0.5734377887487967,0.23463761160079763,-1.6940008857399954e-06,2.0614168376265162e-06,-0.8217653289814214,0.41121046984604137,-5.734377887487967e-06,2.3463761160079764e-06,90,30,0.46995482268119015,False,0.5639660405610413,False,8.080754003495944e-06
UF_right,MD,mean,P03-P01,100000.0,0.007426124356669202,0.20614168376265163,-0.39661157581812795,0.4114638245314664,7.426124356669201e-08,2.0614168376265162e-06,0.03602437033171577,0.9712629268487019,-3.966115758181279e-06,4.114638245314664e-06,90,30,0.9712629268487019,False,0.9712629268487019,False,8.080754003495944e-06
UF_right,MD,mean,P03-P02,100000.0,0.17682621293066875,0.20614168376265152,-0.2272114872441282,0.5808639131054657,1.7682621293066874e-06,2.061416837626515e-06,0.8577896993131376,0.3910085986477416,-2.272114872441282e-06,5.808639131054657e-06,90,30,0.4555439984245534,False,0.5639660405610413,False,8.080754003495939e-06
UF_right,RD,mean,P02-P01,100000.0,0.5460999690846635,0.27469523312777094,0.007697312154232527,1.0845026260150945,5.460999690846635e-06,2.7469523312777096e-06,1.9880212804080666,0.04680933647582053,7.697312154232527e-08,1.0845026260150945e-05,90,30,0.06456460203561452,False,0.0638309133761189,False,1.076805313860862e-05
UF_right,RD,mean,P03-P01,100000.0,1.7377372036523315,0.27469523312777094,1.1993345467219005,2.2761398605827625,1.7377372036523316e-05,2.7469523312777096e-06,6.3260551843797215,2.5150790171834044e-10,1.1993345467219005e-05,2.2761398605827627e-05,90,30,8.876749472412015e-10,True,2.776960259303595e-09,True,1.0768053138608621e-05
UF_right,RD,mean,P03-P02,100000.0,1.191637234567668,0.2746952331277711,0.6532345776372367,1.7300398914980994,1.191637234567668e-05,2.7469523312777113e-06,4.3380339039716524,1.4376298181487008e-05,6.532345776372367e-06,1.7300398914980994e-05,90,30,2.923992850471934e-05,True,3.920808594951002e-05,True,1.0768053138608628e-05
